Id,label
GEO_R01_1984_1280,4
GEO_R01_0640_0000,4
GEO_R01_0896_2112,4
GEO_R01_1440_0928,4
GEO_R01_1856_2112,4
GEO_R01_1440_1792,4
GEO_R01_0576_1024,4
GEO_R01_1792_2240,4
GEO_R01_2080_0672,4
GEO_R01_0992_1344,4
GEO_R01_0960_1376,4
GEO_R01_0672_1920,4
GEO_R01_0576_1184,4
GEO_R01_0384_0192,4
GEO_R01_0768_1248,4
GEO_R01_1888_0992,4
GEO_R01_0128_2144,4
GEO_R01_1280_1888,4
GEO_R01_1568_1024,4
GEO_R01_0672_0576,4
GEO_R01_0960_1600,0
GEO_R01_0128_2016,4
GEO_R01_1568_1504,4
GEO_R01_0160_1984,4
GEO_R01_1312_0736,4
GEO_R01_1856_0608,4
GEO_R01_1088_0704,4
GEO_R01_0512_2176,4
GEO_R01_0992_2304,4
GEO_R01_1248_1088,4
GEO_R01_1472_1824,4
GEO_R01_1408_1568,4
GEO_R01_1952_1760,4
GEO_R01_1664_1632,4
GEO_R01_0992_1440,4
GEO_R01_2016_1600,4
GEO_R01_0640_0288,4
GEO_R01_0256_1888,4
GEO_R01_0544_1344,4
GEO_R01_1888_1664,4
GEO_R01_1184_0736,4
GEO_R01_0544_1760,4
GEO_R01_1856_1792,4
GEO_R01_1440_0320,4
GEO_R01_0640_0864,4
GEO_R01_2176_1088,4
GEO_R01_2208_1120,4
GEO_R01_1376_1216,4
GEO_R01_2016_0960,4
GEO_R01_1728_1824,4
GEO_R01_0320_2368,4
GEO_R01_0096_1984,4
GEO_R01_1888_1792,4
GEO_R01_0896_2240,4
GEO_R01_0960_2336,4
GEO_R01_1280_1344,4
GEO_R01_0544_1568,4
GEO_R01_2016_1536,4
GEO_R01_0704_2144,4
GEO_R01_1312_1440,4
GEO_R01_0576_0768,4
GEO_R01_0544_0224,4
GEO_R01_1024_1120,4
GEO_R01_0416_0608,4
GEO_R01_1344_1696,4
GEO_R01_1504_1536,4
GEO_R01_0608_1696,4
GEO_R01_0544_0032,4
GEO_R01_0128_1184,4
GEO_R01_1760_1632,4
GEO_R01_1024_1376,4
GEO_R01_1600_0960,4
GEO_R01_2048_0704,4
GEO_R01_0512_1504,4
GEO_R01_0224_1248,4
GEO_R01_1920_1152,4
GEO_R01_0384_1376,4
GEO_R01_0896_1472,4
GEO_R01_1696_2144,4
GEO_R01_0736_1408,4
GEO_R01_0928_2016,4
GEO_R01_0032_0128,4
GEO_R01_0736_1792,4
GEO_R01_0000_0832,4
GEO_R01_1888_0608,4
GEO_R01_0128_0512,4
GEO_R01_1504_1088,4
GEO_R01_0384_0448,4
GEO_R01_1568_1984,4
GEO_R01_0224_1920,4
GEO_R01_0736_0640,4
GEO_R01_1344_1824,4
GEO_R01_1184_1152,4
GEO_R01_1760_1088,4
GEO_R01_1696_2048,4
GEO_R01_1472_0608,4
GEO_R01_1408_1632,4
GEO_R01_1344_1120,4
GEO_R01_2048_0992,4
GEO_R01_0992_1632,0
GEO_R01_2304_1056,4
GEO_R01_1088_1568,4
GEO_R01_0416_2048,4
GEO_R01_0288_1888,4
GEO_R01_0256_0672,4
GEO_R01_1984_1120,4
GEO_R01_1664_0992,4
GEO_R01_1568_0864,4
GEO_R01_0480_1632,4
GEO_R01_0160_1856,4
GEO_R01_1152_1792,4
GEO_R01_1344_0512,4
GEO_R01_2080_1664,4
GEO_R01_0896_0736,4
GEO_R01_1536_0480,4
GEO_R01_0800_1984,4
GEO_R01_1184_0608,4
GEO_R01_1472_0032,4
GEO_R01_1376_1824,4
GEO_R01_1152_1216,4
GEO_R01_0608_1248,4
GEO_R01_0864_2048,4
GEO_R01_1760_2048,4
GEO_R01_0992_2368,4
GEO_R01_0608_2144,4
GEO_R01_1760_1760,4
GEO_R01_1696_0960,4
GEO_R01_1536_1312,4
GEO_R01_0864_0416,4
GEO_R01_0448_0704,4
GEO_R01_0768_2048,4
GEO_R01_0352_1984,4
GEO_R01_1600_1280,4
GEO_R01_0864_1376,4
GEO_R01_1504_1728,4
GEO_R01_1376_1024,4
GEO_R01_1440_0640,4
GEO_R01_0064_2144,4
GEO_R01_0064_0544,4
GEO_R01_2048_1024,4
GEO_R01_0064_0416,4
GEO_R01_1440_0544,4
GEO_R01_2080_0640,4
GEO_R01_1056_0864,4
GEO_R01_0256_1248,4
GEO_R01_0992_0128,4
GEO_R01_0864_1440,4
GEO_R01_1056_0832,4
GEO_R01_0832_1792,4
GEO_R01_0736_1312,4
GEO_R01_0096_1152,4
GEO_R01_0960_0448,4
GEO_R01_2016_1344,4
GEO_R01_0736_1824,4
GEO_R01_0224_0480,4
GEO_R01_0896_2336,4
GEO_R01_0288_0896,4
GEO_R01_1344_1184,4
GEO_R01_1088_1440,4
GEO_R01_0800_0384,4
GEO_R01_1728_0960,4
GEO_R01_1504_1664,4
GEO_R01_1280_1088,4
GEO_R01_0672_1152,5
GEO_R01_0640_0544,4
GEO_R01_0992_1792,4
GEO_R01_1952_1504,4
GEO_R01_1248_1344,4
GEO_R01_2080_1600,4
GEO_R01_1984_1760,4
GEO_R01_0448_1440,4
GEO_R01_1952_1152,4
GEO_R01_0320_0544,4
GEO_R01_0640_1248,4
GEO_R01_2240_1088,4
GEO_R01_1248_0384,4
GEO_R01_1696_0928,4
GEO_R01_1408_1248,4
GEO_R01_0704_1376,4
GEO_R01_1664_1536,4
GEO_R01_0000_1824,4
GEO_R01_1600_0480,4
GEO_R01_0096_1728,4
GEO_R01_1184_0768,4
GEO_R01_0768_1440,4
GEO_R01_0192_1760,4
GEO_R01_1024_1536,4
GEO_R01_1856_2272,4
GEO_R01_0800_1216,4
GEO_R01_0608_0128,4
GEO_R01_1408_0608,4
GEO_R01_1728_0832,4
GEO_R01_1856_1696,4
GEO_R01_1312_1280,4
GEO_R01_1760_1856,4
GEO_R01_2304_1504,1
GEO_R01_1312_1824,4
GEO_R01_1504_1792,4
GEO_R01_0000_1408,4
GEO_R01_1952_1248,4
GEO_R01_0160_1760,4
GEO_R01_0704_0864,4
GEO_R01_0512_0800,4
GEO_R01_0672_1728,4
GEO_R01_0352_0768,4
GEO_R01_1024_2048,4
GEO_R01_0992_0384,4
GEO_R01_0032_2048,4
GEO_R01_1056_1440,4
GEO_R01_0256_0480,4
GEO_R01_1824_2112,4
GEO_R01_0800_1376,4
GEO_R01_1536_1216,4
GEO_R01_0032_0032,4
GEO_R01_0064_1760,4
GEO_R01_0608_2016,4
GEO_R01_0256_0736,4
GEO_R01_0992_2048,4
GEO_R01_0928_1248,4
GEO_R01_1248_0640,4
GEO_R01_0544_1600,4
GEO_R01_1568_1376,4
GEO_R01_1632_0864,4
GEO_R01_1344_1568,4
GEO_R01_1408_0672,4
GEO_R01_1376_0512,4
GEO_R01_0288_1184,4
GEO_R01_1696_1824,4
GEO_R01_0384_1344,4
GEO_R01_1728_1856,4
GEO_R01_0384_1312,4
GEO_R01_0928_2304,4
GEO_R01_0928_0736,4
GEO_R01_2048_1664,4
GEO_R01_0192_1216,4
GEO_R01_1408_1280,4
GEO_R01_1056_1056,4
GEO_R01_0032_0192,4
GEO_R01_1152_0160,0
GEO_R01_2176_1152,4
GEO_R01_0864_1664,0
GEO_R01_0416_0736,4
GEO_R01_0448_0448,4
GEO_R01_1504_0608,4
GEO_R01_1504_0448,4
GEO_R01_1408_1376,4
GEO_R01_1184_1600,4
GEO_R01_0608_0320,4
GEO_R01_1824_1824,4
GEO_R01_1472_1888,4
GEO_R01_1696_1888,4
GEO_R01_1376_1152,4
GEO_R01_1696_1088,4
GEO_R01_0032_0096,4
GEO_R01_0128_1824,4
GEO_R01_0576_1152,4
GEO_R01_1056_2368,4
GEO_R01_0864_2080,4
GEO_R01_1504_1280,4
GEO_R01_0416_1408,4
GEO_R01_0128_2304,4
GEO_R01_1312_0992,4
GEO_R01_1728_0864,4
GEO_R01_1632_0544,4
GEO_R01_1376_0192,4
GEO_R01_0608_1184,4
GEO_R01_0864_0608,4
GEO_R01_0000_0448,4
GEO_R01_1536_1920,4
GEO_R01_0960_0960,4
GEO_R01_1056_0544,4
GEO_R01_0832_2240,4
GEO_R01_1536_1856,4
GEO_R01_0512_1536,4
GEO_R01_0672_1952,4
GEO_R01_0864_1280,4
GEO_R01_0416_1376,4
GEO_R01_1056_0160,4
GEO_R01_0224_1760,4
GEO_R01_0512_2080,4
GEO_R01_1376_0640,4
GEO_R01_1952_0960,4
GEO_R01_1120_1856,4
GEO_R01_0416_0512,4
GEO_R01_1056_0928,4
GEO_R01_1440_1440,4
GEO_R01_0096_1184,4
GEO_R01_0960_0384,4
GEO_R01_1344_0768,4
GEO_R01_0800_1536,4
GEO_R01_0576_0192,4
GEO_R01_1152_1664,4
GEO_R01_0704_1152,5
GEO_R01_0640_0736,4
GEO_R01_1728_1696,4
GEO_R01_1792_0864,4
GEO_R01_0768_0608,4
GEO_R01_1440_0480,4
GEO_R01_0480_0128,4
GEO_R01_1984_0928,4
GEO_R01_1632_1024,4
GEO_R01_0384_0480,4
GEO_R01_0960_1120,4
GEO_R01_0352_1248,4
GEO_R01_1120_1024,4
GEO_R01_0256_1792,4
GEO_R01_0256_1216,4
GEO_R01_0576_0896,4
GEO_R01_0992_0096,4
GEO_R01_1728_2336,4
GEO_R01_1344_1376,4
GEO_R01_1984_0576,4
GEO_R01_1824_1696,4
GEO_R01_0608_1312,4
GEO_R01_1664_0896,4
GEO_R01_0864_1888,0
GEO_R01_0448_2048,4
GEO_R01_1568_1696,4
GEO_R01_0704_1888,4
GEO_R01_1408_1216,4
GEO_R01_1024_1344,4
GEO_R01_1344_1952,4
GEO_R01_1760_2368,4
GEO_R01_0416_1344,4
GEO_R01_2272_1056,4
GEO_R01_1024_2112,4
GEO_R01_2016_1184,4
GEO_R01_1952_0608,4
GEO_R01_0352_0416,4
GEO_R01_1344_1760,4
GEO_R01_0640_1536,4
GEO_R01_0736_1088,5
GEO_R01_1280_0768,4
GEO_R01_1824_2240,4
GEO_R01_0288_2368,4
GEO_R01_1760_1664,4
GEO_R01_0480_0160,4
GEO_R01_0928_1376,4
GEO_R01_1216_0960,4
GEO_R01_0544_0672,4
GEO_R01_1792_2080,4
GEO_R01_0928_0064,4
GEO_R01_2016_1696,4
GEO_R01_1536_1440,4
GEO_R01_0480_1600,4
GEO_R01_1824_0576,4
GEO_R01_0256_1856,4
GEO_R01_1920_0480,0
GEO_R01_0832_1408,4
GEO_R01_1088_0928,4
GEO_R01_1152_0672,4
GEO_R01_1472_0704,4
GEO_R01_2048_1536,4
GEO_R01_1920_1600,4
GEO_R01_2048_0672,4
GEO_R01_0512_0096,4
GEO_R01_1376_1056,4
GEO_R01_1728_1216,4
GEO_R01_1472_1344,4
GEO_R01_0768_2016,4
GEO_R01_2048_1952,2
GEO_R01_0640_1760,4
GEO_R01_0032_0768,4
GEO_R01_1056_0800,4
GEO_R01_0896_2080,4
GEO_R01_0672_1312,4
GEO_R01_0672_0448,4
GEO_R01_0416_2016,4
GEO_R01_0288_1088,4
GEO_R01_0704_0608,4
GEO_R01_1536_0576,4
GEO_R01_0704_0352,4
GEO_R01_0672_1504,4
GEO_R01_0960_0672,4
GEO_R01_1472_1440,4
GEO_R01_0896_0480,4
GEO_R01_0800_2336,4
GEO_R01_0000_0896,4
GEO_R01_0896_2048,4
GEO_R01_0672_0736,4
GEO_R01_1248_1984,4
GEO_R01_0512_0960,4
GEO_R01_0672_0288,4
GEO_R01_0000_0736,4
GEO_R01_0832_1376,4
GEO_R01_2080_0736,4
GEO_R01_0800_1472,4
GEO_R01_0896_1504,4
GEO_R01_1312_1888,4
GEO_R01_1728_2144,4
GEO_R01_1792_1536,4
GEO_R01_0192_2048,4
GEO_R01_1184_0864,4
GEO_R01_1888_1120,4
GEO_R01_2048_1184,4
GEO_R01_1920_1984,4
GEO_R01_0640_0672,4
GEO_R01_1888_1600,4
GEO_R01_1696_1056,4
GEO_R01_0960_2080,4
GEO_R01_1600_0896,4
GEO_R01_1632_1856,4
GEO_R01_0544_0800,4
GEO_R01_0256_1280,4
GEO_R01_1568_0448,4
GEO_R01_0672_1216,4
GEO_R01_1856_0800,4
GEO_R01_1376_0160,4
GEO_R01_1536_0896,4
GEO_R01_0096_1792,4
GEO_R01_0640_1280,4
GEO_R01_0256_1504,0
GEO_R01_1088_1312,4
GEO_R01_0224_1120,4
GEO_R01_1664_1664,4
GEO_R01_0800_0992,5
GEO_R01_0064_0384,4
GEO_R01_1536_1280,4
GEO_R01_1824_1760,4
GEO_R01_0128_1120,4
GEO_R01_1280_0928,4
GEO_R01_1792_1824,4
GEO_R01_1376_2112,4
GEO_R01_0800_0352,4
GEO_R01_1952_1728,4
GEO_R01_1184_1504,4
GEO_R01_1984_1728,4
GEO_R01_0288_1792,4
GEO_R01_1600_1088,4
GEO_R01_1600_1248,4
GEO_R01_1472_1952,4
GEO_R01_1792_0736,4
GEO_R01_0160_1824,4
GEO_R01_0672_0352,4
GEO_R01_0960_2048,4
GEO_R01_0768_0064,4
GEO_R01_0928_1120,4
GEO_R01_0960_0864,4
GEO_R01_0736_0864,4
GEO_R01_0032_1376,4
GEO_R01_0096_1120,4
GEO_R01_0064_2016,4
GEO_R01_0832_2144,4
GEO_R01_1472_1504,4
GEO_R01_0608_0704,4
GEO_R01_0288_1504,0
GEO_R01_0608_0448,4
GEO_R01_1024_1248,4
GEO_R01_0896_2368,4
GEO_R01_0736_0832,4
GEO_R01_1216_2368,0
GEO_R01_0352_0480,4
GEO_R01_0928_0000,4
GEO_R01_1920_0800,4
GEO_R01_0768_1216,4
GEO_R01_1312_1632,4
GEO_R01_0288_1056,4
GEO_R01_1952_1024,4
GEO_R01_0960_0832,4
GEO_R01_1792_1920,4
GEO_R01_1600_1024,4
GEO_R01_0736_0576,4
GEO_R01_0640_1376,4
GEO_R01_2112_1568,4
GEO_R01_2112_1024,4
GEO_R01_0224_0768,4
GEO_R01_1792_1472,4
GEO_R01_0960_1184,4
GEO_R01_1792_1120,4
GEO_R01_0032_0160,4
GEO_R01_1568_1856,4
GEO_R01_1568_0736,0
GEO_R01_1248_1952,4
GEO_R01_1632_1280,4
GEO_R01_1600_1216,4
GEO_R01_0736_1536,4
GEO_R01_1472_1632,4
GEO_R01_2048_1632,4
GEO_R01_0800_1696,0
GEO_R01_1888_2144,4
GEO_R01_1120_1056,4
GEO_R01_0832_0352,4
GEO_R01_0928_0704,4
GEO_R01_1696_0832,4
GEO_R01_1792_2272,4
GEO_R01_0704_0896,4
GEO_R01_0640_2304,4
GEO_R01_1568_1472,4
GEO_R01_1664_1088,4
GEO_R01_1920_1952,4
GEO_R01_0576_0096,4
GEO_R01_1632_1344,4
GEO_R01_1472_0672,4
GEO_R01_1088_1120,4
GEO_R01_0768_0928,4
GEO_R01_0480_0512,4
GEO_R01_0384_2016,4
GEO_R01_0064_0000,4
GEO_R01_1088_1024,4
GEO_R01_0448_0192,4
GEO_R01_1120_0864,4
GEO_R01_0544_0768,4
GEO_R01_1760_1120,4
GEO_R01_0320_1792,4
GEO_R01_1440_0992,4
GEO_R01_1024_0192,4
GEO_R01_0032_2112,4
GEO_R01_0672_1664,4
GEO_R01_1504_0480,4
GEO_R01_1408_1024,4
GEO_R01_0352_1312,4
GEO_R01_0480_1664,4
GEO_R01_0064_1152,4
GEO_R01_1664_0864,4
GEO_R01_0960_1312,4
GEO_R01_1984_1824,4
GEO_R01_1568_1632,4
GEO_R01_0576_2144,4
GEO_R01_0256_1824,4
GEO_R01_1728_2368,4
GEO_R01_1376_0128,4
GEO_R01_1280_0896,4
GEO_R01_1376_1984,4
GEO_R01_0384_0512,4
GEO_R01_1760_1728,4
GEO_R01_0512_0928,4
GEO_R01_0736_1920,4
GEO_R01_1856_1376,0
GEO_R01_1760_2336,4
GEO_R01_1632_1568,4
GEO_R01_0896_0416,4
GEO_R01_0928_0896,4
GEO_R01_1728_0768,4
GEO_R01_0544_1536,4
GEO_R01_0896_0384,4
GEO_R01_1120_1184,4
GEO_R01_0128_1632,4
GEO_R01_0704_1344,4
GEO_R01_1088_0992,4
GEO_R01_1600_1856,4
GEO_R01_0928_1984,4
GEO_R01_1472_1984,4
GEO_R01_0800_2272,4
GEO_R01_0704_1504,4
GEO_R01_1856_0736,4
GEO_R01_0896_2272,4
GEO_R01_0736_0992,5
GEO_R01_0672_0480,4
GEO_R01_0864_1952,4
GEO_R01_1088_1856,4
GEO_R01_0576_1696,4
GEO_R01_0416_2272,0
GEO_R01_0000_0128,4
GEO_R01_0960_1248,4
GEO_R01_0096_1888,4
GEO_R01_0416_0128,4
GEO_R01_1600_1376,4
GEO_R01_0448_1408,4
GEO_R01_0768_0640,4
GEO_R01_1888_2048,4
GEO_R01_0800_2176,4
GEO_R01_1152_1056,4
GEO_R01_0928_1472,4
GEO_R01_1984_1248,4
GEO_R01_0544_1664,4
GEO_R01_0512_0032,4
GEO_R01_1152_0864,4
GEO_R01_1568_0960,4
GEO_R01_0960_0256,4
GEO_R01_2112_1088,4
GEO_R01_0800_0640,4
GEO_R01_1088_0960,4
GEO_R01_0960_0288,4
GEO_R01_0352_2368,4
GEO_R01_0352_0736,4
GEO_R01_1824_0896,4
GEO_R01_0576_0928,4
GEO_R01_0704_1408,4
GEO_R01_0576_1280,4
GEO_R01_1120_1088,4
GEO_R01_1696_2016,4
GEO_R01_0416_0384,4
GEO_R01_1344_1728,4
GEO_R01_2112_0992,4
GEO_R01_1472_1568,4
GEO_R01_1824_1216,4
GEO_R01_0960_0352,4
GEO_R01_1760_0864,4
GEO_R01_0416_0224,4
GEO_R01_0000_1376,4
GEO_R01_1408_1728,4
GEO_R01_1472_0832,4
GEO_R01_0992_0864,4
GEO_R01_1344_0192,4
GEO_R01_0704_1696,4
GEO_R01_1152_0608,4
GEO_R01_1888_1856,4
GEO_R01_2208_0288,0
GEO_R01_1120_1376,4
GEO_R01_1088_0096,4
GEO_R01_1504_1120,4
GEO_R01_0512_1440,4
GEO_R01_1408_1056,4
GEO_R01_1440_1664,4
GEO_R01_1216_0832,4
GEO_R01_1152_1248,4
GEO_R01_1024_2080,4
GEO_R01_0896_0096,4
GEO_R01_0736_1888,4
GEO_R01_1088_1600,4
GEO_R01_1088_1280,4
GEO_R01_0160_1952,4
GEO_R01_0832_2048,4
GEO_R01_0096_2080,4
GEO_R01_1408_1312,4
GEO_R01_0832_1216,4
GEO_R01_0768_2208,4
GEO_R01_1248_0672,4
GEO_R01_1344_1856,4
GEO_R01_0544_0928,4
GEO_R01_0992_1376,4
GEO_R01_1856_1888,4
GEO_R01_1504_0960,4
GEO_R01_1856_1216,4
GEO_R01_1504_1760,4
GEO_R01_0608_2112,4
GEO_R01_0128_0576,4
GEO_R01_0544_0960,4
GEO_R01_0448_0352,4
GEO_R01_0480_1760,4
GEO_R01_1280_1184,4
GEO_R01_1664_1824,4
GEO_R01_0672_0320,4
GEO_R01_1536_1568,4
GEO_R01_0320_2272,4
GEO_R01_1312_0832,4
GEO_R01_1120_0736,4
GEO_R01_1024_0768,4
GEO_R01_1120_1792,4
GEO_R01_0160_1216,4
GEO_R01_1664_0960,4
GEO_R01_0224_0512,4
GEO_R01_1696_1120,4
GEO_R01_0512_1376,4
GEO_R01_1472_0512,4
GEO_R01_1920_2112,4
GEO_R01_1376_1376,4
GEO_R01_0160_2112,4
GEO_R01_1088_0544,4
GEO_R01_0800_2048,4
GEO_R01_0928_1632,0
GEO_R01_1536_0160,4
GEO_R01_0768_0896,4
GEO_R01_1280_1504,4
GEO_R01_0992_0736,4
GEO_R01_0800_1056,5
GEO_R01_1728_0288,4
GEO_R01_0960_0032,4
GEO_R01_0256_0704,4
GEO_R01_1312_2016,4
GEO_R01_0096_0544,4
GEO_R01_0160_0384,0
GEO_R01_0960_1152,4
GEO_R01_0800_2016,4
GEO_R01_1408_0896,4
GEO_R01_1952_0992,4
GEO_R01_1568_1312,4
GEO_R01_1248_0768,4
GEO_R01_0832_2176,4
GEO_R01_1440_1888,4
GEO_R01_0928_1312,4
GEO_R01_1120_1344,4
GEO_R01_0256_0544,4
GEO_R01_1440_1568,4
GEO_R01_1888_1632,4
GEO_R01_0384_0416,4
GEO_R01_1184_0896,4
GEO_R01_0992_1248,4
GEO_R01_1472_1856,4
GEO_R01_0160_0544,4
GEO_R01_0448_1632,4
GEO_R01_1856_1408,0
GEO_R01_1152_1824,4
GEO_R01_0992_1472,4
GEO_R01_0800_0672,4
GEO_R01_0672_0416,4
GEO_R01_0992_0256,4
GEO_R01_1248_0576,4
GEO_R01_0288_1760,4
GEO_R01_0864_0672,4
GEO_R01_1312_1344,4
GEO_R01_0160_2048,4
GEO_R01_0384_0608,4
GEO_R01_0928_1664,0
GEO_R01_1600_1440,4
GEO_R01_1600_1120,4
GEO_R01_1024_1056,4
GEO_R01_1568_0512,4
GEO_R01_0384_0576,4
GEO_R01_0608_0800,4
GEO_R01_0352_0448,4
GEO_R01_0224_1408,4
GEO_R01_0704_1824,4
GEO_R01_1696_0800,4
GEO_R01_0672_1888,4
GEO_R01_0896_2144,4
GEO_R01_0224_1952,4
GEO_R01_1376_1472,4
GEO_R01_1120_1280,4
GEO_R01_1888_1696,4
GEO_R01_0352_1088,4
GEO_R01_1280_1760,4
GEO_R01_1088_1536,4
GEO_R01_0512_1632,4
GEO_R01_0864_1472,4
GEO_R01_0096_1952,4
GEO_R01_1536_1984,4
GEO_R01_1536_0032,4
GEO_R01_1088_0000,4
GEO_R01_1056_1376,4
GEO_R01_0832_1312,4
GEO_R01_1024_0096,4
GEO_R01_0192_0672,0
GEO_R01_0160_0512,4
GEO_R01_1056_1504,4
GEO_R01_1152_1152,4
GEO_R01_0768_1088,5
GEO_R01_0192_1920,4
GEO_R01_1504_1248,4
GEO_R01_1408_1952,4
GEO_R01_0096_1696,4
GEO_R01_1216_0352,4
GEO_R01_0896_1376,4
GEO_R01_0384_0352,4
GEO_R01_1312_1536,4
GEO_R01_1920_2048,4
GEO_R01_1632_0960,4
GEO_R01_0896_1312,4
GEO_R01_2080_0256,1
GEO_R01_2080_2016,2
GEO_R01_1376_1888,4
GEO_R01_0288_0512,4
GEO_R01_1120_1888,4
GEO_R01_1440_0864,4
GEO_R01_2208_0704,4
GEO_R01_0704_1216,4
GEO_R01_0992_0032,4
GEO_R01_0512_1088,4
GEO_R01_0992_1408,4
GEO_R01_1184_0928,4
GEO_R01_1184_1280,4
GEO_R01_1120_1696,4
GEO_R01_1600_1408,4
GEO_R01_0448_0000,4
GEO_R01_0000_1216,0
GEO_R01_1856_0704,4
GEO_R01_0576_1408,4
GEO_R01_0704_1984,4
GEO_R01_1664_1600,4
GEO_R01_0960_2272,4
GEO_R01_1792_0768,4
GEO_R01_1824_0736,4
GEO_R01_0928_2112,4
GEO_R01_1248_0832,4
GEO_R01_0832_1984,4
GEO_R01_0928_0928,4
GEO_R01_0384_0256,4
GEO_R01_0992_1152,4
GEO_R01_0544_1632,4
GEO_R01_1216_0800,4
GEO_R01_0608_0224,4
GEO_R01_0512_0736,4
GEO_R01_0992_2016,4
GEO_R01_0928_2240,4
GEO_R01_0544_1216,4
GEO_R01_1440_1728,4
GEO_R01_0864_0896,4
GEO_R01_1472_1408,4
GEO_R01_1248_1312,4
GEO_R01_1472_1792,4
GEO_R01_1088_1376,4
GEO_R01_0864_2112,4
GEO_R01_1056_1760,4
GEO_R01_1856_0896,4
GEO_R01_1280_0416,4
GEO_R01_0704_2016,4
GEO_R01_1920_1888,4
GEO_R01_1088_1216,4
GEO_R01_1088_1056,4
GEO_R01_1440_1408,4
GEO_R01_0576_2080,4
GEO_R01_1472_1184,4
GEO_R01_1824_1600,4
GEO_R01_1408_0768,4
GEO_R01_0928_0256,4
GEO_R01_0992_0000,4
GEO_R01_0896_0896,4
GEO_R01_1792_2368,4
GEO_R01_0800_2080,4
GEO_R01_0192_1984,4
GEO_R01_1792_0704,4
GEO_R01_0384_0160,4
GEO_R01_0224_0544,4
GEO_R01_0416_0192,4
GEO_R01_1632_1824,4
GEO_R01_1632_1632,4
GEO_R01_0576_1728,4
GEO_R01_1856_1920,4
GEO_R01_0960_1408,4
GEO_R01_1056_1408,4
GEO_R01_0608_0000,4
GEO_R01_1472_1312,4
GEO_R01_1792_1888,4
GEO_R01_0928_2368,4
GEO_R01_0160_0320,0
GEO_R01_0544_0640,4
GEO_R01_0416_2080,4
GEO_R01_1088_1152,4
GEO_R01_1184_1248,4
GEO_R01_0544_0096,4
GEO_R01_0896_0928,4
GEO_R01_1600_2048,4
GEO_R01_1984_1888,4
GEO_R01_0736_2048,4
GEO_R01_0704_2048,4
GEO_R01_1920_1248,4
GEO_R01_2048_1056,4
GEO_R01_0896_1248,4
GEO_R01_1536_1408,4
GEO_R01_0352_0256,4
GEO_R01_0960_1216,4
GEO_R01_0448_1792,4
GEO_R01_1312_1664,4
GEO_R01_0992_1184,4
GEO_R01_1280_0576,4
GEO_R01_2080_1984,2
GEO_R01_1536_1056,4
GEO_R01_1504_1440,4
GEO_R01_0960_1088,4
GEO_R01_1216_1120,4
GEO_R01_0096_1312,4
GEO_R01_1632_0832,4
GEO_R01_1312_1792,4
GEO_R01_1824_2080,4
GEO_R01_1440_1632,4
GEO_R01_0512_1760,4
GEO_R01_0928_1024,4
GEO_R01_1856_1248,4
GEO_R01_0672_1856,4
GEO_R01_0576_1248,4
GEO_R01_1536_0992,4
GEO_R01_2048_0576,4
GEO_R01_0480_1536,4
GEO_R01_0256_1120,4
GEO_R01_0608_1888,4
GEO_R01_0512_2144,4
GEO_R01_1792_1952,4
GEO_R01_0032_0448,4
GEO_R01_0800_0704,4
GEO_R01_1728_2048,4
GEO_R01_0640_1184,4
GEO_R01_1664_1728,4
GEO_R01_0896_2176,4
GEO_R01_0480_1376,4
GEO_R01_1792_1056,4
GEO_R01_0960_0224,4
GEO_R01_1888_1824,4
GEO_R01_1568_0768,0
GEO_R01_1312_1184,4
GEO_R01_1440_0256,4
GEO_R01_1536_0864,4
GEO_R01_2080_1632,4
GEO_R01_1728_1728,4
GEO_R01_1344_0160,4
GEO_R01_0512_1152,4
GEO_R01_0032_1952,4
GEO_R01_1856_0768,4
GEO_R01_1280_1216,4
GEO_R01_1376_1600,4
GEO_R01_1344_2016,4
GEO_R01_2016_0576,4
GEO_R01_1088_1664,4
GEO_R01_0224_1792,4
GEO_R01_0896_0256,4
GEO_R01_1984_0320,0
GEO_R01_1056_1344,4
GEO_R01_1376_0800,4
GEO_R01_1856_2080,4
GEO_R01_1408_1856,4
GEO_R01_1888_0928,4
GEO_R01_1408_0480,4
GEO_R01_1152_0640,4
GEO_R01_1632_1184,4
GEO_R01_2080_0960,4
GEO_R01_1888_1984,4
GEO_R01_1280_1312,4
GEO_R01_1088_2304,4
GEO_R01_0384_0736,4
GEO_R01_0480_1088,4
GEO_R01_1248_0736,4
GEO_R01_0960_1440,4
GEO_R01_1408_1920,4
GEO_R01_1920_2080,4
GEO_R01_1184_0960,4
GEO_R01_0576_0288,4
GEO_R01_1568_1664,4
GEO_R01_1472_0896,4
GEO_R01_0544_0160,4
GEO_R01_0992_0928,4
GEO_R01_0288_1984,4
GEO_R01_1280_1920,4
GEO_R01_1856_1024,4
GEO_R01_0128_1152,4
GEO_R01_1120_0800,4
GEO_R01_0480_0064,4
GEO_R01_0768_1024,5
GEO_R01_1600_1152,4
GEO_R01_0672_2368,4
GEO_R01_0352_0320,4
GEO_R01_0832_1088,5
GEO_R01_1696_1792,4
GEO_R01_0704_1792,4
GEO_R01_0096_1856,4
GEO_R01_0672_1984,4
GEO_R01_0224_1728,4
GEO_R01_2208_1056,4
GEO_R01_1280_1056,4
GEO_R01_0320_1088,4
GEO_R01_1824_1088,4
GEO_R01_1056_1152,4
GEO_R01_2016_0608,4
GEO_R01_0096_2048,4
GEO_R01_1280_0832,4
GEO_R01_1312_2080,4
GEO_R01_1216_0928,4
GEO_R01_2016_0928,4
GEO_R01_1440_0512,4
GEO_R01_1664_0832,4
GEO_R01_1824_1952,4
GEO_R01_1920_1920,4
GEO_R01_1600_0928,4
GEO_R01_0352_0288,4
GEO_R01_1568_1824,4
GEO_R01_1184_0832,4
GEO_R01_0288_1472,0
GEO_R01_1568_0416,4
GEO_R01_0640_1728,4
GEO_R01_0416_1760,4
GEO_R01_1024_0736,4
GEO_R01_1408_1888,4
GEO_R01_1696_1696,4
GEO_R01_0384_1952,4
GEO_R01_1664_1888,4
GEO_R01_1440_0608,4
GEO_R01_0512_1408,4
GEO_R01_2336_1984,2
GEO_R01_0864_2016,4
GEO_R01_1408_0512,4
GEO_R01_1632_1248,4
GEO_R01_0544_2048,4
GEO_R01_1568_1440,4
GEO_R01_0896_0672,4
GEO_R01_0288_0480,4
GEO_R01_2016_0704,4
GEO_R01_0832_2272,4
GEO_R01_0928_0640,4
GEO_R01_1440_1152,4
GEO_R01_2112_1120,4
GEO_R01_1280_1792,4
GEO_R01_0096_1760,4
GEO_R01_0384_0672,4
GEO_R01_1120_0640,4
GEO_R01_0288_1248,4
GEO_R01_1600_1600,4
GEO_R01_2176_1440,2
GEO_R01_0672_0640,4
GEO_R01_0064_1952,4
GEO_R01_0000_0704,4
GEO_R01_0544_1440,4
GEO_R01_0544_2080,4
GEO_R01_0064_1920,4
GEO_R01_0160_0352,0
GEO_R01_0608_1216,4
GEO_R01_0256_0896,4
GEO_R01_1600_1632,4
GEO_R01_1504_0832,4
GEO_R01_1728_1760,4
GEO_R01_1600_1728,4
GEO_R01_1632_1088,4
GEO_R01_1024_0128,4
GEO_R01_0544_2208,4
GEO_R01_1152_0352,4
GEO_R01_1568_1888,4
GEO_R01_1568_0832,4
GEO_R01_1056_0128,4
GEO_R01_0864_1344,4
GEO_R01_0032_1792,4
GEO_R01_1152_1728,4
GEO_R01_1440_1280,4
GEO_R01_0640_0480,4
GEO_R01_0480_1696,4
GEO_R01_0256_2016,4
GEO_R01_1120_0928,4
GEO_R01_0992_1280,4
GEO_R01_1824_0704,4
GEO_R01_0320_2016,4
GEO_R01_1376_0544,4
GEO_R01_0352_0704,4
GEO_R01_1568_1088,4
GEO_R01_1632_1696,4
GEO_R01_1312_0864,4
GEO_R01_0928_1056,4
GEO_R01_1184_1632,4
GEO_R01_0320_0896,4
GEO_R01_1056_0736,4
GEO_R01_1792_2112,4
GEO_R01_0384_2368,4
GEO_R01_1248_0864,4
GEO_R01_1024_2368,4
GEO_R01_1792_1984,4
GEO_R01_0480_0384,4
GEO_R01_1152_0896,4
GEO_R01_0928_0192,4
GEO_R01_0096_0448,4
GEO_R01_1088_1408,4
GEO_R01_1056_0704,4
GEO_R01_1376_0768,4
GEO_R01_1120_1152,4
GEO_R01_2176_1024,4
GEO_R01_0928_1184,4
GEO_R01_0416_0352,4
GEO_R01_1568_0480,4
GEO_R01_1184_0320,4
GEO_R01_1312_0928,4
GEO_R01_1952_1568,4
GEO_R01_1728_1888,4
GEO_R01_1536_1248,4
GEO_R01_2048_0928,4
GEO_R01_0672_1376,4
GEO_R01_0384_2048,4
GEO_R01_0992_1984,4
GEO_R01_1632_2176,4
GEO_R01_1984_1152,4
GEO_R01_1632_1792,4
GEO_R01_0928_0512,4
GEO_R01_1376_1696,4
GEO_R01_1024_0448,4
GEO_R01_2176_1120,4
GEO_R01_0832_0800,4
GEO_R01_1504_1952,4
GEO_R01_0736_1568,4
GEO_R01_0544_1312,4
GEO_R01_0512_0128,4
GEO_R01_1856_0672,4
GEO_R01_0832_0768,4
GEO_R01_1920_0768,4
GEO_R01_0992_1088,4
GEO_R01_1152_1344,4
GEO_R01_0640_0256,4
GEO_R01_0576_0960,4
GEO_R01_0640_0800,4
GEO_R01_1952_1120,4
GEO_R01_0064_1728,4
GEO_R01_0832_1472,4
GEO_R01_1088_0608,4
GEO_R01_0160_1792,4
GEO_R01_0896_2016,4
GEO_R01_1568_1536,4
GEO_R01_1888_0864,4
GEO_R01_0064_1344,4
GEO_R01_1632_1152,4
GEO_R01_1472_1376,4
GEO_R01_0544_1120,4
GEO_R01_1568_1344,4
GEO_R01_1632_2112,4
GEO_R01_1536_2048,4
GEO_R01_1600_1696,4
GEO_R01_2080_0992,4
GEO_R01_1632_1440,4
GEO_R01_1408_0960,4
GEO_R01_1408_1824,4
GEO_R01_1504_1696,4
GEO_R01_1152_1760,4
GEO_R01_1504_0992,4
GEO_R01_0672_1280,4
GEO_R01_0992_0064,4
GEO_R01_1760_0800,4
GEO_R01_1952_1696,4
GEO_R01_0032_2144,4
GEO_R01_0160_0864,0
GEO_R01_1696_2112,4
GEO_R01_0512_1600,4
GEO_R01_1600_0544,4
GEO_R01_0512_0192,4
GEO_R01_0608_0576,4
GEO_R01_0288_1120,4
GEO_R01_0448_1120,4
GEO_R01_1920_0992,4
GEO_R01_1472_1728,4
GEO_R01_0800_0320,4
GEO_R01_0928_0416,4
GEO_R01_0704_2176,4
GEO_R01_1312_1952,4
GEO_R01_1408_1600,4
GEO_R01_1376_1760,4
GEO_R01_0416_0448,4
GEO_R01_1664_2080,4
GEO_R01_1504_0576,4
GEO_R01_0224_1824,4
GEO_R01_1920_0608,4
GEO_R01_0832_2016,4
GEO_R01_1280_0960,4
GEO_R01_2176_0992,4
GEO_R01_2016_1504,4
GEO_R01_1696_1280,4
GEO_R01_0704_1024,5
GEO_R01_0928_0448,4
GEO_R01_0928_1216,4
GEO_R01_1824_1856,4
GEO_R01_1472_1120,4
GEO_R01_0320_1248,4
GEO_R01_1408_1984,4
GEO_R01_0736_0800,4
GEO_R01_1952_0896,4
GEO_R01_1728_1664,4
GEO_R01_2176_0672,4
GEO_R01_1280_1952,4
GEO_R01_1248_1024,4
GEO_R01_1056_1216,4
GEO_R01_0960_0096,4
GEO_R01_0640_0608,4
GEO_R01_1344_1632,4
GEO_R01_1664_1568,4
GEO_R01_0384_0384,4
GEO_R01_0864_0160,4
GEO_R01_1024_1440,4
GEO_R01_2144_1152,4
GEO_R01_1376_0736,4
GEO_R01_1984_0672,4
GEO_R01_1184_1120,4
GEO_R01_1536_0448,4
GEO_R01_1440_1216,4
GEO_R01_0960_0704,4
GEO_R01_1376_0896,4
GEO_R01_1376_1280,4
GEO_R01_1952_0640,4
GEO_R01_1440_1600,4
GEO_R01_0128_1984,4
GEO_R01_1664_1216,4
GEO_R01_1920_1568,4
GEO_R01_1280_0480,4
GEO_R01_1568_1216,4
GEO_R01_0000_0640,4
GEO_R01_0480_0192,4
GEO_R01_0832_1024,5
GEO_R01_1120_0832,4
GEO_R01_1696_1216,4
GEO_R01_1568_1920,4
GEO_R01_0704_0512,4
GEO_R01_1088_2336,4
GEO_R01_1056_1280,4
GEO_R01_1152_1120,4
GEO_R01_1856_1632,4
GEO_R01_1632_1056,4
GEO_R01_1792_1760,4
GEO_R01_1440_1984,4
GEO_R01_0416_1632,4
GEO_R01_0000_2112,4
GEO_R01_1952_0672,4
GEO_R01_2176_0704,4
GEO_R01_1408_0992,4
GEO_R01_0736_1856,4
GEO_R01_2176_1056,4
GEO_R01_0320_0864,4
GEO_R01_2112_1152,4
GEO_R01_1024_0960,4
GEO_R01_0672_0800,4
GEO_R01_1408_1408,4
GEO_R01_1408_1152,4
GEO_R01_2144_1120,4
GEO_R01_1600_1920,4
GEO_R01_0928_1344,4
GEO_R01_0288_1152,4
GEO_R01_1024_0064,4
GEO_R01_1760_0832,4
GEO_R01_2016_0672,4
GEO_R01_1792_1184,4
GEO_R01_1824_1248,4
GEO_R01_0928_1280,4
GEO_R01_1376_1792,4
GEO_R01_0768_1344,4
GEO_R01_1984_0544,4
GEO_R01_0576_0160,4
GEO_R01_1216_2080,4
GEO_R01_1792_1600,4
GEO_R01_1856_2048,4
GEO_R01_1440_0672,4
GEO_R01_0384_1760,4
GEO_R01_1632_1408,4
GEO_R01_0544_1408,4
GEO_R01_1472_1536,4
GEO_R01_0896_0288,4
GEO_R01_0416_2368,4
GEO_R01_2016_0544,4
GEO_R01_0544_0992,4
GEO_R01_1536_0128,4
GEO_R01_1408_0640,4
GEO_R01_1984_0288,0
GEO_R01_0544_0064,4
GEO_R01_1760_1984,4
GEO_R01_0704_1952,4
GEO_R01_1376_1184,4
GEO_R01_0800_0864,4
GEO_R01_0384_1824,4
GEO_R01_1760_2112,4
GEO_R01_1568_0992,4
GEO_R01_1376_1728,4
GEO_R01_0032_0000,4
GEO_R01_2112_0672,4
GEO_R01_1920_0832,4
GEO_R01_1248_0800,4
GEO_R01_0800_0736,4
GEO_R01_1824_1024,4
GEO_R01_1856_1824,4
GEO_R01_2048_1600,4
GEO_R01_1376_0448,4
GEO_R01_0256_0512,4
GEO_R01_1376_0992,4
GEO_R01_1408_1344,4
GEO_R01_0704_1248,4
GEO_R01_0640_1312,4
GEO_R01_2080_0608,4
GEO_R01_0512_1472,4
GEO_R01_0288_0576,4
GEO_R01_0128_0864,0
GEO_R01_1728_1120,4
GEO_R01_0928_0160,4
GEO_R01_1472_1216,4
GEO_R01_0960_0416,4
GEO_R01_0480_0736,4
GEO_R01_0704_1536,4
GEO_R01_2144_1056,4
GEO_R01_1600_1824,4
GEO_R01_0352_1952,4
GEO_R01_0640_0352,4
GEO_R01_1152_0928,4
GEO_R01_1824_0544,4
GEO_R01_0608_1984,4
GEO_R01_1376_1088,4
GEO_R01_0608_0064,4
GEO_R01_0672_0832,4
GEO_R01_1440_1920,4
GEO_R01_0640_0704,4
GEO_R01_1312_0704,4
GEO_R01_1344_0800,4
GEO_R01_1696_1632,4
GEO_R01_0544_0832,4
GEO_R01_2144_1184,4
GEO_R01_1312_0960,4
GEO_R01_0512_0160,4
GEO_R01_1856_2240,4
GEO_R01_1312_1760,4
GEO_R01_0192_1408,4
GEO_R01_1760_1024,4
GEO_R01_0704_0544,4
GEO_R01_1152_1088,4
GEO_R01_1024_1408,4
GEO_R01_0384_1184,4
GEO_R01_0608_1952,4
GEO_R01_0128_2048,4
GEO_R01_1312_0896,4
GEO_R01_1280_2048,4
GEO_R01_1312_1408,4
GEO_R01_1248_0448,4
GEO_R01_0320_1376,4
GEO_R01_1664_1760,4
GEO_R01_0960_1984,4
GEO_R01_0896_0192,4
GEO_R01_1664_1152,4
GEO_R01_1920_1120,4
GEO_R01_0768_1376,4
GEO_R01_1344_2144,4
GEO_R01_1600_1472,4
GEO_R01_1024_0896,4
GEO_R01_0608_0864,4
GEO_R01_1472_1760,4
GEO_R01_0160_2080,4
GEO_R01_0000_0512,4
GEO_R01_1824_1920,4
GEO_R01_0640_0768,4
GEO_R01_1408_1088,4
GEO_R01_0352_0832,4
GEO_R01_0224_0608,4
GEO_R01_0032_1728,4
GEO_R01_0032_0416,4
GEO_R01_0448_1376,4
GEO_R01_1376_0416,4
GEO_R01_1120_1408,4
GEO_R01_1376_0480,4
GEO_R01_1536_0768,0
GEO_R01_1600_2016,4
GEO_R01_0992_0320,4
GEO_R01_1696_1600,4
GEO_R01_0192_2016,4
GEO_R01_1568_1760,4
GEO_R01_0416_0704,4
GEO_R01_0192_0352,0
GEO_R01_1920_0960,4
GEO_R01_0256_1984,4
GEO_R01_1280_1856,4
GEO_R01_1472_1056,4
GEO_R01_1088_1472,4
GEO_R01_1024_1984,4
GEO_R01_0480_1344,4
GEO_R01_0256_1696,4
GEO_R01_1184_1056,4
GEO_R01_0672_0544,4
GEO_R01_0416_0256,4
GEO_R01_0608_1760,4
GEO_R01_0160_1920,4
GEO_R01_0096_0064,4
GEO_R01_0608_1728,4
GEO_R01_1024_2016,4
GEO_R01_1952_1088,4
GEO_R01_1600_1664,4
GEO_R01_0800_1312,4
GEO_R01_0672_0896,4
GEO_R01_1504_1376,4
GEO_R01_1600_0448,4
GEO_R01_1888_0960,4
GEO_R01_0768_0992,5
GEO_R01_0768_1472,4
GEO_R01_0320_1760,4
GEO_R01_1920_0640,4
GEO_R01_0864_1408,4
GEO_R01_1088_1632,4
GEO_R01_1760_2144,4
GEO_R01_1536_1088,4
GEO_R01_1120_1728,4
GEO_R01_0352_0352,4
GEO_R01_0288_0864,4
GEO_R01_1792_1504,4
GEO_R01_0544_2176,4
GEO_R01_1696_2080,4
GEO_R01_0832_2208,4
GEO_R01_1248_1760,4
GEO_R01_1056_1312,4
GEO_R01_0544_1696,4
GEO_R01_0416_1728,4
GEO_R01_1536_1536,4
GEO_R01_0256_0576,4
GEO_R01_1792_1088,4
GEO_R01_0320_0832,4
GEO_R01_0864_1312,4
GEO_R01_2080_1056,4
GEO_R01_1088_1344,4
GEO_R01_1248_1280,4
GEO_R01_0000_1856,4
GEO_R01_1152_0960,4
GEO_R01_0160_0480,4
GEO_R01_0128_1856,4
GEO_R01_0608_0896,4
GEO_R01_0480_0768,4
GEO_R01_1216_0608,4
GEO_R01_1344_1536,4
GEO_R01_0224_1152,4
GEO_R01_1472_0928,4
GEO_R01_1856_1664,4
GEO_R01_1536_1952,4
GEO_R01_1344_0736,4
GEO_R01_1216_1536,4
GEO_R01_0288_0768,4
GEO_R01_2016_1152,4
GEO_R01_1728_2080,4
GEO_R01_1312_2048,4
GEO_R01_1312_1152,4
GEO_R01_0608_0096,4
GEO_R01_0576_0128,4
GEO_R01_1312_1856,4
GEO_R01_1504_1920,4
GEO_R01_1504_1888,4
GEO_R01_1312_1600,4
GEO_R01_0064_2048,4
GEO_R01_1056_0448,4
GEO_R01_1504_1152,4
GEO_R01_1728_1920,4
GEO_R01_0032_1280,4
GEO_R01_1120_0896,4
GEO_R01_1344_2080,4
GEO_R01_0800_1440,4
GEO_R01_1376_1248,4
GEO_R01_1056_0896,4
GEO_R01_0320_2304,4
GEO_R01_0992_1600,0
GEO_R01_1664_1312,4
GEO_R01_0160_1120,4
GEO_R01_1920_0736,4
GEO_R01_1152_0992,4
GEO_R01_1312_1504,4
GEO_R01_0544_0704,4
GEO_R01_1824_2336,4
GEO_R01_1888_1760,4
GEO_R01_0736_1472,4
GEO_R01_0928_0320,4
GEO_R01_1792_1152,4
GEO_R01_1664_1856,4
GEO_R01_1984_0640,4
GEO_R01_0928_0096,4
GEO_R01_1888_0672,4
GEO_R01_0864_0800,4
GEO_R01_1472_0320,4
GEO_R01_0736_2016,4
GEO_R01_0128_1696,4
GEO_R01_2208_0960,4
GEO_R01_1600_0864,4
GEO_R01_1056_1088,4
GEO_R01_1984_1216,4
GEO_R01_0320_0800,4
GEO_R01_1536_0064,4
GEO_R01_0512_0256,4
GEO_R01_0384_0288,4
GEO_R01_1632_2016,4
GEO_R01_0192_1184,4
GEO_R01_0352_1728,4
GEO_R01_1792_2208,4
GEO_R01_0544_1376,4
GEO_R01_0640_1216,4
GEO_R01_0736_1280,4
GEO_R01_1856_0992,4
GEO_R01_1120_1120,4
GEO_R01_1792_2144,4
GEO_R01_1728_0896,4
GEO_R01_1472_0480,4
GEO_R01_0352_1344,4
GEO_R01_0864_2176,4
GEO_R01_0608_0352,4
GEO_R01_0224_2016,4
GEO_R01_1824_2272,4
GEO_R01_0000_1760,4
GEO_R01_1600_1536,4
GEO_R01_1184_0352,4
GEO_R01_0064_2208,4
GEO_R01_1088_1696,4
GEO_R01_0960_0480,4
GEO_R01_1376_1536,4
GEO_R01_1440_1856,4
GEO_R01_2080_1184,4
GEO_R01_1280_0992,4
GEO_R01_0864_0768,4
GEO_R01_1440_0768,4
GEO_R01_1984_0608,4
GEO_R01_1632_0928,4
GEO_R01_2016_1568,4
GEO_R01_1568_0928,4
GEO_R01_0800_1344,4
GEO_R01_1184_0640,4
GEO_R01_2048_1984,2
GEO_R01_0448_1696,4
GEO_R01_1440_1696,4
GEO_R01_0736_1120,5
GEO_R01_2112_0928,4
GEO_R01_0768_0672,4
GEO_R01_0928_0352,4
GEO_R01_1376_2144,4
GEO_R01_0704_1280,4
GEO_R01_1056_1184,4
GEO_R01_0416_0576,4
GEO_R01_1408_1504,4
GEO_R01_0192_1888,4
GEO_R01_0992_0352,4
GEO_R01_1792_1792,4
GEO_R01_1728_1152,4
GEO_R01_1536_0512,4
GEO_R01_1536_1184,4
GEO_R01_1856_0832,4
GEO_R01_0416_0640,4
GEO_R01_1184_0704,4
GEO_R01_0416_0672,4
GEO_R01_1344_1504,4
GEO_R01_0320_1984,4
GEO_R01_1728_1632,4
GEO_R01_1216_0672,4
GEO_R01_0128_2080,4
GEO_R01_0448_2272,0
GEO_R01_1056_0096,4
GEO_R01_0960_2304,4
GEO_R01_0128_2336,4
GEO_R01_1408_0544,4
GEO_R01_1504_0864,4
GEO_R01_0960_1472,4
GEO_R01_0512_0768,4
GEO_R01_1792_0832,4
GEO_R01_0768_1504,4
GEO_R01_0704_0768,4
GEO_R01_0448_0800,4
GEO_R01_1664_1280,4
GEO_R01_1760_1152,4
GEO_R01_0128_1760,4
GEO_R01_2016_1312,4
GEO_R01_1312_1248,4
GEO_R01_1216_1344,4
GEO_R01_0896_0704,4
GEO_R01_1632_2080,4
GEO_R01_0384_0768,4
GEO_R01_1024_1312,4
GEO_R01_1376_1664,4
GEO_R01_0352_1696,4
GEO_R01_0992_0704,4
GEO_R01_0320_1152,4
GEO_R01_2304_1472,1
GEO_R01_0256_0768,4
GEO_R01_1120_1632,4
GEO_R01_0896_1344,4
GEO_R01_1664_1184,4
GEO_R01_1376_1920,4
GEO_R01_1024_1280,4
GEO_R01_1728_1792,4
GEO_R01_1152_0704,4
GEO_R01_1984_1504,4
GEO_R01_0288_1824,4
GEO_R01_1152_1696,4
GEO_R01_1504_1984,4
GEO_R01_0448_0480,4
GEO_R01_1792_1728,4
GEO_R01_2208_1024,4
GEO_R01_0992_0224,4
GEO_R01_0512_1120,4
GEO_R01_1504_0512,4
GEO_R01_0288_2080,0
GEO_R01_1088_1504,4
GEO_R01_1632_1504,4
GEO_R01_1792_2048,4
GEO_R01_0608_0608,4
GEO_R01_0000_0256,4
GEO_R01_1600_1792,4
GEO_R01_0864_0096,4
GEO_R01_0608_0288,4
GEO_R01_0928_1952,4
GEO_R01_0992_0896,4
GEO_R01_0928_0480,4
GEO_R01_1824_1568,4
GEO_R01_1888_2112,4
GEO_R01_0768_1312,4
GEO_R01_1664_1248,4
GEO_R01_0480_0032,4
GEO_R01_0544_0128,4
GEO_R01_1152_1280,4
GEO_R01_0224_1184,4
GEO_R01_1408_0576,4
GEO_R01_0032_0064,4
GEO_R01_1504_1056,4
GEO_R01_0416_0768,4
GEO_R01_1248_0928,4
GEO_R01_0832_0608,4
GEO_R01_0480_1792,4
GEO_R01_1088_0896,4
GEO_R01_1088_0768,4
GEO_R01_1632_1120,4
GEO_R01_1568_1728,4
GEO_R01_1824_0768,4
GEO_R01_0288_0736,4
GEO_R01_2080_1024,4
GEO_R01_1088_2368,4
GEO_R01_0448_0512,4
GEO_R01_0864_2208,4
GEO_R01_1120_0672,4
GEO_R01_1472_0288,4
GEO_R01_1824_1664,4
GEO_R01_1472_1248,4
GEO_R01_1120_1664,4
GEO_R01_0352_2048,4
GEO_R01_1472_0960,4
GEO_R01_1792_1632,4
GEO_R01_0480_0416,4
GEO_R01_0896_0320,4
GEO_R01_2112_0960,4
GEO_R01_0544_0736,4
GEO_R01_1632_1472,4
GEO_R01_2016_0640,4
GEO_R01_0928_0128,4
GEO_R01_1952_1792,4
GEO_R01_1216_1056,4
GEO_R01_1408_0736,4
GEO_R01_1440_1184,4
GEO_R01_0864_1248,4
GEO_R01_0512_0480,4
GEO_R01_1376_0576,4
GEO_R01_1696_0992,4
GEO_R01_0288_1856,4
GEO_R01_1568_1120,4
GEO_R01_0512_1792,4
GEO_R01_0352_1376,4
GEO_R01_1600_0832,4
GEO_R01_1600_1760,4
GEO_R01_0416_0416,4
GEO_R01_0096_2016,4
GEO_R01_0896_1664,0
GEO_R01_0224_1888,4
GEO_R01_1088_0640,4
GEO_R01_0128_1888,4
GEO_R01_0032_1824,4
GEO_R01_0640_0320,4
GEO_R01_1888_1952,4
GEO_R01_0960_0768,4
GEO_R01_0832_1056,5
GEO_R01_1696_1728,4
GEO_R01_1888_1248,4
GEO_R01_1600_1056,4
GEO_R01_0832_1504,4
GEO_R01_1408_0800,4
GEO_R01_1312_2112,4
GEO_R01_1056_0960,4
GEO_R01_2080_0928,4
GEO_R01_1536_1120,4
GEO_R01_0960_0000,4
GEO_R01_1888_0832,4
GEO_R01_1088_1184,4
GEO_R01_1408_1184,4
GEO_R01_0768_1056,5
GEO_R01_0480_0480,4
GEO_R01_1888_0896,4
GEO_R01_0000_0608,4
GEO_R01_1952_0704,4
GEO_R01_0608_1792,4
GEO_R01_1664_1920,4
GEO_R01_1888_2016,4
GEO_R01_0864_2304,4
GEO_R01_0448_0384,4
GEO_R01_0192_1088,4
GEO_R01_0256_2368,4
GEO_R01_2176_0960,4
GEO_R01_0768_0864,4
GEO_R01_1376_0832,4
GEO_R01_0160_1152,4
GEO_R01_1568_1248,4
GEO_R01_0736_1248,4
GEO_R01_0864_0736,4
GEO_R01_1184_1216,4
GEO_R01_1120_1248,4
GEO_R01_0576_1312,4
GEO_R01_0512_1696,4
GEO_R01_0608_0256,4
GEO_R01_0480_1728,4
GEO_R01_1536_0544,4
GEO_R01_1184_0160,0
GEO_R01_0928_2080,4
GEO_R01_1504_1184,4
GEO_R01_1984_1856,4
GEO_R01_1856_2016,4
GEO_R01_0448_2016,4
GEO_R01_1024_1472,4
GEO_R01_1312_0800,4
GEO_R01_0736_1344,4
GEO_R01_0096_1920,4
GEO_R01_1056_1120,4
GEO_R01_0768_1568,4
GEO_R01_0896_0832,4
GEO_R01_1568_1280,4
GEO_R01_1568_1568,4
GEO_R01_0064_2080,4
GEO_R01_0576_1216,4
GEO_R01_0384_0544,4
GEO_R01_1440_0736,4
GEO_R01_0128_2176,4
GEO_R01_1344_1920,4
GEO_R01_0992_1120,4
GEO_R01_0960_2016,4
GEO_R01_0768_2240,4
GEO_R01_1568_1184,4
GEO_R01_0096_0512,4
GEO_R01_0864_1984,4
GEO_R01_1952_0576,4
GEO_R01_0032_1312,4
GEO_R01_0416_2304,0
GEO_R01_1952_2080,4
GEO_R01_1280_1984,4
GEO_R01_1408_0928,4
GEO_R01_2016_1856,4
GEO_R01_0992_0160,4
GEO_R01_0448_1760,4
GEO_R01_1888_0800,4
GEO_R01_1568_0160,4
GEO_R01_0960_1504,4
GEO_R01_0864_0704,4
GEO_R01_1824_2208,4
GEO_R01_0928_0032,4
GEO_R01_1920_1536,4
GEO_R01_1088_1728,4
GEO_R01_0608_0768,4
GEO_R01_1696_0896,4
GEO_R01_0704_1312,4
GEO_R01_1472_1696,4
GEO_R01_1856_0960,4
GEO_R01_0960_0128,4
GEO_R01_1696_1856,4
GEO_R01_2208_1792,3
GEO_R01_0672_0608,4
GEO_R01_0416_0800,4
GEO_R01_1472_0992,4
GEO_R01_1920_2016,4
GEO_R01_1888_1888,4
GEO_R01_0128_0544,4
GEO_R01_0000_0096,4
GEO_R01_1056_1248,4
GEO_R01_1760_2016,4
GEO_R01_0096_1664,4
GEO_R01_1152_1472,4
GEO_R01_1856_1760,4
GEO_R01_1824_1632,4
GEO_R01_0992_1312,4
GEO_R01_0960_2240,4
GEO_R01_1696_1248,4
GEO_R01_1504_0896,4
GEO_R01_0896_0640,4
GEO_R01_1024_0352,4
GEO_R01_1056_1536,4
GEO_R01_0864_1536,4
GEO_R01_1504_1504,4
GEO_R01_2112_1056,4
GEO_R01_0128_0832,0
GEO_R01_0672_1248,4
GEO_R01_1408_0128,4
GEO_R01_1792_0800,4
GEO_R01_1824_0864,4
GEO_R01_0832_1280,4
GEO_R01_2144_0960,4
GEO_R01_1760_1824,4
GEO_R01_2112_1184,4
GEO_R01_1632_1216,4
GEO_R01_0384_0800,4
GEO_R01_1088_0736,4
GEO_R01_0480_1504,4
GEO_R01_1664_1120,4
GEO_R01_0704_1856,4
GEO_R01_0192_0384,0
GEO_R01_1376_0864,4
GEO_R01_1824_0832,4
GEO_R01_2208_0992,4
GEO_R01_0640_0512,4
GEO_R01_1216_0736,4
GEO_R01_1536_1504,4
GEO_R01_0128_2112,4
GEO_R01_0320_0736,4
GEO_R01_1952_0736,4
GEO_R01_1824_1792,4
GEO_R01_1280_1472,4
GEO_R01_0576_0256,4
GEO_R01_0608_1280,4
GEO_R01_2016_1472,4
GEO_R01_0384_0128,4
GEO_R01_1504_2016,4
GEO_R01_0032_1344,4
GEO_R01_2080_1152,4
GEO_R01_1056_1888,4
GEO_R01_1344_0576,4
GEO_R01_0896_1952,4
GEO_R01_0000_0800,4
GEO_R01_1792_0896,4
GEO_R01_0928_0832,4
GEO_R01_1792_0928,4
GEO_R01_1792_1664,4
GEO_R01_1984_1696,4
GEO_R01_0928_0960,4
GEO_R01_1344_1600,4
GEO_R01_1536_1760,4
GEO_R01_1184_0672,4
GEO_R01_1088_1888,4
GEO_R01_0896_0512,4
GEO_R01_1088_0672,4
GEO_R01_1120_1472,4
GEO_R01_0704_0992,5
GEO_R01_0832_1440,4
GEO_R01_0800_1280,4
GEO_R01_1600_0992,4
GEO_R01_1216_1088,4
GEO_R01_0960_1632,0
GEO_R01_0928_0992,4
GEO_R01_1888_1024,4
GEO_R01_0160_2016,4
GEO_R01_1376_1120,4
GEO_R01_0704_0672,4
GEO_R01_0992_0768,4
GEO_R01_1760_2080,4
GEO_R01_0864_1216,4
GEO_R01_0928_0672,4
GEO_R01_0160_1888,4
GEO_R01_0832_1344,4
GEO_R01_0128_1088,4
GEO_R01_0000_2368,4
GEO_R01_1120_0960,4
GEO_R01_0192_2080,4
GEO_R01_1312_1216,4
GEO_R01_1760_1792,4
GEO_R01_1824_1120,4
GEO_R01_1632_1888,4
GEO_R01_1504_0064,4
GEO_R01_0096_0576,4
GEO_R01_0864_0640,4
GEO_R01_1600_2080,4
GEO_R01_1632_0800,4
GEO_R01_0736_1056,5
GEO_R01_0896_0160,4
GEO_R01_0576_1056,4
GEO_R01_0992_0416,4
GEO_R01_1920_1792,4
GEO_R01_1600_1888,4
GEO_R01_2240_1056,4
GEO_R01_1792_1216,4
GEO_R01_1120_0320,4
GEO_R01_0192_0480,4
GEO_R01_1664_2048,4
GEO_R01_1536_1728,4
GEO_R01_0352_0864,4
GEO_R01_2144_1088,4
GEO_R01_1472_0640,4
GEO_R01_1952_2112,4
GEO_R01_1568_2048,4
GEO_R01_1760_0736,4
GEO_R01_0512_2112,4
GEO_R01_1952_1216,4
GEO_R01_0448_2080,4
GEO_R01_0384_1408,4
GEO_R01_0704_1440,4
GEO_R01_1440_1952,4
GEO_R01_1920_1504,4
GEO_R01_0416_0480,4
GEO_R01_0832_2112,4
GEO_R01_1824_0800,4
GEO_R01_2208_1824,3
GEO_R01_0864_2336,4
GEO_R01_0800_1120,5
GEO_R01_1088_0576,4
GEO_R01_1152_1440,4
GEO_R01_1632_1376,4
GEO_R01_0512_0064,4
GEO_R01_0576_1344,4
GEO_R01_2048_1504,4
GEO_R01_1920_1760,4
GEO_R01_0096_0480,4
GEO_R01_1504_1856,4
GEO_R01_0640_0064,4
GEO_R01_0928_1088,4
GEO_R01_0704_1760,4
GEO_R01_0192_0928,0
GEO_R01_2016_1888,4
GEO_R01_1440_1024,4
GEO_R01_1792_1024,4
GEO_R01_0064_1984,4
GEO_R01_1440_1824,4
GEO_R01_0224_1856,4
GEO_R01_1440_1120,4
GEO_R01_0640_0832,4
GEO_R01_1120_1216,4
GEO_R01_1664_1056,4
GEO_R01_0192_0544,4
GEO_R01_0960_0896,4
GEO_R01_0800_2208,4
GEO_R01_0960_0192,4
GEO_R01_0512_2208,4
GEO_R01_0672_0384,4
GEO_R01_1312_1472,4
GEO_R01_0960_1792,4
GEO_R01_1248_1056,4
GEO_R01_0832_0640,4
GEO_R01_1568_1056,4
GEO_R01_1056_1728,4
GEO_R01_0576_0064,4
GEO_R01_0928_0800,4
GEO_R01_0480_1472,4
GEO_R01_1536_1824,4
GEO_R01_1024_1184,4
GEO_R01_1152_1184,4
GEO_R01_1504_0256,4
GEO_R01_0064_2112,4
GEO_R01_0640_2336,4
GEO_R01_1760_1184,4
GEO_R01_0672_2048,4
GEO_R01_1440_1536,4
GEO_R01_0672_0704,4
GEO_R01_0896_1984,4
GEO_R01_0544_1728,4
GEO_R01_0096_0032,4
GEO_R01_0928_2336,4
GEO_R01_0896_0864,4
GEO_R01_0064_1280,4
GEO_R01_0832_2304,4
GEO_R01_2208_1088,4
GEO_R01_1184_0800,4
GEO_R01_1088_1248,4
GEO_R01_1024_0480,4
GEO_R01_1344_1792,4
GEO_R01_0736_1440,4
GEO_R01_0704_0640,4
GEO_R01_0448_1344,4
GEO_R01_1248_1792,4
GEO_R01_1280_1824,4
GEO_R01_0192_1152,4
GEO_R01_0384_1792,4
GEO_R01_0480_2112,4
GEO_R01_2048_1696,4
GEO_R01_1824_0960,4
GEO_R01_1472_1024,4
GEO_R01_1504_0032,4
GEO_R01_0064_1312,4
GEO_R01_0192_1792,4
GEO_R01_0416_1696,4
GEO_R01_0704_1120,5
GEO_R01_1408_0160,4
GEO_R01_1440_0576,4
GEO_R01_0576_0704,4
GEO_R01_0672_0672,4
GEO_R01_0832_2080,4
GEO_R01_0320_0704,4
GEO_R01_0576_0640,4
GEO_R01_1440_1312,4
GEO_R01_0544_1504,4
GEO_R01_1728_0992,4
GEO_R01_1696_1664,4
GEO_R01_0000_1792,4
GEO_R01_0800_1728,0
GEO_R01_0800_0608,4
GEO_R01_0448_0544,4
GEO_R01_0544_0256,4
GEO_R01_1152_0768,4
GEO_R01_0832_0832,4
GEO_R01_1344_1280,4
GEO_R01_0000_1312,4
GEO_R01_1472_0736,4
GEO_R01_1536_1888,4
GEO_R01_0896_0608,4
GEO_R01_0032_0512,4
GEO_R01_1888_0704,4
GEO_R01_0000_2336,4
GEO_R01_1472_0256,4
GEO_R01_0928_0288,4
GEO_R01_1888_0736,4
GEO_R01_0992_0960,4
GEO_R01_0192_1824,4
GEO_R01_1600_0512,4
GEO_R01_1760_1952,4
GEO_R01_0352_1280,4
GEO_R01_0640_1504,4
GEO_R01_0544_1184,4
GEO_R01_0544_2144,4
GEO_R01_2144_0992,4
GEO_R01_1472_1664,4
GEO_R01_1760_1600,4
GEO_R01_1920_1696,4
GEO_R01_1024_0416,4
GEO_R01_1120_0768,4
GEO_R01_0544_0192,4
GEO_R01_0480_1152,4
GEO_R01_1184_1568,4
GEO_R01_1696_1152,4
GEO_R01_1568_0896,4
GEO_R01_1536_0928,4
GEO_R01_0576_0736,4
GEO_R01_0928_2272,4
GEO_R01_0032_0256,4
GEO_R01_1536_0960,4
GEO_R01_0640_2144,4
GEO_R01_0832_0704,4
GEO_R01_0704_2208,4
GEO_R01_1472_0768,4
GEO_R01_0896_1408,4
GEO_R01_0096_2112,4
GEO_R01_1792_2176,4
GEO_R01_0864_1504,4
GEO_R01_0864_0864,4
GEO_R01_0576_0672,4
GEO_R01_0640_1792,4
GEO_R01_0448_0128,4
GEO_R01_1312_1984,4
GEO_R01_1248_1120,4
GEO_R01_0704_1728,4
GEO_R01_0992_0192,4
GEO_R01_0672_0768,4
GEO_R01_0768_0352,4
GEO_R01_0384_0640,4
GEO_R01_1536_1472,4
GEO_R01_1280_2080,4
GEO_R01_1632_2144,4
GEO_R01_1376_1568,4
GEO_R01_0960_0928,4
GEO_R01_1408_1696,4
GEO_R01_1056_1568,4
GEO_R01_1824_1376,0
GEO_R01_0960_0992,4
GEO_R01_0096_2272,4
GEO_R01_1664_1376,4
GEO_R01_0064_0064,4
GEO_R01_0800_1408,4
GEO_R01_0928_2048,4
GEO_R01_0928_0864,4
GEO_R01_1056_2016,4
GEO_R01_1184_0128,0
GEO_R01_1248_1472,4
GEO_R01_1632_1312,4
GEO_R01_0000_0384,4
GEO_R01_1472_1472,4
GEO_R01_1824_1056,4
GEO_R01_2112_1600,4
GEO_R01_0448_0576,4
GEO_R01_1664_2144,4
GEO_R01_0736_0672,4
GEO_R01_1312_1376,4
GEO_R01_0736_1504,4
GEO_R01_0736_2208,4
GEO_R01_1568_1600,4
GEO_R01_1344_1312,4
GEO_R01_0768_0736,4
GEO_R01_0384_1728,4
GEO_R01_0128_1792,4
GEO_R01_0960_1056,4
GEO_R01_1472_1280,4
GEO_R01_1472_1152,4
GEO_R01_0480_1120,4
GEO_R01_1024_0160,4
GEO_R01_1408_0416,4
GEO_R01_0160_0640,0
GEO_R01_1504_1472,4
GEO_R01_0896_2304,4
GEO_R01_1536_1344,4
GEO_R01_0160_0672,0
GEO_R01_1184_1088,4
GEO_R01_1056_1696,4
GEO_R01_1856_1056,4
GEO_R01_1344_0896,4
GEO_R01_1408_0448,4
GEO_R01_0352_1760,4
GEO_R01_0224_1216,4
GEO_R01_1600_1504,4
GEO_R01_1664_1792,4
GEO_R01_1504_1312,4
GEO_R01_0992_0800,4
GEO_R01_0320_1056,4
GEO_R01_0416_1792,4
GEO_R01_0640_0640,4
GEO_R01_0608_0736,4
GEO_R01_1440_0704,4
GEO_R01_1248_0896,4
GEO_R01_0320_0768,4
GEO_R01_1440_0960,4
GEO_R01_0896_0800,4
GEO_R01_1600_1344,4
GEO_R01_1440_1376,4
GEO_R01_0192_0288,0
GEO_R01_1824_2048,4
GEO_R01_1888_0768,4
GEO_R01_1568_1952,4
GEO_R01_0544_2112,4
GEO_R01_1280_1280,4
GEO_R01_1088_1088,4
GEO_R01_0544_1024,4
GEO_R01_1824_2016,4
GEO_R01_1376_0608,4
GEO_R01_0352_0672,4
GEO_R01_0800_1024,5
GEO_R01_0448_0768,4
GEO_R01_2080_1568,4
GEO_R01_2048_1856,4
GEO_R01_1344_1888,4
GEO_R01_0032_1760,4
GEO_R01_1120_1824,4
GEO_R01_1760_1216,4
GEO_R01_1792_1856,4
GEO_R01_1472_0448,4
GEO_R01_1536_1152,4
GEO_R01_1856_1856,4
GEO_R01_0832_1536,4
GEO_R01_0064_2240,4
GEO_R01_0384_0704,4
GEO_R01_1600_1568,4
GEO_R01_0000_0864,4
GEO_R01_1824_0928,4
GEO_R01_1504_0096,4
GEO_R01_1632_1760,4
GEO_R01_0800_0928,4
GEO_R01_1312_1312,4
GEO_R01_1376_1856,4
GEO_R01_1344_0544,4
GEO_R01_0896_1632,0
GEO_R01_0960_1280,4
GEO_R01_0288_0704,4
GEO_R01_0640_1920,4
GEO_R01_0256_1184,4
GEO_R01_0704_1920,4
GEO_R01_1856_0928,4
GEO_R01_0832_1248,4
GEO_R01_0960_0160,4
GEO_R01_0288_0800,4
GEO_R01_0960_0320,4
GEO_R01_0768_1408,4
GEO_R01_0896_0352,4
GEO_R01_0128_1952,4
GEO_R01_0064_0032,4
GEO_R01_1568_0064,4
GEO_R01_0992_0288,4
GEO_R01_1440_1504,4
GEO_R01_1312_1696,4
GEO_R01_0384_1216,4
GEO_R01_1344_2112,4
GEO_R01_0832_0736,4
GEO_R01_1664_1696,4
GEO_R01_1664_0928,4
GEO_R01_1664_1024,4
GEO_R01_1792_2336,4
GEO_R01_0832_2336,4
GEO_R01_0768_1536,4
GEO_R01_1184_1024,4
GEO_R01_0640_0032,4
GEO_R01_0320_0512,4
GEO_R01_1984_1184,4
GEO_R01_0224_0576,4
GEO_R01_0352_2016,4
GEO_R01_1088_0800,4
GEO_R01_0672_1472,4
GEO_R01_0576_2112,4
GEO_R01_0736_1376,4
GEO_R01_0384_1696,4
GEO_R01_0352_0512,4
GEO_R01_0416_1824,4
GEO_R01_0096_2240,4
GEO_R01_1824_1728,4
GEO_R01_0192_1952,4
GEO_R01_1344_0864,4
GEO_R01_1760_1696,4
GEO_R01_0704_0576,4
GEO_R01_0256_0032,4
GEO_R01_1952_0928,4
GEO_R01_1344_1248,4
GEO_R01_0160_1632,4
GEO_R01_0672_2336,4
GEO_R01_0768_1280,4
GEO_R01_0160_2144,4
GEO_R01_1952_1536,4
GEO_R01_1728_2112,4
GEO_R01_1728_2016,4
GEO_R01_0416_0544,4
GEO_R01_1920_0864,4
GEO_R01_0864_0128,4
GEO_R01_0736_1216,4
GEO_R01_1984_1792,4
GEO_R01_0128_0480,4
GEO_R01_0480_1440,4
GEO_R01_0960_0736,4
GEO_R01_0160_0704,0
GEO_R01_1024_1216,4
GEO_R01_0864_2240,4
GEO_R01_1440_1248,4
GEO_R01_0832_0384,4
GEO_R01_0512_1728,4
GEO_R01_2048_0544,4
GEO_R01_0608_0032,4
GEO_R01_0480_0448,4
GEO_R01_1280_0704,4
GEO_R01_0128_1728,4
GEO_R01_0192_1376,4
GEO_R01_1024_0000,4
GEO_R01_0960_0800,4
GEO_R01_1216_0768,4
GEO_R01_1760_0768,4
GEO_R01_1920_0896,4
GEO_R01_0544_1152,4
GEO_R01_2048_0960,4
GEO_R01_0576_1376,4
GEO_R01_1024_0032,4
GEO_R01_1632_0512,4
GEO_R01_1728_1184,4
GEO_R01_1760_1888,4
GEO_R01_1568_2016,4
GEO_R01_1504_0928,4
GEO_R01_0320_2336,4
GEO_R01_1152_0320,4
GEO_R01_2048_1568,4
GEO_R01_0032_0224,4
GEO_R01_1632_0896,4
GEO_R01_1696_0864,4
GEO_R01_1216_0640,4
GEO_R01_0512_2048,4
GEO_R01_0608_1376,4
GEO_R01_1760_0896,4
GEO_R01_0448_1824,4
GEO_R01_1120_0704,4
GEO_R01_1728_1024,4
GEO_R01_1408_1472,4
GEO_R01_1952_0768,4
GEO_R01_0128_1664,4
GEO_R01_1536_0096,4
GEO_R01_1696_1760,4
GEO_R01_0096_1280,4
GEO_R01_0192_1344,4
GEO_R01_1600_1312,4
GEO_R01_1024_1088,4
GEO_R01_0608_1920,4
GEO_R01_1184_0416,4
GEO_R01_0000_1344,4
GEO_R01_1376_1952,4
GEO_R01_0288_0832,4
GEO_R01_0064_0512,4
GEO_R01_1344_2048,4
GEO_R01_1632_0992,4
GEO_R01_1152_0832,4
GEO_R01_1920_0704,4
GEO_R01_1120_0288,4
GEO_R01_0672_0864,4
GEO_R01_1472_1920,4
GEO_R01_0480_1408,4
GEO_R01_1440_0448,4
GEO_R01_1536_2016,4
GEO_R01_1440_1472,4
GEO_R01_1056_1472,4
GEO_R01_0608_1344,4
GEO_R01_1024_1152,4
GEO_R01_1632_1728,4
GEO_R01_0928_1440,4
GEO_R01_1856_1952,4
GEO_R01_0704_0800,4
GEO_R01_1120_1760,4
GEO_R01_1120_0992,4
GEO_R01_0576_0224,4
GEO_R01_0704_0832,4
GEO_R01_1472_0864,4
GEO_R01_0640_1888,4
GEO_R01_1056_0000,4
GEO_R01_1184_0384,4
GEO_R01_1248_2080,4
GEO_R01_0480_2080,4
GEO_R01_1792_2304,4
GEO_R01_1440_0288,4
GEO_R01_0832_0672,4
GEO_R01_0576_2176,4
GEO_R01_0448_1664,4
GEO_R01_1824_1888,4
GEO_R01_1152_0736,4
GEO_R01_0128_2368,4
GEO_R01_0864_0384,4
GEO_R01_1248_0608,4
GEO_R01_1664_0800,4
GEO_R01_1216_0384,4
GEO_R01_0672_1760,4
GEO_R01_0928_0384,4
GEO_R01_0000_0224,4
GEO_R01_0480_0096,4
GEO_R01_0992_0480,4
GEO_R01_1824_2304,4
GEO_R01_1440_1344,4
GEO_R01_0096_2208,4
GEO_R01_0736_0896,4
GEO_R01_1152_0800,4
GEO_R01_0864_1056,5
GEO_R01_1344_1472,4
GEO_R01_2016_1664,4
GEO_R01_1920_2144,4
GEO_R01_0512_0992,4
GEO_R01_0512_1568,4
GEO_R01_0800_1248,4
GEO_R01_0224_2048,4
GEO_R01_1280_0864,4
GEO_R01_0512_1344,4
GEO_R01_0960_1952,4
GEO_R01_0256_1152,4
GEO_R01_0960_2368,4
GEO_R01_1472_0576,4
GEO_R01_1024_0384,4
GEO_R01_0992_2080,4
GEO_R01_0896_1280,4
GEO_R01_1856_1600,4
GEO_R01_1664_2016,4
GEO_R01_0064_0192,4
GEO_R01_1984_1536,4
GEO_R01_0800_2144,4
GEO_R01_1856_0864,4
GEO_R01_0864_2272,4
GEO_R01_1824_0992,4
GEO_R01_0576_0832,4
GEO_R01_0864_2144,4
GEO_R01_0448_0736,4
GEO_R01_1120_1312,4
GEO_R01_0640_0576,4
GEO_R01_0384_1984,4
GEO_R01_0928_1152,4
GEO_R01_1344_1216,4
GEO_R01_1184_0576,4
GEO_R01_0256_1728,4
GEO_R01_1312_1728,4
GEO_R01_0000_0928,4
GEO_R01_0992_0448,4
GEO_R01_0704_1472,4
GEO_R01_1440_1056,4
GEO_R01_0224_1984,4
GEO_R01_1216_0704,4
GEO_R01_0416_0160,4
GEO_R01_1280_0800,4
GEO_R01_1280_0448,4
GEO_R01_1024_0800,4
GEO_R01_0096_0864,0
GEO_R01_0800_2240,4
GEO_R01_1248_0704,4
GEO_R01_0192_0320,0
GEO_R01_1344_1344,4
GEO_R01_1856_1088,4
GEO_R01_1504_1344,4
GEO_R01_2112_0640,4
GEO_R01_0768_0704,4
GEO_R01_1792_0544,4
GEO_R01_0256_1760,4
GEO_R01_1344_1664,4
GEO_R01_0832_0864,4
GEO_R01_0864_0192,4
GEO_R01_1696_1024,4
GEO_R01_1888_2080,4
GEO_R01_1440_0896,4
GEO_R01_1408_1664,4
GEO_R01_2080_0704,4
GEO_R01_0640_1952,4
GEO_R01_0672_0512,4
GEO_R01_1632_2048,4
GEO_R01_1408_1536,4
GEO_R01_1280_1728,4
GEO_R01_1504_1216,4
GEO_R01_1536_1696,4
GEO_R01_1120_1440,4
GEO_R01_1280_2112,4
GEO_R01_0064_0448,4
GEO_R01_1728_0320,4
GEO_R01_1280_1024,4
GEO_R01_0448_1728,4
GEO_R01_0352_0544,4
GEO_R01_0384_0320,4
GEO_R01_0672_1344,4
GEO_R01_1408_1120,4
GEO_R01_0608_0832,4
GEO_R01_1728_0800,4
GEO_R01_0064_1792,4
GEO_R01_1216_0576,4
GEO_R01_1536_1376,4
GEO_R01_1696_1920,4
GEO_R01_1920_0672,4
GEO_R01_1856_1728,4
GEO_R01_0000_0416,4
GEO_R01_1248_0960,4
GEO_R01_0448_0160,4
GEO_R01_0928_1408,4
GEO_R01_1376_1344,4
GEO_R01_0160_1184,4
GEO_R01_1152_1632,4
GEO_R01_0000_0672,4
GEO_R01_0768_1120,5
GEO_R01_1376_1504,4
GEO_R01_1824_1984,4
GEO_R01_0896_1440,4
GEO_R01_1152_1024,4
GEO_R01_0576_1760,4
GEO_R01_1344_0832,4
GEO_R01_0928_0768,4
GEO_R01_1056_2048,4
GEO_R01_1184_1536,4
GEO_R01_1632_1536,4
GEO_R01_2048_0640,4
GEO_R01_0960_0064,4
GEO_R01_1792_1568,4
GEO_R01_1376_1632,4
GEO_R01_1856_0640,4
GEO_R01_1792_1696,4
GEO_R01_0608_0672,4
GEO_R01_1888_1920,4
GEO_R01_1568_1152,4
GEO_R01_1568_0544,4
GEO_R01_0224_1696,4
GEO_R01_1664_1344,4
GEO_R01_0096_1824,4
GEO_R01_1696_1184,4
GEO_R01_0128_2272,4
GEO_R01_0224_0736,4
GEO_R01_0448_0416,4
GEO_R01_1024_0928,4
GEO_R01_0576_2016,4
GEO_R01_0352_0800,4
GEO_R01_1440_1088,4
GEO_R01_2144_1024,4
GEO_R01_1632_1600,4
GEO_R01_1280_1248,4
GEO_R01_0480_0800,4
GEO_R01_0864_0832,4
GEO_R01_0576_0800,4
GEO_R01_0352_1216,4
GEO_R01_1088_0864,4
GEO_R01_0640_0448,4
GEO_R01_1792_2016,4
GEO_R01_1344_1984,4
GEO_R01_0608_0640,4
GEO_R01_0480_1568,4
GEO_R01_1632_1920,4
GEO_R01_1952_1056,4
GEO_R01_0896_0128,4
GEO_R01_1760_2176,4
GEO_R01_0160_1088,4
GEO_R01_1504_0640,4
GEO_R01_1184_0992,4
GEO_R01_0352_0384,4
GEO_R01_0192_0512,4
GEO_R01_1312_1920,4
GEO_R01_0000_0768,4
GEO_R01_0736_1024,5
GEO_R01_1984_0960,4
GEO_R01_2048_0608,4
GEO_R01_0288_0544,4
GEO_R01_0992_1216,4
GEO_R01_1824_2368,4
GEO_R01_0576_2048,4
GEO_R01_0448_1536,4
GEO_R01_1568_1408,4
GEO_R01_1088_0832,4
GEO_R01_1760_1920,4
GEO_R01_0800_1088,5
GEO_R01_1312_1568,4
GEO_R01_0864_1632,0
GEO_R01_0160_0896,0
GEO_R01_1728_0928,4
GEO_R01_0800_2304,4
GEO_R01_0640_1344,4
GEO_R01_0320_1120,4
GEO_R01_1504_1824,4
GEO_R01_1344_1152,4
GEO_R01_1728_1600,4
GEO_R01_0192_1120,4
GEO_R01_0928_0608,4
GEO_R01_0032_2368,4
GEO_R01_1856_1984,4
GEO_R01_1536_1024,4
GEO_R01_1920_0928,4
GEO_R01_0864_0352,4
GEO_R01_1568_0096,4
GEO_R01_0800_1504,4
GEO_R01_0576_0864,4
GEO_R01_1280_1376,4
GEO_R01_1472_1088,4
GEO_R01_1024_0320,4
GEO_R01_0896_1216,4
GEO_R01_1280_0736,4
GEO_R01_0544_1056,4
GEO_R01_0192_1856,4
GEO_R01_0416_1664,4
GEO_R01_0992_2336,4
GEO_R01_1824_1408,0
GEO_R01_1600_1184,4
GEO_R01_0896_2208,4
GEO_R01_0128_1920,4
GEO_R01_1312_0768,4
GEO_R01_1056_0768,4
GEO_R01_1632_1664,4
GEO_R01_0512_1664,4
GEO_R01_1504_1024,4
GEO_R01_1664_2112,4
GEO_R01_1376_1312,4
GEO_R01_0480_0000,4
GEO_R01_0064_1248,4
GEO_R01_0320_1888,4
GEO_R01_1888_0640,4
GEO_R03_0000_0640,3
GEO_R03_0128_1952,3
GEO_R03_1984_1664,3
GEO_R03_1248_2336,3
GEO_R03_2080_1152,4
GEO_R03_0224_0800,3
GEO_R03_0896_1088,4
GEO_R03_2272_0576,3
GEO_R03_1312_0576,3
GEO_R03_2336_1568,3
GEO_R03_2176_2144,3
GEO_R03_1632_2336,3
GEO_R03_1120_1568,3
GEO_R03_2080_1824,3
GEO_R03_1120_0256,3
GEO_R03_1344_0224,3
GEO_R03_1440_0160,3
GEO_R03_1216_1312,4
GEO_R03_0928_1440,4
GEO_R03_2016_0448,3
GEO_R03_1024_0192,3
GEO_R03_0032_1408,3
GEO_R03_1248_1344,4
GEO_R03_0160_0352,3
GEO_R03_2016_0480,3
GEO_R03_1184_1472,4
GEO_R03_0352_0736,3
GEO_R03_1952_0032,3
GEO_R03_0448_0000,3
GEO_R03_0416_0640,3
GEO_R03_0512_0000,3
GEO_R03_0800_0352,3
GEO_R03_0000_2144,3
GEO_R03_2336_0576,3
GEO_R03_0288_2208,3
GEO_R03_0800_1440,4
GEO_R03_1920_0032,3
GEO_R03_1184_0064,3
GEO_R03_1760_2240,3
GEO_R03_1120_1408,4
GEO_R03_0800_1824,3
GEO_R03_1408_1216,4
GEO_R03_1216_0416,3
GEO_R03_0896_0192,3
GEO_R03_1248_1728,4
GEO_R03_1056_1984,3
GEO_R03_1856_0608,3
GEO_R03_1568_0096,3
GEO_R03_0512_1504,4
GEO_R03_2176_0544,3
GEO_R03_1504_0192,3
GEO_R03_1664_2112,3
GEO_R03_1120_0032,3
GEO_R03_0128_0704,3
GEO_R03_1152_2112,0
GEO_R03_1952_0096,3
GEO_R03_0896_0576,3
GEO_R03_0800_0000,3
GEO_R03_0992_2336,3
GEO_R03_1952_2080,3
GEO_R03_1312_2368,3
GEO_R03_0864_0288,3
GEO_R03_1440_1824,3
GEO_R03_1376_2368,3
GEO_R03_2016_2336,3
GEO_R03_0736_0896,4
GEO_R03_1536_0608,2
GEO_R03_0384_1600,3
GEO_R03_2208_0608,3
GEO_R03_0896_0096,3
GEO_R03_0128_0544,3
GEO_R03_1120_1376,4
GEO_R03_2016_0384,3
GEO_R03_1696_0768,0
GEO_R03_0896_0352,3
GEO_R03_1184_1344,4
GEO_R03_1120_0192,3
GEO_R03_1280_1024,4
GEO_R03_1760_1920,3
GEO_R03_0288_0256,3
GEO_R03_0096_2368,0
GEO_R03_0832_0192,3
GEO_R03_0928_0896,4
GEO_R03_0160_0192,3
GEO_R03_1312_0896,4
GEO_R03_0256_0928,3
GEO_R03_0000_0288,3
GEO_R03_1504_1600,4
GEO_R03_0800_0224,3
GEO_R03_2208_0544,3
GEO_R03_1152_1920,3
GEO_R03_0288_1920,3
GEO_R03_2112_0160,3
GEO_R03_0928_1088,4
GEO_R03_1120_0288,3
GEO_R03_2208_0320,3
GEO_R03_0800_1312,4
GEO_R03_1344_0320,3
GEO_R03_0000_1696,3
GEO_R03_1056_0704,0
GEO_R03_0224_0224,3
GEO_R03_0928_1376,4
GEO_R03_0640_1184,4
GEO_R03_0672_0096,3
GEO_R03_1888_0000,3
GEO_R03_2016_1952,3
GEO_R03_1568_2080,3
GEO_R03_0256_1600,3
GEO_R03_1248_0896,4
GEO_R03_0480_0000,3
GEO_R03_0256_1280,4
GEO_R03_0192_0128,3
GEO_R03_0960_0224,3
GEO_R03_0288_1120,3
GEO_R03_1664_0192,3
GEO_R03_0480_0192,3
GEO_R03_0736_0416,3
GEO_R03_1696_0512,3
GEO_R03_0448_0256,3
GEO_R03_0512_0224,3
GEO_R03_0832_1312,4
GEO_R03_2176_1440,3
GEO_R03_2304_0544,3
GEO_R03_1632_2304,3
GEO_R03_0928_0128,3
GEO_R03_0608_0320,3
GEO_R03_0096_1088,3
GEO_R03_0288_1984,3
GEO_R03_1088_1888,3
GEO_R03_0544_0800,3
GEO_R03_1408_0992,4
GEO_R03_1152_0224,3
GEO_R03_1312_1248,4
GEO_R03_1120_0768,0
GEO_R03_1600_1312,4
GEO_R03_0352_1952,3
GEO_R03_0384_0640,3
GEO_R03_1632_2240,3
GEO_R03_0320_1952,3
GEO_R03_0032_1376,3
GEO_R03_0416_1376,4
GEO_R03_0256_1056,3
GEO_R03_1600_2144,3
GEO_R03_0448_2112,2
GEO_R03_1696_2272,3
GEO_R03_1536_0032,3
GEO_R03_1600_0160,3
GEO_R03_1952_1888,3
GEO_R03_0672_1504,4
GEO_R03_0288_0096,3
GEO_R03_0128_1152,3
GEO_R03_0448_2208,2
GEO_R03_0640_1216,4
GEO_R03_1376_0096,3
GEO_R03_0768_0192,3
GEO_R03_0416_1504,3
GEO_R03_0320_0000,3
GEO_R03_0096_0480,3
GEO_R03_0224_0352,3
GEO_R03_1632_2144,3
GEO_R03_1024_0896,4
GEO_R03_0640_1696,0
GEO_R03_0160_1152,3
GEO_R03_0864_0544,3
GEO_R03_0096_0704,3
GEO_R03_1536_1888,3
GEO_R03_0352_0640,3
GEO_R03_0672_0256,3
GEO_R03_0672_1472,4
GEO_R03_0000_1728,3
GEO_R03_2272_0608,3
GEO_R03_0288_0288,3
GEO_R03_0992_1312,4
GEO_R03_1952_2176,3
GEO_R03_1856_0288,3
GEO_R03_0480_0832,3
GEO_R03_1632_0672,3
GEO_R03_0832_0288,3
GEO_R03_0672_1184,4
GEO_R03_1088_2368,3
GEO_R03_0576_0192,3
GEO_R03_1600_1984,3
GEO_R03_1504_0256,3
GEO_R03_2112_0832,3
GEO_R03_0736_0320,3
GEO_R03_0288_0384,3
GEO_R03_1280_0128,3
GEO_R03_0320_1920,3
GEO_R03_1248_0256,0
GEO_R03_2304_0032,3
GEO_R03_0768_0352,3
GEO_R03_1952_0832,3
GEO_R03_1536_2272,3
GEO_R03_1952_0224,3
GEO_R03_1120_1792,3
GEO_R03_1248_1472,4
GEO_R03_2112_0032,3
GEO_R03_0064_1120,3
GEO_R03_1440_0128,3
GEO_R03_1024_1312,4
GEO_R03_1216_0192,3
GEO_R03_2144_0896,3
GEO_R03_1056_0352,3
GEO_R03_0704_1152,4
GEO_R03_0704_1120,4
GEO_R03_0704_1216,4
GEO_R03_1472_1312,4
GEO_R03_2048_0864,3
GEO_R03_1632_2272,3
GEO_R03_0672_1856,4
GEO_R03_0832_1440,4
GEO_R03_1152_1248,4
GEO_R03_1568_2048,3
GEO_R03_1632_1920,3
GEO_R03_1472_1216,4
GEO_R03_1568_1280,4
GEO_R03_1088_1280,4
GEO_R03_1216_1088,4
GEO_R03_1984_0064,3
GEO_R03_1088_0320,3
GEO_R03_2048_1568,3
GEO_R03_0864_1120,4
GEO_R03_0160_2080,0
GEO_R03_1056_0320,3
GEO_R03_2080_1568,3
GEO_R03_1344_0736,3
GEO_R03_2144_0512,3
GEO_R03_0192_2144,3
GEO_R03_1120_1888,3
GEO_R03_1312_0256,3
GEO_R03_0832_1344,4
GEO_R03_1376_2336,3
GEO_R03_1248_1216,4
GEO_R03_2176_0480,3
GEO_R03_1088_2176,3
GEO_R03_1408_0640,3
GEO_R03_2208_1312,3
GEO_R03_1792_0352,3
GEO_R03_2048_0256,3
GEO_R03_0992_0160,3
GEO_R03_1184_0224,3
GEO_R03_0736_0928,4
GEO_R03_1280_0096,3
GEO_R03_0480_0032,3
GEO_R03_2304_1568,3
GEO_R03_0864_0224,3
GEO_R03_1440_2240,3
GEO_R03_1536_1152,4
GEO_R03_0000_1344,3
GEO_R03_2144_0928,3
GEO_R03_0288_0320,3
GEO_R03_2272_2048,3
GEO_R03_0736_0864,4
GEO_R03_0896_0992,4
GEO_R03_0384_2336,3
GEO_R03_0448_0640,3
GEO_R03_1376_1536,4
GEO_R03_0064_0000,3
GEO_R03_1664_2144,3
GEO_R03_1536_0192,3
GEO_R03_0768_0832,4
GEO_R03_1984_1856,3
GEO_R03_0416_0384,3
GEO_R03_1216_0448,3
GEO_R03_1312_0416,3
GEO_R03_1312_0704,3
GEO_R03_1824_2144,3
GEO_R03_2272_0032,3
GEO_R03_0928_0064,3
GEO_R03_1920_0704,3
GEO_R03_1344_0864,4
GEO_R03_1536_1600,4
GEO_R03_0960_0064,3
GEO_R03_1056_1344,4
GEO_R03_0128_1088,3
GEO_R03_0416_1600,3
GEO_R03_1056_1312,4
GEO_R03_0928_1248,4
GEO_R03_1184_1184,4
GEO_R03_0608_0576,3
GEO_R03_0320_0704,3
GEO_R03_0896_1248,4
GEO_R03_1472_0288,3
GEO_R03_0320_1856,3
GEO_R03_1888_0736,3
GEO_R03_2144_0800,3
GEO_R03_2208_2144,3
GEO_R03_2080_0000,3
GEO_R03_0448_0480,3
GEO_R03_2336_0704,3
GEO_R03_0416_1280,4
GEO_R03_2144_0256,3
GEO_R03_0320_1504,3
GEO_R03_0960_1248,4
GEO_R03_1024_0672,0
GEO_R03_2240_0064,3
GEO_R03_1920_0288,3
GEO_R03_0256_1120,3
GEO_R03_0192_1184,3
GEO_R03_0256_0192,3
GEO_R03_0672_0320,3
GEO_R03_0064_1856,3
GEO_R03_0672_1600,4
GEO_R03_1088_2208,3
GEO_R03_1888_2336,3
GEO_R03_2208_0032,3
GEO_R03_0288_1824,3
GEO_R03_1920_2112,3
GEO_R03_1152_1856,3
GEO_R03_0544_0160,3
GEO_R03_0256_1088,3
GEO_R03_1984_2208,3
GEO_R03_2080_0032,3
GEO_R03_1408_1120,4
GEO_R03_1216_2368,3
GEO_R03_2304_0672,3
GEO_R03_2144_1824,3
GEO_R03_2208_2080,3
GEO_R03_1088_1856,3
GEO_R03_0704_0864,4
GEO_R03_2336_0128,3
GEO_R03_0096_1920,3
GEO_R03_1600_0064,3
GEO_R03_0864_1280,4
GEO_R03_0064_0096,3
GEO_R03_1376_0800,4
GEO_R03_0128_0576,3
GEO_R03_1120_1824,3
GEO_R03_1280_0896,4
GEO_R03_1344_0096,3
GEO_R03_1440_0800,4
GEO_R03_0992_1888,4
GEO_R03_1504_1536,4
GEO_R03_1536_1280,4
GEO_R03_1728_0768,0
GEO_R03_1600_2240,3
GEO_R03_1280_0992,4
GEO_R03_0512_0256,3
GEO_R03_2080_0544,3
GEO_R03_0064_1344,3
GEO_R03_0320_2112,3
GEO_R03_0320_0032,3
GEO_R03_1088_1952,3
GEO_R03_1280_1312,4
GEO_R03_0992_0960,4
GEO_R03_1216_1056,4
GEO_R03_0736_0064,3
GEO_R03_1600_2272,3
GEO_R03_0384_1920,3
GEO_R03_0992_0992,4
GEO_R03_1280_1376,4
GEO_R03_0736_0224,3
GEO_R03_0416_1536,3
GEO_R03_0576_0160,3
GEO_R03_2048_0384,3
GEO_R03_0032_0384,3
GEO_R03_0448_2336,3
GEO_R03_2112_0192,3
GEO_R03_1408_0128,3
GEO_R03_0256_0160,3
GEO_R03_1120_1344,4
GEO_R03_0096_1984,3
GEO_R03_1568_0160,3
GEO_R03_1376_0128,3
GEO_R03_1952_0128,3
GEO_R03_1280_1184,4
GEO_R03_1792_2144,3
GEO_R03_1312_0960,4
GEO_R03_0096_0416,3
GEO_R03_1472_0256,3
GEO_R03_1888_0672,3
GEO_R03_0416_0224,3
GEO_R03_0064_0480,3
GEO_R03_1280_2368,3
GEO_R03_1216_1472,4
GEO_R03_1248_1184,4
GEO_R03_0736_1088,4
GEO_R03_1408_2112,3
GEO_R03_2048_2048,3
GEO_R03_1600_0128,3
GEO_R03_0160_2272,0
GEO_R03_1024_0224,3
GEO_R03_2144_1760,3
GEO_R03_0352_0672,3
GEO_R03_2272_1600,3
GEO_R03_1984_1824,3
GEO_R03_0544_0736,3
GEO_R03_2144_0832,3
GEO_R03_0800_0160,3
GEO_R03_0352_0000,3
GEO_R03_1312_0448,3
GEO_R03_2272_1472,3
GEO_R03_0608_1152,4
GEO_R03_1920_0256,3
GEO_R03_0960_0928,4
GEO_R03_1088_0960,4
GEO_R03_1984_0736,3
GEO_R03_0192_0096,3
GEO_R03_1312_0352,3
GEO_R03_1664_1888,3
GEO_R03_1056_0864,4
GEO_R03_2304_1664,0
GEO_R03_1984_0032,3
GEO_R03_0512_0576,3
GEO_R03_0608_1184,4
GEO_R03_2112_0864,3
GEO_R03_0064_0864,3
GEO_R03_2016_2304,3
GEO_R03_1824_1920,3
GEO_R03_0064_2368,0
GEO_R03_1152_1184,4
GEO_R03_0672_0224,3
GEO_R03_1280_0544,3
GEO_R03_1600_1056,4
GEO_R03_1376_0864,4
GEO_R03_0000_0672,3
GEO_R03_1312_0160,3
GEO_R03_0800_1216,4
GEO_R03_1472_1280,4
GEO_R03_0672_1152,4
GEO_R03_1504_0224,3
GEO_R03_0032_0576,3
GEO_R03_1184_0096,3
GEO_R03_0672_1216,4
GEO_R03_1216_0384,3
GEO_R03_1312_0224,3
GEO_R03_0864_1024,4
GEO_R03_0768_1184,4
GEO_R03_2176_1280,3
GEO_R03_1728_0416,3
GEO_R03_0544_0768,3
GEO_R03_0704_0896,4
GEO_R03_1664_0448,3
GEO_R03_1504_1280,4
GEO_R03_0512_0768,3
GEO_R03_1728_1920,3
GEO_R03_0384_1088,3
GEO_R03_1120_0320,3
GEO_R03_2112_0352,3
GEO_R03_2240_2304,3
GEO_R03_1120_1056,4
GEO_R03_2080_0288,3
GEO_R03_0224_0704,3
GEO_R03_2208_1440,3
GEO_R03_2112_0480,3
GEO_R03_1152_1664,4
GEO_R03_1472_1088,4
GEO_R03_1568_0064,3
GEO_R03_2176_2176,3
GEO_R03_0000_0032,3
GEO_R03_1504_0768,4
GEO_R03_0192_0224,3
GEO_R03_0448_0800,3
GEO_R03_0448_0224,3
GEO_R03_2016_2048,3
GEO_R03_1472_1248,4
GEO_R03_1088_1248,4
GEO_R03_1952_2208,3
GEO_R03_2112_1856,3
GEO_R03_0128_1472,3
GEO_R03_1120_2176,3
GEO_R03_1472_0064,3
GEO_R03_1088_0352,3
GEO_R03_0032_1312,3
GEO_R03_1344_1568,4
GEO_R03_1568_1184,4
GEO_R03_2176_0160,3
GEO_R03_0224_1088,3
GEO_R03_1408_1152,4
GEO_R03_0224_2208,3
GEO_R03_0800_1120,4
GEO_R03_1088_0448,3
GEO_R03_1984_1888,3
GEO_R03_0224_2048,3
GEO_R03_1888_1920,3
GEO_R03_2176_0800,3
GEO_R03_1344_1600,4
GEO_R03_0832_1504,4
GEO_R03_1664_0864,0
GEO_R03_2208_0704,3
GEO_R03_2176_2240,3
GEO_R03_0320_1120,3
GEO_R03_1216_0256,0
GEO_R03_0256_1984,3
GEO_R03_2080_0256,3
GEO_R03_0800_1088,4
GEO_R03_0480_1344,4
GEO_R03_0288_2048,3
GEO_R03_0320_2080,3
GEO_R03_0608_0608,3
GEO_R03_0896_1408,4
GEO_R03_1600_2368,3
GEO_R03_0576_0800,3
GEO_R03_1632_1824,3
GEO_R03_1472_0832,4
GEO_R03_0320_2208,3
GEO_R03_0224_0128,3
GEO_R03_2144_0288,3
GEO_R03_0192_0832,3
GEO_R03_1216_0128,3
GEO_R03_0320_0320,3
GEO_R03_1216_1696,4
GEO_R03_0096_0768,3
GEO_R03_0448_0320,3
GEO_R03_1472_0032,3
GEO_R03_2240_2016,3
GEO_R03_0224_0160,3
GEO_R03_1312_0032,2
GEO_R03_1856_2336,3
GEO_R03_1856_0064,3
GEO_R03_0128_0832,3
GEO_R03_1216_1024,4
GEO_R03_1536_2176,3
GEO_R03_0448_2176,2
GEO_R03_1664_0640,3
GEO_R03_0640_0512,3
GEO_R03_1920_2144,3
GEO_R03_1024_0320,3
GEO_R03_1664_0224,3
GEO_R03_2176_0864,3
GEO_R03_0992_0224,3
GEO_R03_1920_2336,3
GEO_R03_0864_1152,4
GEO_R03_0352_1344,3
GEO_R03_1440_0064,3
GEO_R03_0512_0480,3
GEO_R03_1952_0512,3
GEO_R03_0096_0224,4
GEO_R03_0576_0448,3
GEO_R03_1376_1280,4
GEO_R03_0224_0640,3
GEO_R03_0512_0352,3
GEO_R03_0640_1472,4
GEO_R03_0480_0480,3
GEO_R03_2016_1824,3
GEO_R03_1248_2368,3
GEO_R03_0352_1984,3
GEO_R03_1600_0832,0
GEO_R03_0096_1856,3
GEO_R03_0256_0768,3
GEO_R03_0064_1888,3
GEO_R03_0704_2368,0
GEO_R03_0384_1504,3
GEO_R03_0832_1120,4
GEO_R03_1024_1248,4
GEO_R03_1696_2240,3
GEO_R03_0256_0320,3
GEO_R03_0128_0000,3
GEO_R03_0096_0672,3
GEO_R03_2208_0576,3
GEO_R03_0480_0608,3
GEO_R03_0192_0160,3
GEO_R03_1312_1600,4
GEO_R03_1344_1632,4
GEO_R03_1536_1248,4
GEO_R03_0192_0896,3
GEO_R03_0896_1280,4
GEO_R03_2080_0480,3
GEO_R03_1600_0864,0
GEO_R03_0256_0640,3
GEO_R03_0064_1216,3
GEO_R03_0256_0064,3
GEO_R03_0608_0256,3
GEO_R03_2016_1920,3
GEO_R03_1376_0064,3
GEO_R03_0256_0032,3
GEO_R03_0256_0512,3
GEO_R03_0352_2368,3
GEO_R03_1376_1632,4
GEO_R03_1696_1984,3
GEO_R03_1408_0096,3
GEO_R03_1504_1088,4
GEO_R03_0864_0576,3
GEO_R03_0448_1312,4
GEO_R03_1568_1504,4
GEO_R03_0224_2016,3
GEO_R03_1184_1856,3
GEO_R03_0640_1440,4
GEO_R03_1440_1280,4
GEO_R03_0096_1536,3
GEO_R03_0864_0736,4
GEO_R03_2080_0800,3
GEO_R03_0064_1312,3
GEO_R03_2144_2368,3
GEO_R03_2336_0640,3
GEO_R03_1248_0928,4
GEO_R03_0832_0224,3
GEO_R03_0224_0992,3
GEO_R03_2176_1344,3
GEO_R03_0864_0192,3
GEO_R03_2240_1408,3
GEO_R03_1600_0192,3
GEO_R03_1600_2336,3
GEO_R03_1504_1568,4
GEO_R03_1056_2336,3
GEO_R03_0864_1056,4
GEO_R03_2048_1728,3
GEO_R03_1568_1824,3
GEO_R03_1312_1120,4
GEO_R03_1920_1952,3
GEO_R03_1504_0896,4
GEO_R03_0096_1056,3
GEO_R03_1120_2208,3
GEO_R03_0288_0352,3
GEO_R03_0416_2240,2
GEO_R03_2240_0128,3
GEO_R03_0736_0256,3
GEO_R03_2208_1504,3
GEO_R03_1088_2336,3
GEO_R03_0928_0992,4
GEO_R03_2016_2016,3
GEO_R03_1632_0064,3
GEO_R03_0928_0320,3
GEO_R03_1088_0928,4
GEO_R03_1248_1152,4
GEO_R03_1504_1312,4
GEO_R03_0736_1632,4
GEO_R03_1440_0992,4
GEO_R03_1984_0480,3
GEO_R03_1248_1408,4
GEO_R03_2016_0800,3
GEO_R03_0032_0640,3
GEO_R03_1344_2336,3
GEO_R03_1856_0000,3
GEO_R03_0928_0416,3
GEO_R03_2112_2240,3
GEO_R03_1344_1536,4
GEO_R03_1152_0000,3
GEO_R03_1888_0160,3
GEO_R03_0064_0384,3
GEO_R03_1344_0992,4
GEO_R03_2144_0864,3
GEO_R03_0768_1120,4
GEO_R03_1856_1856,3
GEO_R03_1344_1664,4
GEO_R03_0576_0224,3
GEO_R03_0000_1216,3
GEO_R03_1216_0288,0
GEO_R03_1728_0480,3
GEO_R03_2240_0000,3
GEO_R03_0864_2336,3
GEO_R03_0896_0544,3
GEO_R03_0480_0320,3
GEO_R03_0160_0320,3
GEO_R03_2176_0704,3
GEO_R03_1728_0256,3
GEO_R03_1408_0000,3
GEO_R03_1312_0544,3
GEO_R03_0288_1568,3
GEO_R03_1664_0672,3
GEO_R03_1088_0640,0
GEO_R03_2208_2112,3
GEO_R03_1280_1408,4
GEO_R03_0544_0512,3
GEO_R03_0128_0672,3
GEO_R03_1184_2240,3
GEO_R03_1408_2016,3
GEO_R03_2080_0832,3
GEO_R03_0128_1184,3
GEO_R03_2080_0576,3
GEO_R03_1440_0640,3
GEO_R03_1280_1120,4
GEO_R03_1344_1216,4
GEO_R03_0000_1440,3
GEO_R03_1536_1184,4
GEO_R03_0608_0512,3
GEO_R03_1056_1216,4
GEO_R03_1568_2176,3
GEO_R03_0064_1184,3
GEO_R03_1632_2112,3
GEO_R03_0032_1344,3
GEO_R03_0416_2208,2
GEO_R03_0768_1632,4
GEO_R03_0000_1408,3
GEO_R03_0928_2080,0
GEO_R03_2240_0672,3
GEO_R03_1696_0288,3
GEO_R03_2080_0064,3
GEO_R03_1984_0448,3
GEO_R03_1472_2176,3
GEO_R03_0736_1344,4
GEO_R03_1280_0416,3
GEO_R03_0224_0480,3
GEO_R03_2016_0416,3
GEO_R03_0704_0096,3
GEO_R03_1152_2336,3
GEO_R03_1408_2208,3
GEO_R03_1632_2176,3
GEO_R03_0000_1632,3
GEO_R03_1344_0896,4
GEO_R03_0832_1376,4
GEO_R03_1120_1216,4
GEO_R03_2304_1504,3
GEO_R03_2112_0768,3
GEO_R03_1632_0192,3
GEO_R03_1760_2176,3
GEO_R03_2144_0096,3
GEO_R03_1216_1344,4
GEO_R03_0032_0096,3
GEO_R03_2272_0064,3
GEO_R03_1568_0128,3
GEO_R03_1152_1696,4
GEO_R03_0352_1856,3
GEO_R03_1184_2304,3
GEO_R03_1440_0896,4
GEO_R03_1312_1728,4
GEO_R03_0128_0480,3
GEO_R03_0800_1376,4
GEO_R03_0032_2144,3
GEO_R03_1504_1344,4
GEO_R03_1312_2304,3
GEO_R03_0544_0448,3
GEO_R03_0960_1056,4
GEO_R03_1984_2144,3
GEO_R03_2240_2272,3
GEO_R03_1184_1888,3
GEO_R03_1344_2368,3
GEO_R03_2208_0672,3
GEO_R03_0896_1024,4
GEO_R03_2240_2368,3
GEO_R03_1408_2304,3
GEO_R03_0640_0480,3
GEO_R03_2016_0832,3
GEO_R03_1792_2208,3
GEO_R03_0160_1312,3
GEO_R03_0448_0736,3
GEO_R03_0128_2272,0
GEO_R03_1632_0864,0
GEO_R03_1408_1600,4
GEO_R03_0352_1504,3
GEO_R03_0288_0032,3
GEO_R03_1152_2208,3
GEO_R03_1632_2048,3
GEO_R03_0864_0800,4
GEO_R03_2336_1600,3
GEO_R03_1824_2240,3
GEO_R03_1280_0928,4
GEO_R03_0576_0736,3
GEO_R03_0896_0160,3
GEO_R03_2272_1664,0
GEO_R03_2144_1536,3
GEO_R03_1056_0960,4
GEO_R03_1344_1504,4
GEO_R03_1472_0224,3
GEO_R03_0128_0416,3
GEO_R03_0256_2112,3
GEO_R03_1184_0160,3
GEO_R03_1696_0224,3
GEO_R03_1952_0448,3
GEO_R03_2080_0768,3
GEO_R03_1984_0256,3
GEO_R03_2048_1152,4
GEO_R03_0160_0512,3
GEO_R03_0064_0448,3
GEO_R03_0992_0928,4
GEO_R03_0288_1024,3
GEO_R03_1888_1344,3
GEO_R03_1856_0128,3
GEO_R03_1088_1056,4
GEO_R03_1888_0288,3
GEO_R03_1920_0128,3
GEO_R03_1472_1696,4
GEO_R03_2112_1728,3
GEO_R03_0000_0608,3
GEO_R03_0192_0544,3
GEO_R03_0800_1408,4
GEO_R03_0480_2144,2
GEO_R03_0064_0416,3
GEO_R03_1056_1280,4
GEO_R03_2272_1376,3
GEO_R03_1152_1888,3
GEO_R03_0832_1152,4
GEO_R03_1440_1312,4
GEO_R03_0800_1344,4
GEO_R03_0608_0544,3
GEO_R03_0320_1344,3
GEO_R03_0896_1312,4
GEO_R03_2144_0320,3
GEO_R03_1312_1280,4
GEO_R03_0160_1184,3
GEO_R03_1536_0160,3
GEO_R03_1024_0352,3
GEO_R03_0896_0928,4
GEO_R03_1728_0064,3
GEO_R03_0928_1280,4
GEO_R03_1792_0000,3
GEO_R03_1856_1952,3
GEO_R03_1056_0896,4
GEO_R03_1120_2336,3
GEO_R03_0896_0288,3
GEO_R03_0032_0064,3
GEO_R03_1792_2272,3
GEO_R03_0896_0320,3
GEO_R03_1472_2080,3
GEO_R03_0864_0096,3
GEO_R03_1056_2368,3
GEO_R03_1088_0864,4
GEO_R03_2272_1568,3
GEO_R03_1440_0288,3
GEO_R03_0640_0288,3
GEO_R03_1472_0000,3
GEO_R03_0960_0960,4
GEO_R03_1824_1312,3
GEO_R03_1312_0480,3
GEO_R03_1408_0864,4
GEO_R03_0864_0608,3
GEO_R03_1120_0352,3
GEO_R03_0192_0384,3
GEO_R03_2112_0672,0
GEO_R03_0000_0480,3
GEO_R03_2144_2272,3
GEO_R03_0256_0992,3
GEO_R03_0160_0480,3
GEO_R03_2240_0096,3
GEO_R03_1440_0960,4
GEO_R03_0608_0768,3
GEO_R03_1408_1088,4
GEO_R03_2208_0480,3
GEO_R03_1088_1920,3
GEO_R03_0192_0928,3
GEO_R03_1952_0640,3
GEO_R03_1120_2240,3
GEO_R03_0448_2144,2
GEO_R03_2272_0096,3
GEO_R03_0992_0192,3
GEO_R03_0768_0736,4
GEO_R03_0672_0512,3
GEO_R03_2304_2016,3
GEO_R03_1440_2208,3
GEO_R03_1504_1120,4
GEO_R03_1408_0896,4
GEO_R03_0864_0320,3
GEO_R03_1856_0416,3
GEO_R03_1216_1216,4
GEO_R03_2176_2304,3
GEO_R03_0320_1568,3
GEO_R03_0512_0288,3
GEO_R03_1632_0160,3
GEO_R03_0896_0480,3
GEO_R03_1152_1024,4
GEO_R03_0864_1408,4
GEO_R03_0736_0800,4
GEO_R03_1088_1824,3
GEO_R03_0608_1024,4
GEO_R03_2176_2336,3
GEO_R03_0928_1056,4
GEO_R03_0512_0608,3
GEO_R03_1696_2048,3
GEO_R03_0096_0864,3
GEO_R03_0832_1088,4
GEO_R03_2080_2080,3
GEO_R03_1440_1696,4
GEO_R03_1920_0640,3
GEO_R03_2080_2240,3
GEO_R03_1184_2336,3
GEO_R03_2176_0512,3
GEO_R03_0832_0416,0
GEO_R03_2176_2272,3
GEO_R03_1248_0416,3
GEO_R03_0288_0704,3
GEO_R03_0352_2112,3
GEO_R03_1952_0768,3
GEO_R03_0800_1184,4
GEO_R03_0928_1120,4
GEO_R03_1248_0992,4
GEO_R03_1536_2208,3
GEO_R03_1024_1280,4
GEO_R03_0992_2368,3
GEO_R03_1248_0128,3
GEO_R03_1344_0928,4
GEO_R03_0832_1056,4
GEO_R03_1824_2112,3
GEO_R03_0640_0224,3
GEO_R03_0960_1312,4
GEO_R03_0992_1376,4
GEO_R03_1920_2272,3
GEO_R03_1120_0960,4
GEO_R03_0864_1376,4
GEO_R03_2240_1440,3
GEO_R03_2144_0352,3
GEO_R03_1920_1856,3
GEO_R03_2304_0864,0
GEO_R03_2016_0064,3
GEO_R03_0288_2080,3
GEO_R03_0832_1184,4
GEO_R03_0224_0544,3
GEO_R03_1280_1728,4
GEO_R03_1440_1248,4
GEO_R03_1472_0960,4
GEO_R03_0768_1312,4
GEO_R03_0960_1536,3
GEO_R03_2304_1920,3
GEO_R03_1344_1184,4
GEO_R03_1568_0416,3
GEO_R03_1952_0480,3
GEO_R03_2112_1632,3
GEO_R03_1344_1312,4
GEO_R03_0704_0448,3
GEO_R03_0160_0576,3
GEO_R03_2080_0128,3
GEO_R03_0320_0352,3
GEO_R03_1184_1280,4
GEO_R03_0256_0736,3
GEO_R03_2048_2272,3
GEO_R03_0416_1568,3
GEO_R03_0992_1344,4
GEO_R03_1216_0960,4
GEO_R03_0992_1088,4
GEO_R03_1280_0448,3
GEO_R03_1888_1280,3
GEO_R03_0576_0480,3
GEO_R03_0320_0256,3
GEO_R03_0992_1920,4
GEO_R03_1696_1888,3
GEO_R03_1920_1920,3
GEO_R03_0192_0512,3
GEO_R03_1568_2144,3
GEO_R03_2304_0832,0
GEO_R03_0320_1984,3
GEO_R03_0928_0160,3
GEO_R03_1504_0928,4
GEO_R03_0288_0064,3
GEO_R03_2048_0192,3
GEO_R03_0928_0448,3
GEO_R03_0832_0352,3
GEO_R03_0032_0000,3
GEO_R03_0992_1568,3
GEO_R03_0608_1472,4
GEO_R03_1120_0672,0
GEO_R03_1568_0384,3
GEO_R03_0512_0320,3
GEO_R03_1984_1952,3
GEO_R03_0160_0832,3
GEO_R03_0448_0672,3
GEO_R03_0608_0448,3
GEO_R03_0160_1344,3
GEO_R03_0928_0224,3
GEO_R03_0832_0576,3
GEO_R03_2272_2304,3
GEO_R03_1184_1056,4
GEO_R03_1440_2112,3
GEO_R03_1952_0704,3
GEO_R03_0864_0256,3
GEO_R03_1888_2112,3
GEO_R03_1664_0064,3
GEO_R03_1952_0800,3
GEO_R03_1184_0192,3
GEO_R03_1408_1824,3
GEO_R03_0896_2336,3
GEO_R03_0064_1376,3
GEO_R03_1472_1568,4
GEO_R03_1536_0384,3
GEO_R03_0736_1216,4
GEO_R03_0768_1344,4
GEO_R03_0160_0160,3
GEO_R03_1408_0832,4
GEO_R03_1952_1408,3
GEO_R03_2112_0064,3
GEO_R03_2176_0096,3
GEO_R03_1920_0384,3
GEO_R03_1440_0928,4
GEO_R03_1728_2240,3
GEO_R03_0928_0384,3
GEO_R03_0064_0064,3
GEO_R03_2016_0256,3
GEO_R03_0352_2176,3
GEO_R03_1536_1536,4
GEO_R03_2016_0288,3
GEO_R03_0096_1184,3
GEO_R03_0704_1088,4
GEO_R03_1856_2112,3
GEO_R03_1184_2144,0
GEO_R03_0992_0096,3
GEO_R03_1408_1280,4
GEO_R03_2048_2368,3
GEO_R03_0224_0960,3
GEO_R03_2240_0544,3
GEO_R03_1728_0224,3
GEO_R03_0768_0704,4
GEO_R03_0992_1280,4
GEO_R03_1376_0224,3
GEO_R03_2144_0032,3
GEO_R03_1152_0128,3
GEO_R03_1152_0096,3
GEO_R03_1920_1408,3
GEO_R03_2240_0640,3
GEO_R03_1056_1184,4
GEO_R03_1440_0768,4
GEO_R03_1248_0448,3
GEO_R03_0096_2272,0
GEO_R03_0640_0544,3
GEO_R03_1536_2304,3
GEO_R03_1216_1120,4
GEO_R03_0256_0096,3
GEO_R03_0672_1088,4
GEO_R03_2016_1888,3
GEO_R03_1280_0480,3
GEO_R03_1632_2368,3
GEO_R03_1408_1536,4
GEO_R03_1088_0416,3
GEO_R03_1760_1888,3
GEO_R03_0384_0704,3
GEO_R03_0608_0480,3
GEO_R03_0640_0448,3
GEO_R03_1472_0192,3
GEO_R03_0896_0512,3
GEO_R03_0512_1376,4
GEO_R03_2080_0224,3
GEO_R03_1024_1056,4
GEO_R03_2304_0096,3
GEO_R03_1472_2048,3
GEO_R03_1376_1120,4
GEO_R03_0352_0704,3
GEO_R03_0704_0288,3
GEO_R03_0800_0800,4
GEO_R03_0704_0320,3
GEO_R03_0032_1184,3
GEO_R03_0768_0160,3
GEO_R03_2016_1696,3
GEO_R03_2336_1536,3
GEO_R03_0480_2368,3
GEO_R03_1312_1024,4
GEO_R03_1312_0320,3
GEO_R03_1984_2176,3
GEO_R03_0192_0480,3
GEO_R03_2176_0320,3
GEO_R03_2080_0864,3
GEO_R03_1504_2368,3
GEO_R03_1536_2336,3
GEO_R03_1248_1056,4
GEO_R03_1152_0736,0
GEO_R03_0960_1504,3
GEO_R03_2176_2368,3
GEO_R03_1792_1952,3
GEO_R03_1920_1824,3
GEO_R03_1280_1344,4
GEO_R03_0512_0640,3
GEO_R03_0384_1120,3
GEO_R03_0416_1312,4
GEO_R03_0288_1056,3
GEO_R03_1344_0416,3
GEO_R03_0704_0800,4
GEO_R03_0032_0480,3
GEO_R03_2208_1280,3
GEO_R03_2208_2336,3
GEO_R03_0032_0672,3
GEO_R03_1120_0512,3
GEO_R03_1696_2080,3
GEO_R03_0576_0608,3
GEO_R03_1664_1952,3
GEO_R03_2048_2304,3
GEO_R03_0768_0928,4
GEO_R03_1088_0480,3
GEO_R03_1664_1920,3
GEO_R03_1664_0032,3
GEO_R03_1888_0352,3
GEO_R03_0928_1312,4
GEO_R03_0928_1152,4
GEO_R03_1472_1152,4
GEO_R03_1376_0352,3
GEO_R03_0256_2080,3
GEO_R03_1920_0672,3
GEO_R03_0768_1664,4
GEO_R03_0256_0480,3
GEO_R03_0256_0544,3
GEO_R03_0032_1248,3
GEO_R03_1440_1152,4
GEO_R03_1760_0000,3
GEO_R03_2336_1984,3
GEO_R03_2336_0032,3
GEO_R03_0352_2144,3
GEO_R03_2176_0224,3
GEO_R03_1440_0032,3
GEO_R03_0896_1152,4
GEO_R03_0960_2080,0
GEO_R03_0000_0544,3
GEO_R03_0064_0640,3
GEO_R03_1952_2112,3
GEO_R03_1248_1280,4
GEO_R03_1952_0672,3
GEO_R03_1088_1184,4
GEO_R03_0864_1088,4
GEO_R03_1056_0928,4
GEO_R03_2016_1856,3
GEO_R03_1088_0384,3
GEO_R03_2336_1952,3
GEO_R03_1216_1248,4
GEO_R03_0064_1920,3
GEO_R03_1088_0672,0
GEO_R03_1888_1984,3
GEO_R03_1024_0960,4
GEO_R03_1056_0672,0
GEO_R03_1440_1216,4
GEO_R03_2176_0896,3
GEO_R03_1856_1888,3
GEO_R03_0800_0128,3
GEO_R03_1440_2336,3
GEO_R03_0928_2112,0
GEO_R03_0896_1120,4
GEO_R03_1024_1888,4
GEO_R03_1056_1024,4
GEO_R03_2304_0128,3
GEO_R03_1440_1120,4
GEO_R03_0384_1024,4
GEO_R03_0672_0960,4
GEO_R03_0000_1664,3
GEO_R03_0768_0064,3
GEO_R03_1376_1664,4
GEO_R03_0416_2336,3
GEO_R03_2240_2048,3
GEO_R03_1280_0320,3
GEO_R03_2048_0800,3
GEO_R03_0768_0256,3
GEO_R03_1984_1920,3
GEO_R03_0512_1472,4
GEO_R03_1504_1184,4
GEO_R03_1472_2208,3
GEO_R03_2048_2016,3
GEO_R03_0672_1888,4
GEO_R03_0224_0192,3
GEO_R03_0992_1536,3
GEO_R03_1536_0096,3
GEO_R03_1920_1888,3
GEO_R03_1824_2336,3
GEO_R03_1568_1472,4
GEO_R03_0224_0864,3
GEO_R03_1760_2272,3
GEO_R03_0160_0224,3
GEO_R03_2080_0320,3
GEO_R03_1472_1600,4
GEO_R03_2016_0224,3
GEO_R03_1376_2304,3
GEO_R03_0128_0448,3
GEO_R03_0384_1536,3
GEO_R03_0480_1312,4
GEO_R03_0960_1024,4
GEO_R03_0576_0576,3
GEO_R03_0864_0992,4
GEO_R03_2336_0896,0
GEO_R03_2144_0000,3
GEO_R03_1280_1088,4
GEO_R03_1728_0448,3
GEO_R03_0896_1376,4
GEO_R03_1152_2272,3
GEO_R03_0128_1792,3
GEO_R03_2080_0512,3
GEO_R03_1152_0160,3
GEO_R03_1120_1024,4
GEO_R03_1920_1344,3
GEO_R03_1152_1408,4
GEO_R03_0224_2112,3
GEO_R03_0864_0832,4
GEO_R03_0032_0448,3
GEO_R03_1184_0128,3
GEO_R03_1760_2144,3
GEO_R03_0544_0576,3
GEO_R03_2016_0192,3
GEO_R03_0544_0640,3
GEO_R03_2208_2304,3
GEO_R03_0544_0224,3
GEO_R03_0704_1632,4
GEO_R03_0768_0896,4
GEO_R03_1376_1216,4
GEO_R03_1600_2048,3
GEO_R03_1888_0640,3
GEO_R03_1600_0000,3
GEO_R03_0032_2176,3
GEO_R03_0768_0320,3
GEO_R03_1344_0288,3
GEO_R03_2304_0000,3
GEO_R03_1472_1184,4
GEO_R03_1472_0128,3
GEO_R03_0384_2368,3
GEO_R03_0288_1600,3
GEO_R03_0544_0320,3
GEO_R03_2272_0000,3
GEO_R03_1664_2048,3
GEO_R03_1792_1344,3
GEO_R03_2208_0448,3
GEO_R03_0032_1216,3
GEO_R03_1344_0160,3
GEO_R03_0832_0320,3
GEO_R03_0480_0672,3
GEO_R03_0576_1024,4
GEO_R03_0576_0640,3
GEO_R03_1472_1536,4
GEO_R03_0576_0352,3
GEO_R03_1568_0192,3
GEO_R03_0704_0768,4
GEO_R03_0896_0128,3
GEO_R03_0288_1536,3
GEO_R03_2176_0576,3
GEO_R03_0352_0032,3
GEO_R03_0256_2240,3
GEO_R03_0128_1920,3
GEO_R03_0000_0416,3
GEO_R03_0992_0864,4
GEO_R03_1536_0000,3
GEO_R03_0800_0192,3
GEO_R03_1600_1536,4
GEO_R03_0096_0000,3
GEO_R03_2048_1184,4
GEO_R03_0512_0448,3
GEO_R03_1952_0256,3
GEO_R03_1088_0896,4
GEO_R03_1024_2336,3
GEO_R03_2240_0704,3
GEO_R03_1536_1312,4
GEO_R03_2240_1600,3
GEO_R03_0000_0576,3
GEO_R03_0416_0256,3
GEO_R03_1440_1184,4
GEO_R03_0736_0832,4
GEO_R03_1888_2144,3
GEO_R03_0832_0256,3
GEO_R03_0096_1312,3
GEO_R03_1824_2368,3
GEO_R03_1248_1312,4
GEO_R03_1600_1856,3
GEO_R03_0544_0288,3
GEO_R03_0832_2272,3
GEO_R03_2176_0192,3
GEO_R03_1600_2112,3
GEO_R03_1280_0192,3
GEO_R03_1600_1824,3
GEO_R03_1344_0256,3
GEO_R03_0128_0384,3
GEO_R03_0064_2144,3
GEO_R03_0416_0864,3
GEO_R03_1408_1184,4
GEO_R03_2304_0064,3
GEO_R03_0512_0192,3
GEO_R03_1472_0800,4
GEO_R03_0768_1216,4
GEO_R03_1632_0032,3
GEO_R03_0512_0832,3
GEO_R03_1120_0000,3
GEO_R03_0288_0512,3
GEO_R03_1504_1248,4
GEO_R03_2048_0832,3
GEO_R03_2048_0224,3
GEO_R03_0800_2368,3
GEO_R03_1728_2144,3
GEO_R03_0224_1024,3
GEO_R03_1120_1856,3
GEO_R03_2304_1536,3
GEO_R03_0288_1952,3
GEO_R03_0960_0128,3
GEO_R03_2144_0192,3
GEO_R03_1408_0960,4
GEO_R03_1856_2368,3
GEO_R03_1312_0288,3
GEO_R03_2080_1728,3
GEO_R03_1568_0928,0
GEO_R03_0192_0416,3
GEO_R03_1760_2112,3
GEO_R03_0512_0032,3
GEO_R03_1952_0320,3
GEO_R03_0480_0256,3
GEO_R03_0256_0832,3
GEO_R03_1920_0160,3
GEO_R03_0224_1600,3
GEO_R03_1696_0064,3
GEO_R03_1056_1248,4
GEO_R03_1024_0992,4
GEO_R03_1568_1888,3
GEO_R03_0096_0736,3
GEO_R03_1632_0832,0
GEO_R03_2112_0256,3
GEO_R03_0352_1536,3
GEO_R03_1024_0864,4
GEO_R03_2048_1984,3
GEO_R03_0416_0672,3
GEO_R03_1856_2144,3
GEO_R03_1600_0096,3
GEO_R03_1984_0384,3
GEO_R03_1376_1152,4
GEO_R03_0800_0320,3
GEO_R03_2240_1504,3
GEO_R03_0064_0224,4
GEO_R03_0992_1056,4
GEO_R03_2144_2240,3
GEO_R03_2080_2304,3
GEO_R03_0352_1888,3
GEO_R03_2080_2016,3
GEO_R03_0576_0512,3
GEO_R03_0000_0448,3
GEO_R03_1856_1344,3
GEO_R03_0384_2304,3
GEO_R03_1632_1952,3
GEO_R03_1312_1152,4
GEO_R03_0224_0928,3
GEO_R03_1728_0800,0
GEO_R03_2048_0480,3
GEO_R03_1472_0928,4
GEO_R03_2080_0160,3
GEO_R03_1440_2016,3
GEO_R03_0096_1824,3
GEO_R03_2048_0096,3
GEO_R03_0096_0352,3
GEO_R03_1792_0672,3
GEO_R03_1472_0096,3
GEO_R03_1152_0032,3
GEO_R03_0480_0704,3
GEO_R03_0608_0224,3
GEO_R03_0384_0736,3
GEO_R03_0352_2336,3
GEO_R03_2144_0480,3
GEO_R03_0576_0768,3
GEO_R03_2144_0736,3
GEO_R03_1248_2304,3
GEO_R03_1920_0736,3
GEO_R03_1888_1888,3
GEO_R03_1280_2304,3
GEO_R03_0448_0192,3
GEO_R03_2112_1152,4
GEO_R03_1472_0736,4
GEO_R03_2336_0096,3
GEO_R03_1344_1248,4
GEO_R03_1184_1376,4
GEO_R03_0128_0800,3
GEO_R03_1408_0928,4
GEO_R03_1056_1952,3
GEO_R03_1920_0096,3
GEO_R03_0128_2336,0
GEO_R03_1152_1152,4
GEO_R03_0480_2208,2
GEO_R03_0288_1088,3
GEO_R03_2208_0512,3
GEO_R03_1600_2208,3
GEO_R03_1312_1664,4
GEO_R03_1472_0864,4
GEO_R03_1408_0064,3
GEO_R03_2144_0160,3
GEO_R03_2144_0768,3
GEO_R03_0288_0928,3
GEO_R03_0224_1984,3
GEO_R03_0544_0256,3
GEO_R03_1216_1376,4
GEO_R03_2176_0832,3
GEO_R03_1216_0992,4
GEO_R03_1664_0416,3
GEO_R03_0448_0832,3
GEO_R03_1344_0448,3
GEO_R03_1184_1312,4
GEO_R03_1280_0512,3
GEO_R03_1888_0128,3
GEO_R03_1312_0384,3
GEO_R03_0064_0576,3
GEO_R03_0704_0224,3
GEO_R03_0576_0544,3
GEO_R03_2016_0736,3
GEO_R03_2112_0128,3
GEO_R03_1696_0640,3
GEO_R03_2304_0576,3
GEO_R03_0800_1152,4
GEO_R03_2208_2176,3
GEO_R03_0192_0672,3
GEO_R03_0000_1088,2
GEO_R03_1216_2112,0
GEO_R03_0928_2336,3
GEO_R03_1152_2144,0
GEO_R03_0224_0064,3
GEO_R03_0256_0128,3
GEO_R03_1216_2336,3
GEO_R03_2240_1472,3
GEO_R03_1600_1952,3
GEO_R03_0320_1824,3
GEO_R03_0736_0288,3
GEO_R03_1792_1312,3
GEO_R03_1024_0640,0
GEO_R03_2048_0160,3
GEO_R03_2176_1472,3
GEO_R03_2208_2272,3
GEO_R03_1568_2240,3
GEO_R03_1504_0032,3
GEO_R03_0320_1536,3
GEO_R03_1440_0000,3
GEO_R03_0704_0064,3
GEO_R03_1184_1248,4
GEO_R03_2304_2048,3
GEO_R03_0960_1280,4
GEO_R03_1408_2272,3
GEO_R03_2176_0608,3
GEO_R03_0224_0000,3
GEO_R03_0096_1504,3
GEO_R03_0608_0160,3
GEO_R03_0288_1504,3
GEO_R03_0448_0352,3
GEO_R03_1280_1152,4
GEO_R03_1888_1248,3
GEO_R03_1120_0928,4
GEO_R03_1504_0800,4
GEO_R03_0128_0032,3
GEO_R03_1152_1376,4
GEO_R03_2016_2272,3
GEO_R03_2208_0064,3
GEO_R03_0256_2048,3
GEO_R03_1216_1440,4
GEO_R03_2208_0096,3
GEO_R03_2208_0640,3
GEO_R03_0352_1920,3
GEO_R03_0128_2304,0
GEO_R03_2048_1856,3
GEO_R03_2208_0000,3
GEO_R03_1696_0832,0
GEO_R03_1664_0288,3
GEO_R03_0960_0864,4
GEO_R03_0352_2080,3
GEO_R03_0096_1120,3
GEO_R03_1312_0512,3
GEO_R03_0288_0160,3
GEO_R03_1888_0768,3
GEO_R03_2240_0608,3
GEO_R03_1344_0352,3
GEO_R03_0064_1824,3
GEO_R03_1376_0160,3
GEO_R03_0480_2176,2
GEO_R03_1344_2304,3
GEO_R03_2112_0544,3
GEO_R03_1408_0800,4
GEO_R03_0832_0608,3
GEO_R03_1248_1088,4
GEO_R03_2112_0512,3
GEO_R03_1408_2240,3
GEO_R03_2144_2336,3
GEO_R03_0224_0096,3
GEO_R03_0672_0448,3
GEO_R03_1664_2080,3
GEO_R03_1728_1888,3
GEO_R03_1024_1344,4
GEO_R03_1344_1120,4
GEO_R03_1600_1472,4
GEO_R03_0096_0032,3
GEO_R03_0768_0224,3
GEO_R03_0832_0000,3
GEO_R03_0768_0096,3
GEO_R03_2048_0064,3
GEO_R03_2176_1504,3
GEO_R03_0832_1024,4
GEO_R03_0224_0320,3
GEO_R03_1632_0416,3
GEO_R03_0960_2336,3
GEO_R03_0928_0192,3
GEO_R03_0704_1440,4
GEO_R03_2304_1600,3
GEO_R03_0768_0128,3
GEO_R03_1984_0800,3
GEO_R03_0032_0416,3
GEO_R03_1344_0384,3
GEO_R03_0288_2016,3
GEO_R03_0960_0160,3
GEO_R03_0512_0384,3
GEO_R03_2144_0064,3
GEO_R03_1088_0768,0
GEO_R03_1376_0832,4
GEO_R03_2112_1600,3
GEO_R03_1920_0320,3
GEO_R03_2112_2304,3
GEO_R03_1408_2336,3
GEO_R03_1312_1632,4
GEO_R03_2048_0512,3
GEO_R03_0416_0832,3
GEO_R03_0064_0672,3
GEO_R03_1376_0192,3
GEO_R03_1632_0800,0
GEO_R03_1088_0992,4
GEO_R03_1568_2208,3
GEO_R03_1312_0992,4
GEO_R03_2112_0224,3
GEO_R03_1824_0000,3
GEO_R03_0512_0800,3
GEO_R03_1632_1504,4
GEO_R03_1696_1856,3
GEO_R03_1120_0224,3
GEO_R03_2336_0544,3
GEO_R03_0864_0064,3
GEO_R03_0512_1120,4
GEO_R03_0256_0672,3
GEO_R03_0320_0672,3
GEO_R03_1056_1056,4
GEO_R03_1632_0128,3
GEO_R03_0512_2304,2
GEO_R03_1280_0704,3
GEO_R03_2016_2144,3
GEO_R03_1696_2016,3
GEO_R03_1984_0288,3
GEO_R03_1088_1312,4
GEO_R03_0768_0800,4
GEO_R03_1600_0416,3
GEO_R03_1248_0960,4
GEO_R03_0480_1376,4
GEO_R03_2272_0128,3
GEO_R03_1312_1312,4
GEO_R03_0896_0064,3
GEO_R03_0960_0832,4
GEO_R03_0480_0288,3
GEO_R03_0544_0544,3
GEO_R03_0480_0800,3
GEO_R03_1504_0096,3
GEO_R03_2144_0544,3
GEO_R03_2272_2336,3
GEO_R03_1280_2336,3
GEO_R03_0064_2176,3
GEO_R03_0448_1344,4
GEO_R03_0224_0736,3
GEO_R03_1248_1120,4
GEO_R03_0512_1088,4
GEO_R03_1152_1088,4
GEO_R03_0992_1504,3
GEO_R03_0480_0928,4
GEO_R03_1696_0096,3
GEO_R03_0704_1344,4
GEO_R03_1856_1920,3
GEO_R03_1408_1696,4
GEO_R03_0448_1280,4
GEO_R03_0704_0928,4
GEO_R03_1216_1184,4
GEO_R03_1440_0864,4
GEO_R03_0544_0192,3
GEO_R03_1024_0032,3
GEO_R03_0960_0096,3
GEO_R03_1760_1856,3
GEO_R03_1344_1280,4
GEO_R03_1280_1056,4
GEO_R03_0960_0192,3
GEO_R03_0672_1120,4
GEO_R03_1184_1408,4
GEO_R03_0192_0352,3
GEO_R03_1984_0224,3
GEO_R03_2016_0000,3
GEO_R03_0096_1952,3
GEO_R03_1440_2304,3
GEO_R03_1408_1248,4
GEO_R03_1376_1568,4
GEO_R03_1024_1184,4
GEO_R03_1696_0800,0
GEO_R03_0768_0384,3
GEO_R03_0256_1024,3
GEO_R03_1632_1664,4
GEO_R03_1312_0096,3
GEO_R03_1408_2144,3
GEO_R03_0416_2304,3
GEO_R03_1664_0256,3
GEO_R03_0896_2304,3
GEO_R03_0160_1920,3
GEO_R03_0512_0736,3
GEO_R03_0416_0736,3
GEO_R03_2048_0736,3
GEO_R03_1056_1120,4
GEO_R03_1632_0640,3
GEO_R03_0832_0800,4
GEO_R03_1632_2080,3
GEO_R03_2304_0608,3
GEO_R03_0736_0128,3
GEO_R03_0352_0320,3
GEO_R03_1056_0032,3
GEO_R03_1600_1920,3
GEO_R03_1664_1696,4
GEO_R03_0192_0320,3
GEO_R03_1888_0320,3
GEO_R03_1984_0768,3
GEO_R03_1792_2368,3
GEO_R03_0896_1344,4
GEO_R03_0736_1152,4
GEO_R03_0896_0224,3
GEO_R03_2336_0608,3
GEO_R03_1824_0032,3
GEO_R03_0192_1344,3
GEO_R03_2080_2048,3
GEO_R03_0704_1184,4
GEO_R03_1568_1152,4
GEO_R03_2048_0288,3
GEO_R03_0128_0768,3
GEO_R03_1056_1376,4
GEO_R03_1024_0928,4
GEO_R03_2208_2368,3
GEO_R03_0480_0448,3
GEO_R03_1056_2240,3
GEO_R03_1408_1664,4
GEO_R03_2112_0288,3
GEO_R03_1024_1376,4
GEO_R03_2048_0352,3
GEO_R03_1888_2304,3
GEO_R03_0544_0608,3
GEO_R03_0288_1888,3
GEO_R03_0384_1568,3
GEO_R03_1312_0736,3
GEO_R03_1120_0480,3
GEO_R03_2240_0032,3
GEO_R03_1856_0384,3
GEO_R03_0864_2304,3
GEO_R03_0480_0352,3
GEO_R03_1792_0640,3
GEO_R03_1376_0992,4
GEO_R03_0480_1280,4
GEO_R03_1728_1984,3
GEO_R03_1280_0160,3
GEO_R03_2208_1472,3
GEO_R03_1216_0928,4
GEO_R03_2272_1536,3
GEO_R03_1312_1696,4
GEO_R03_0032_0704,3
GEO_R03_1664_0160,3
GEO_R03_1952_1920,3
GEO_R03_1824_0352,3
GEO_R03_1696_0192,3
GEO_R03_1440_1088,4
GEO_R03_2240_2336,3
GEO_R03_0864_0768,4
GEO_R03_0960_1120,4
GEO_R03_1216_0096,3
GEO_R03_0288_0960,3
GEO_R03_1888_1952,3
GEO_R03_1952_0288,3
GEO_R03_0992_1248,4
GEO_R03_1344_1152,4
GEO_R03_2336_1920,3
GEO_R03_1920_2304,3
GEO_R03_0704_0960,4
GEO_R03_1664_2272,3
GEO_R03_0704_1312,4
GEO_R03_0320_0736,3
GEO_R03_1568_1856,3
GEO_R03_0768_1088,4
GEO_R03_0288_1856,3
GEO_R03_1280_0736,3
GEO_R03_0960_0416,3
GEO_R03_1248_0160,3
GEO_R03_1568_2336,3
GEO_R03_1536_1120,4
GEO_R03_1152_0256,3
GEO_R03_1184_2368,3
GEO_R03_0672_1440,4
GEO_R03_2272_0704,3
GEO_R03_0608_0352,3
GEO_R03_1056_0640,0
GEO_R03_1440_2048,3
GEO_R03_0160_2304,0
GEO_R03_2080_1888,3
GEO_R03_1408_1568,4
GEO_R03_0640_0192,3
GEO_R03_0000_1376,3
GEO_R03_0928_0672,0
GEO_R03_2336_1728,3
GEO_R03_0736_1120,4
GEO_R03_0032_0544,3
GEO_R03_0288_0992,3
GEO_R03_0320_1088,3
GEO_R03_1088_1024,4
GEO_R03_1312_0864,4
GEO_R03_1952_0416,3
GEO_R03_1600_2016,3
GEO_R03_0448_0032,3
GEO_R03_1088_1088,4
GEO_R03_0064_1792,3
GEO_R03_1600_2080,3
GEO_R03_2176_0064,3
GEO_R03_0416_0352,3
GEO_R03_0544_1504,4
GEO_R03_0096_1248,3
GEO_R03_1248_0096,3
GEO_R03_0288_0736,3
GEO_R03_1760_1952,3
GEO_R03_0096_1792,3
GEO_R03_1696_0480,3
GEO_R03_1280_0576,3
GEO_R03_1376_1600,4
GEO_R03_0160_0384,3
GEO_R03_2176_1312,3
GEO_R03_2208_0128,3
GEO_R03_2208_0736,3
GEO_R03_1792_2240,3
GEO_R03_1952_0064,3
GEO_R03_0480_0224,3
GEO_R03_1472_0160,3
GEO_R03_1440_1600,4
GEO_R03_0832_1408,4
GEO_R03_2080_1600,3
GEO_R03_0864_2272,3
GEO_R03_0032_0032,3
GEO_R03_2272_2016,3
GEO_R03_1568_1312,4
GEO_R03_0096_0064,3
GEO_R03_2144_2304,3
GEO_R03_1376_2016,3
GEO_R03_1376_1824,3
GEO_R03_2272_1408,3
GEO_R03_0960_1088,4
GEO_R03_2112_1824,3
GEO_R03_0416_0704,3
GEO_R03_0800_1056,4
GEO_R03_1184_2272,3
GEO_R03_1152_1056,4
GEO_R03_0608_1216,4
GEO_R03_0896_1440,4
GEO_R03_0320_0288,3
GEO_R03_2048_2080,3
GEO_R03_1216_0160,3
GEO_R03_1952_0192,3
GEO_R03_0096_0448,3
GEO_R03_0736_1312,4
GEO_R03_1120_1184,4
GEO_R03_1952_0000,3
GEO_R03_0480_0768,3
GEO_R03_0768_0288,3
GEO_R03_0256_0704,3
GEO_R03_0896_0736,4
GEO_R03_0224_0608,3
GEO_R03_2336_2240,3
GEO_R03_1376_0640,3
GEO_R03_0800_0256,3
GEO_R03_1664_0832,0
GEO_R03_0064_1280,3
GEO_R03_1984_0416,3
GEO_R03_1408_2368,3
GEO_R03_0800_1632,4
GEO_R03_1440_2144,3
GEO_R03_0512_0672,3
GEO_R03_0448_0704,3
GEO_R03_1952_0352,3
GEO_R03_2176_0000,3
GEO_R03_2272_1504,3
GEO_R03_0768_1056,4
GEO_R03_2272_1440,3
GEO_R03_0128_0352,3
GEO_R03_1312_1952,4
GEO_R03_0160_0544,3
GEO_R03_0544_0480,3
GEO_R03_0288_2112,3
GEO_R03_0672_0000,0
GEO_R03_1248_1376,4
GEO_R03_1568_0000,3
GEO_R03_1280_0352,3
GEO_R03_1216_1632,4
GEO_R03_0096_1280,3
GEO_R03_1376_0960,4
GEO_R03_0000_0064,3
GEO_R03_0992_1216,4
GEO_R03_1152_0288,3
GEO_R03_1024_1088,4
GEO_R03_0864_1184,4
GEO_R03_0256_0896,3
GEO_R03_0672_0288,3
GEO_R03_1248_0384,3
GEO_R03_2176_0128,3
GEO_R03_0736_0960,4
GEO_R03_1696_1952,3
GEO_R03_1952_1824,3
GEO_R03_0864_0000,3
GEO_R03_0160_0416,3
GEO_R03_0352_1568,3
GEO_R03_0800_0288,3
GEO_R03_2304_0736,3
GEO_R03_0672_0480,3
GEO_R03_0192_0640,3
GEO_R03_1120_0064,3
GEO_R03_0896_1056,4
GEO_R03_2048_0320,3
GEO_R03_1952_0160,3
GEO_R03_2016_2368,3
GEO_R03_2144_0128,3
GEO_R03_1696_0256,3
GEO_R03_1728_2176,3
GEO_R03_1088_1344,4
GEO_R03_2240_2208,3
GEO_R03_0000_0128,3
GEO_R03_0768_0768,4
GEO_R03_2048_2336,3
GEO_R03_1152_0192,3
GEO_R03_0512_0064,3
GEO_R03_0512_0704,3
GEO_R03_1568_2272,3
GEO_R03_1728_2048,3
GEO_R03_1408_0032,3
GEO_R03_0416_1344,4
GEO_R03_0096_1216,3
GEO_R03_1024_1216,4
GEO_R03_1248_1440,4
GEO_R03_0800_0768,4
GEO_R03_1504_0160,3
GEO_R03_0128_0512,3
GEO_R03_1984_0192,3
GEO_R03_0256_0960,3
GEO_R03_1472_0320,3
GEO_R03_0096_0576,3
GEO_R03_1632_1056,4
GEO_R03_1984_2240,3
GEO_R03_1952_2144,3
GEO_R03_0128_0320,3
GEO_R03_0128_2208,3
GEO_R03_0768_1376,4
GEO_R03_2176_0736,3
GEO_R03_1056_0992,4
GEO_R03_1600_2176,3
GEO_R03_0576_0288,3
GEO_R03_0288_0832,3
GEO_R03_1088_1152,4
GEO_R03_2272_0864,0
GEO_R03_1504_0000,3
GEO_R03_1248_1024,4
GEO_R03_0448_2368,3
GEO_R03_0064_1152,3
GEO_R03_0768_0416,3
GEO_R03_0512_0544,3
GEO_R03_0896_0256,3
GEO_R03_0768_1408,4
GEO_R03_1536_2368,3
GEO_R03_0864_1312,4
GEO_R03_1248_0224,0
GEO_R03_1152_2240,3
GEO_R03_1120_0992,4
GEO_R03_0448_0448,3
GEO_R03_1472_1120,4
GEO_R03_1120_0096,3
GEO_R03_1568_1248,4
GEO_R03_1568_2112,3
GEO_R03_0864_0160,3
GEO_R03_0192_0704,3
GEO_R03_1120_1952,3
GEO_R03_1888_1312,3
GEO_R03_1408_0768,4
GEO_R03_1120_1536,3
GEO_R03_0736_1664,4
GEO_R03_0256_0608,3
GEO_R03_0096_0320,3
GEO_R03_1184_1216,4
GEO_R03_1344_0128,3
GEO_R03_0768_1152,4
GEO_R03_0224_1056,3
GEO_R03_1696_0544,3
GEO_R03_0224_1632,3
GEO_R03_0032_0288,3
GEO_R03_0384_0960,4
GEO_R03_0544_2304,2
GEO_R03_0128_1120,3
GEO_R03_1952_2240,3
GEO_R03_0736_0736,4
GEO_R03_1408_1632,4
GEO_R03_0224_2240,3
GEO_R03_1312_1216,4
GEO_R03_1856_0736,3
GEO_R03_1600_1504,4
GEO_R03_2336_0672,3
GEO_R03_1952_1376,3
GEO_R03_1632_1856,3
GEO_R03_2336_0512,3
GEO_R03_2112_0096,3
GEO_R03_0640_1600,4
GEO_R03_1632_0224,3
GEO_R03_0480_0896,4
GEO_R03_0992_1024,4
GEO_R03_1920_1376,3
GEO_R03_0000_1312,3
GEO_R03_1824_0672,3
GEO_R03_0064_0032,3
GEO_R03_0064_0704,3
GEO_R03_1504_1216,4
GEO_R03_1312_2336,3
GEO_R03_0192_1024,3
GEO_R03_0096_1152,3
GEO_R03_2176_2112,3
GEO_R03_0640_1504,4
GEO_R03_1216_1408,4
GEO_R03_2336_0000,3
GEO_R03_0736_1184,4
GEO_R03_0864_1440,4
GEO_R03_0864_0960,4
GEO_R03_1856_0352,3
GEO_R03_0480_1824,0
GEO_R03_0928_0960,4
GEO_R03_2048_1696,3
GEO_R03_1280_1216,4
GEO_R03_1536_0128,3
GEO_R03_0160_0704,3
GEO_R03_0352_0352,3
GEO_R03_1856_0320,3
GEO_R03_0256_0800,3
GEO_R03_1600_1664,4
GEO_R03_2112_2272,3
GEO_R03_0992_0128,3
GEO_R03_1440_0832,4
GEO_R03_2048_0032,3
GEO_R03_1984_2048,3
GEO_R03_2112_1760,3
GEO_R03_0960_0896,4
GEO_R03_1728_2272,3
GEO_R03_2080_0352,3
GEO_R03_1632_1888,3
GEO_R03_0160_1664,3
GEO_R03_0960_0608,0
GEO_R03_0160_1888,3
GEO_R03_0640_1120,4
GEO_R03_2240_0576,3
GEO_R03_1408_2176,3
GEO_R03_2240_2176,3
GEO_R03_2144_2208,3
GEO_R03_1152_1440,4
GEO_R03_1120_1120,4
GEO_R03_0192_0192,3
GEO_R03_2080_1856,3
GEO_R03_0800_1664,4
GEO_R03_2048_0768,3
GEO_R03_1472_0768,4
GEO_R03_1920_0224,3
GEO_R03_0928_0928,4
GEO_R03_2048_1888,3
GEO_R03_1184_1440,4
GEO_R03_1920_0192,3
GEO_R03_0608_0192,3
GEO_R03_0096_0384,3
GEO_R03_1472_1344,4
GEO_R03_2272_0640,3
GEO_R03_2016_0704,3
GEO_R03_1280_1248,4
GEO_R03_0128_0864,3
GEO_R03_0160_0992,3
GEO_R03_1152_2304,3
GEO_R03_1536_0416,3
GEO_R03_0096_0608,3
GEO_R03_1472_0896,4
GEO_R03_0608_1600,4
GEO_R03_1568_0032,3
GEO_R03_1280_1280,4
GEO_R03_1760_1312,3
GEO_R03_1728_2016,3
GEO_R03_2016_0768,3
GEO_R03_0480_1408,4
GEO_R03_0928_0480,3
GEO_R03_1856_0768,3
GEO_R03_1952_1856,3
GEO_R03_0640_0256,3
GEO_R03_0192_1376,3
GEO_R03_1440_2080,3
GEO_R03_0480_0064,3
GEO_R03_1216_1152,4
GEO_R03_1152_1216,4
GEO_R03_1152_1824,3
GEO_R03_2016_0032,3
GEO_R03_0224_0384,3
GEO_R03_2080_2272,3
GEO_R03_0256_1568,3
GEO_R03_1888_0384,3
GEO_R03_0064_1248,3
GEO_R03_0928_1024,4
GEO_R03_1248_1248,4
GEO_R03_1536_0224,3
GEO_R03_1088_1216,4
GEO_R03_0256_2208,3
GEO_R03_1152_0064,3
GEO_R03_0832_2368,3
GEO_R03_1280_1504,4
GEO_R03_0032_0608,3
GEO_R03_0736_0768,4
GEO_R03_1728_0192,3
GEO_R03_1728_1952,3
GEO_R03_0544_1472,4
GEO_R03_0160_0864,3
GEO_R03_1184_2112,0
GEO_R03_2272_0544,3
GEO_R03_0256_0384,3
GEO_R03_0608_0288,3
GEO_R03_2112_0000,3
GEO_R03_1344_0960,4
GEO_R03_1984_0704,3
GEO_R03_0064_0352,3
GEO_R03_2144_0224,3
GEO_R03_1984_0000,3
GEO_R03_1696_0160,3
GEO_R03_2112_0800,3
GEO_R03_1728_2208,3
GEO_R03_0352_1312,3
GEO_R03_1760_0256,3
GEO_R03_2112_0320,3
GEO_R03_1376_0384,3
GEO_R03_0736_0992,4
GEO_R03_0352_0288,3
GEO_R03_1216_1664,4
GEO_R03_0736_0096,3
GEO_R03_0224_0512,3
GEO_R03_0320_0384,3
GEO_R03_0192_0960,3
GEO_R03_2176_0768,3
GEO_R03_0096_1888,3
GEO_R03_1568_2304,3
GEO_R03_1856_1312,3
GEO_R03_1312_0000,2
GEO_R03_0640_0320,3
GEO_R03_2080_0192,3
GEO_R03_0096_2336,0
GEO_R03_0000_0096,3
GEO_R03_0480_0640,3
GEO_R03_1824_0384,3
GEO_R03_1728_0736,0
GEO_R03_1600_1888,3
GEO_R03_2304_0640,3
GEO_R03_1312_0768,3
GEO_R03_2048_0000,3
GEO_R03_0224_0032,3
GEO_R03_1760_2208,3
GEO_R03_1504_0288,3
GEO_R03_0064_0608,3
GEO_R03_2304_0704,3
GEO_R03_1984_0832,3
GEO_R03_1888_0096,3
GEO_R03_0832_0768,4
GEO_R03_2048_1824,3
GEO_R03_1184_1568,4
GEO_R03_0224_0672,3
GEO_R03_1184_1152,4
GEO_R03_2208_1408,3
GEO_R03_2080_0096,3
GEO_R03_0640_0576,3
GEO_R03_1344_0480,3
GEO_R03_1376_0928,4
GEO_R03_2336_0736,3
GEO_R03_1440_2368,3
GEO_R03_0832_0160,3
GEO_R03_1120_1088,4
GEO_R03_0352_1120,3
GEO_R03_0192_1632,3
GEO_R03_1376_2144,3
GEO_R03_1024_0000,3
GEO_R03_1504_0128,3
GEO_R03_2272_2272,3
GEO_R03_0096_0544,3
GEO_R03_0384_0992,4
GEO_R03_1408_0160,3
GEO_R03_1664_0576,3
GEO_R03_0864_0128,3
GEO_R03_1344_0512,3
GEO_R03_1312_0128,3
GEO_R03_0960_0992,4
GEO_R03_1504_0736,4
GEO_R03_1248_1504,4
GEO_R03_0544_0352,3
GEO_R03_1376_1248,4
GEO_R03_1568_2368,3
GEO_R03_1952_2048,3
GEO_R03_1216_1280,4
GEO_R03_0576_1216,4
GEO_R03_0928_1344,4
GEO_R03_1696_1920,3
GEO_R03_0864_1344,4
GEO_R03_2272_0672,3
GEO_R03_0128_1504,3
GEO_R03_2336_0064,3
GEO_R03_0960_1344,4
GEO_R03_1120_0128,3
GEO_R03_1664_1856,3
GEO_R03_0192_0992,3
GEO_R03_1120_1920,3
GEO_R03_0576_1472,4
GEO_R03_0128_1888,3
GEO_R03_2304_0896,0
GEO_R03_1088_2240,3
GEO_R03_0576_0256,3
GEO_R03_1440_0096,3
GEO_R03_1600_0032,3
GEO_R03_1792_2176,3
GEO_R03_0096_2304,0
GEO_R03_0288_2240,3
GEO_R03_0224_0896,3
GEO_R03_1440_1568,4
GEO_R03_1440_2176,3
GEO_R03_1120_0704,0
GEO_R03_1440_2272,3
GEO_R03_0864_0032,3
GEO_R03_0992_0416,3
GEO_R03_0672_0544,3
GEO_R03_0000_2176,3
GEO_R03_0576_1920,4
GEO_R03_1824_0640,3
GEO_R03_1248_0736,3
GEO_R03_1024_2368,3
GEO_R03_1824_1952,3
GEO_R03_2080_1760,3
GEO_R03_0096_0640,3
GEO_R03_2176_1536,3
GEO_R03_1824_1344,3
GEO_R03_1088_1376,4
GEO_R03_0192_0864,3
GEO_R03_1920_0000,3
GEO_R03_0640_1152,4
GEO_R03_1312_1184,4
GEO_R03_2336_1632,3
GEO_R03_1056_1088,4
GEO_R03_1696_0448,3
GEO_R03_1088_1120,4
GEO_R03_0320_0064,3
GEO_R03_1504_0064,3
GEO_R03_1120_1152,4
GEO_R03_1312_0192,3
GEO_R03_1536_2240,3
GEO_R03_0704_0256,3
GEO_R03_0320_1888,3
GEO_R03_0256_2016,3
GEO_R03_0416_2368,3
GEO_R03_0384_0672,3
GEO_R03_0320_0768,3
GEO_R03_0896_0960,4
GEO_R03_1600_2304,3
GEO_R03_0096_2208,3
GEO_R03_1856_0096,3
GEO_R03_1920_0352,3
GEO_R03_1984_2368,3
GEO_R03_0224_0832,3
GEO_R03_1376_0896,4
GEO_R03_0352_0768,3
GEO_R03_1376_1184,4
GEO_R03_0352_2048,3
GEO_R03_0352_2304,3
GEO_R03_1344_0192,3
GEO_R03_0256_0288,3
GEO_R03_2176_0032,3
GEO_R03_0256_0864,3
GEO_R03_1280_0960,4
GEO_R03_0256_0352,3
GEO_R03_1216_1600,4
GEO_R03_0096_1344,3
GEO_R03_1664_0608,3
GEO_R03_2080_1696,3
GEO_R03_1792_2112,3
GEO_R03_0320_2048,3
GEO_R03_0544_0832,3
GEO_R03_1120_0736,0
GEO_R03_0512_1408,4
GEO_R03_1856_0640,3
GEO_R03_0992_0896,4
GEO_R03_1536_1856,3
GEO_R03_1504_1152,4
GEO_R03_1664_1088,4
GEO_R03_0672_0576,3
GEO_R03_1824_2080,3
GEO_R03_1024_1024,4
GEO_R03_1888_0608,3
GEO_R03_1664_0800,0
GEO_R03_0128_0736,3
GEO_R03_0064_1088,3
GEO_R03_1440_1856,3
GEO_R03_0576_1888,4
GEO_R03_0064_2016,3
GEO_R03_0064_0736,3
GEO_R03_0704_0832,4
GEO_R04_0928_0480,0
GEO_R04_0512_0192,2
GEO_R04_1824_0352,4
GEO_R04_1216_0896,4
GEO_R04_1792_0864,4
GEO_R04_0672_1952,4
GEO_R04_1600_1056,4
GEO_R04_2176_1088,0
GEO_R04_1184_1504,4
GEO_R04_0192_1728,2
GEO_R04_0704_1856,4
GEO_R04_1152_0032,0
GEO_R04_1920_1504,0
GEO_R04_1120_1344,4
GEO_R04_1440_1856,0
GEO_R04_1472_0480,4
GEO_R04_1504_1984,4
GEO_R04_0640_0064,2
GEO_R04_1152_1120,4
GEO_R04_1504_1056,4
GEO_R04_0544_0640,2
GEO_R04_1632_1696,4
GEO_R04_0800_1632,4
GEO_R04_1632_1120,4
GEO_R04_0224_1568,0
GEO_R04_1344_2240,4
GEO_R04_0704_0032,2
GEO_R04_0544_1376,4
GEO_R04_1728_0672,4
GEO_R04_1440_2016,0
GEO_R04_2240_2112,2
GEO_R04_1664_1376,0
GEO_R04_1536_0928,4
GEO_R04_1280_0032,2
GEO_R04_1088_0064,0
GEO_R04_0544_0000,2
GEO_R04_1888_0032,0
GEO_R04_2112_2176,2
GEO_R04_0864_1952,4
GEO_R04_1952_0576,4
GEO_R04_1664_0640,4
GEO_R04_1408_1280,4
GEO_R04_1344_2272,4
GEO_R04_1024_1216,4
GEO_R04_1216_0064,0
GEO_R04_0928_2272,2
GEO_R04_1216_1248,4
GEO_R04_2240_2016,2
GEO_R04_2144_2112,2
GEO_R04_0416_0000,2
GEO_R04_0736_1856,4
GEO_R04_2240_2080,2
GEO_R04_1568_1568,4
GEO_R04_0960_0992,4
GEO_R04_0832_1568,4
GEO_R04_0288_0832,2
GEO_R04_1888_0064,0
GEO_R04_0896_2208,2
GEO_R04_2240_2336,2
GEO_R04_0896_1088,0
GEO_R04_0768_0000,2
GEO_R04_0064_1088,2
GEO_R04_2112_2080,2
GEO_R04_1280_0864,4
GEO_R04_0192_0032,2
GEO_R04_1248_0896,4
GEO_R04_1120_1152,4
GEO_R04_1376_1504,4
GEO_R04_2208_2112,2
GEO_R04_0768_0768,0
GEO_R04_2240_1472,2
GEO_R04_0768_1696,4
GEO_R04_0160_0032,2
GEO_R04_1024_1536,4
GEO_R04_0864_1760,4
GEO_R04_1152_0800,4
GEO_R04_1984_0576,4
GEO_R04_0320_0000,2
GEO_R04_0928_1984,4
GEO_R04_0672_1664,4
GEO_R04_1312_1248,4
GEO_R04_0960_1952,4
GEO_R04_1120_1184,4
GEO_R04_2304_2080,2
GEO_R04_1056_1120,4
GEO_R04_1248_0864,4
GEO_R04_1248_1856,4
GEO_R04_1568_0512,4
GEO_R04_1216_1024,4
GEO_R04_2016_2144,2
GEO_R04_0928_1952,4
GEO_R04_1312_1920,4
GEO_R04_0128_1184,2
GEO_R04_1184_2048,2
GEO_R04_1952_0864,4
GEO_R04_0992_1184,4
GEO_R04_1600_0512,4
GEO_R04_1856_0896,4
GEO_R04_0480_0000,2
GEO_R04_0288_2208,0
GEO_R04_0800_2048,4
GEO_R04_0768_1728,4
GEO_R04_1376_1856,0
GEO_R04_1696_0896,4
GEO_R04_0096_1120,2
GEO_R04_2240_1952,2
GEO_R04_1184_1344,4
GEO_R04_1824_0736,4
GEO_R04_1248_2304,4
GEO_R04_1792_0320,4
GEO_R04_0896_0832,0
GEO_R04_0192_2336,2
GEO_R04_1984_0224,4
GEO_R04_2208_1216,0
GEO_R04_1184_1408,4
GEO_R04_1440_1504,4
GEO_R04_1600_1376,0
GEO_R04_1856_0864,4
GEO_R04_0640_1984,4
GEO_R04_1120_0928,4
GEO_R04_1184_1376,4
GEO_R04_1312_1216,4
GEO_R04_0736_1728,4
GEO_R04_0864_2304,2
GEO_R04_0384_2336,0
GEO_R04_1152_1184,4
GEO_R04_1568_1440,0
GEO_R04_0512_1024,0
GEO_R04_2080_2240,2
GEO_R04_0768_1632,4
GEO_R04_1152_1312,4
GEO_R04_2080_1056,0
GEO_R04_1600_0896,4
GEO_R04_0832_1728,4
GEO_R04_0032_0288,2
GEO_R04_1184_1024,4
GEO_R04_1312_2272,4
GEO_R04_1312_0928,4
GEO_R04_1376_1344,4
GEO_R04_1920_1280,4
GEO_R04_0736_1760,4
GEO_R04_0928_2240,2
GEO_R04_0576_1760,4
GEO_R04_1280_1344,4
GEO_R04_0032_0224,2
GEO_R04_0928_0608,0
GEO_R04_0576_0256,2
GEO_R04_1984_1920,0
GEO_R04_0544_1408,4
GEO_R04_1760_1216,4
GEO_R04_0544_0128,2
GEO_R04_1472_1440,4
GEO_R04_1120_0160,0
GEO_R04_1888_1792,4
GEO_R04_0256_0064,2
GEO_R04_1184_1184,4
GEO_R04_1824_0832,4
GEO_R04_1120_1248,4
GEO_R04_1312_1376,4
GEO_R04_1024_1248,4
GEO_R04_0800_1152,0
GEO_R04_1152_1600,4
GEO_R04_1312_1984,4
GEO_R04_1024_1376,4
GEO_R04_1312_1952,4
GEO_R04_0640_0512,0
GEO_R04_0704_1696,4
GEO_R04_0224_0032,2
GEO_R04_1152_1152,4
GEO_R04_0800_1760,4
GEO_R04_1632_0608,4
GEO_R04_0032_0512,0
GEO_R04_0160_1088,2
GEO_R04_1088_1120,4
GEO_R04_0192_1760,2
GEO_R04_0928_1280,4
GEO_R04_1600_1120,4
GEO_R04_1728_0896,4
GEO_R04_1440_0544,4
GEO_R04_1824_2048,0
GEO_R04_0992_0672,0
GEO_R04_0224_1984,2
GEO_R04_0320_0064,2
GEO_R04_1248_0832,4
GEO_R04_0544_0992,0
GEO_R04_1152_1216,4
GEO_R04_0864_1856,4
GEO_R04_1216_1376,4
GEO_R04_2272_1216,2
GEO_R04_0416_0288,0
GEO_R04_1504_1120,4
GEO_R04_1120_0096,0
GEO_R04_1216_1152,4
GEO_R04_0064_0288,2
GEO_R04_1824_1888,4
GEO_R04_0096_1472,2
GEO_R04_1888_2048,0
GEO_R04_1728_0800,4
GEO_R04_1248_1216,4
GEO_R04_0736_1792,4
GEO_R04_0288_0000,2
GEO_R04_0128_1152,2
GEO_R04_1440_0768,0
GEO_R04_1952_1984,0
GEO_R04_2208_1344,2
GEO_R04_0384_2112,2
GEO_R04_1024_0672,0
GEO_R04_0928_1344,4
GEO_R04_1504_2272,0
GEO_R04_1280_1408,4
GEO_R04_0096_1088,2
GEO_R04_0512_2304,2
GEO_R04_1024_0896,4
GEO_R04_1216_0832,4
GEO_R04_1888_0256,4
GEO_R04_1408_1344,4
GEO_R04_1696_0832,4
GEO_R04_1792_0448,4
GEO_R04_1728_1984,0
GEO_R04_0928_1824,4
GEO_R04_1920_0768,4
GEO_R04_1600_0416,4
GEO_R04_1280_2176,4
GEO_R04_2112_2272,2
GEO_R04_0608_1984,4
GEO_R04_1760_1856,4
GEO_R04_1056_1536,4
GEO_R04_0416_0032,2
GEO_R04_0896_1888,4
GEO_R04_1824_0800,4
GEO_R04_0352_1376,2
GEO_R04_1184_0096,0
GEO_R04_0992_1280,4
GEO_R04_0832_1760,4
GEO_R04_0896_1312,4
GEO_R04_1664_1088,4
GEO_R04_1120_1824,0
GEO_R04_2112_1024,0
GEO_R04_0768_2048,4
GEO_R04_1728_1152,4
GEO_R04_1088_1472,4
GEO_R04_0512_0096,2
GEO_R04_1120_0960,4
GEO_R04_0992_1024,4
GEO_R04_0992_0992,4
GEO_R04_0512_1376,4
GEO_R04_0800_1024,0
GEO_R04_1952_1056,2
GEO_R04_1888_1504,0
GEO_R04_1536_1088,4
GEO_R04_1824_1696,4
GEO_R04_1280_1216,4
GEO_R04_1984_0608,4
GEO_R04_1760_1184,4
GEO_R04_1024_1664,4
GEO_R04_0960_2272,2
GEO_R04_0704_0064,2
GEO_R04_2208_0960,0
GEO_R04_1664_1696,4
GEO_R04_1696_1824,4
GEO_R04_0512_0224,2
GEO_R04_0736_0000,2
GEO_R04_0640_1696,4
GEO_R04_1312_1536,4
GEO_R04_1824_0576,4
GEO_R04_1024_1888,0
GEO_R04_1056_1344,4
GEO_R04_1280_1472,4
GEO_R04_0992_1312,4
GEO_R04_1696_1120,4
GEO_R04_1664_0832,4
GEO_R04_1664_0800,4
GEO_R04_0192_0128,2
GEO_R04_1152_1824,0
GEO_R04_1152_0960,4
GEO_R04_1824_1088,2
GEO_R04_1568_2048,4
GEO_R04_1408_1472,4
GEO_R04_0608_1248,0
GEO_R04_2272_1184,2
GEO_R04_1280_1088,4
GEO_R04_0512_0128,2
GEO_R04_1408_1408,4
GEO_R04_2144_1120,0
GEO_R04_1984_1056,2
GEO_R04_1120_1408,4
GEO_R04_2272_2016,2
GEO_R04_0512_0000,2
GEO_R04_1312_1280,4
GEO_R04_0064_1856,0
GEO_R04_1472_1792,0
GEO_R04_1472_1088,4
GEO_R04_1344_0832,4
GEO_R04_2272_0672,0
GEO_R04_1536_1984,4
GEO_R04_0640_1792,4
GEO_R04_1472_2080,4
GEO_R04_2272_1952,2
GEO_R04_1120_1120,4
GEO_R04_1536_0544,4
GEO_R04_1952_0832,4
GEO_R04_1248_1888,4
GEO_R04_0224_0096,2
GEO_R04_1824_1728,4
GEO_R04_0832_1024,0
GEO_R04_2016_2208,2
GEO_R04_1056_1088,4
GEO_R04_1536_0576,4
GEO_R04_1600_1760,4
GEO_R04_1120_1568,4
GEO_R04_1632_0416,4
GEO_R04_1056_0800,4
GEO_R04_1600_0864,4
GEO_R04_2304_1920,2
GEO_R04_1184_1088,4
GEO_R04_1312_1440,4
GEO_R04_2208_1728,0
GEO_R04_0896_2240,2
GEO_R04_1984_1504,0
GEO_R04_0192_0064,2
GEO_R04_2048_2304,2
GEO_R04_1280_2208,4
GEO_R04_1056_1376,4
GEO_R04_1824_0384,4
GEO_R04_0800_1600,4
GEO_R04_1216_1312,4
GEO_R04_1152_0192,0
GEO_R04_0352_0608,0
GEO_R04_2176_2112,2
GEO_R04_0736_1664,4
GEO_R04_1760_0544,4
GEO_R04_1248_1152,4
GEO_R04_1600_2208,2
GEO_R04_2272_2112,2
GEO_R04_1408_1856,0
GEO_R04_0832_1920,4
GEO_R04_1920_1216,4
GEO_R04_2176_1248,0
GEO_R04_1440_1344,4
GEO_R04_1216_0288,4
GEO_R04_1184_0960,4
GEO_R04_0672_1760,4
GEO_R04_1536_1728,4
GEO_R04_0864_1024,0
GEO_R04_1792_0384,4
GEO_R04_0992_1248,4
GEO_R04_1632_1088,4
GEO_R04_0640_2272,0
GEO_R04_0256_0832,2
GEO_R04_1536_0512,4
GEO_R04_2144_2176,2
GEO_R04_1280_1248,4
GEO_R04_1440_1760,0
GEO_R04_0416_0416,0
GEO_R04_0224_2016,2
GEO_R04_1760_0288,4
GEO_R04_1472_1472,4
GEO_R04_1184_0064,0
GEO_R04_1216_1184,4
GEO_R04_1536_2272,0
GEO_R04_0704_1664,4
GEO_R04_2272_1856,2
GEO_R04_1408_1312,4
GEO_R04_1984_2176,2
GEO_R04_1824_0192,4
GEO_R04_1984_0640,4
GEO_R04_1088_1344,4
GEO_R04_0544_0160,2
GEO_R04_1504_1824,0
GEO_R04_1760_0800,4
GEO_R04_1120_0992,4
GEO_R04_1600_1472,0
GEO_R04_1280_1312,4
GEO_R04_1888_0000,0
GEO_R04_0672_1696,4
GEO_R04_1216_1408,4
GEO_R04_1632_0960,2
GEO_R04_0832_0992,0
GEO_R04_1984_2112,2
GEO_R04_2016_1504,0
GEO_R04_1600_0352,4
GEO_R04_1088_1152,4
GEO_R04_0288_0928,2
GEO_R04_1472_1120,4
GEO_R04_1856_1056,2
GEO_R04_1856_0512,4
GEO_R04_1760_0896,4
GEO_R04_1696_0864,4
GEO_R04_1024_0992,4
GEO_R04_1280_1536,4
GEO_R04_1408_2016,0
GEO_R04_1216_1056,4
GEO_R04_0800_1696,4
GEO_R04_0896_0480,0
GEO_R04_1056_1472,4
GEO_R04_0256_0000,2
GEO_R04_1888_0800,4
GEO_R04_1024_0608,0
GEO_R04_0512_0992,0
GEO_R04_0704_1728,4
GEO_R04_0480_1472,4
GEO_R04_2304_2272,2
GEO_R04_2304_1760,2
GEO_R04_1664_1120,4
GEO_R04_2240_1440,2
GEO_R04_1056_1184,4
GEO_R04_1248_1120,4
GEO_R04_1120_0000,0
GEO_R04_1312_2208,4
GEO_R04_1152_0064,0
GEO_R04_0768_1856,4
GEO_R04_2272_1888,2
GEO_R04_1440_0192,4
GEO_R04_0928_0864,0
GEO_R04_1888_1248,4
GEO_R04_0512_0032,2
GEO_R04_1824_0416,4
GEO_R04_1280_1856,4
GEO_R04_1088_1568,4
GEO_R04_1280_1600,4
GEO_R04_2304_1888,2
GEO_R04_1376_1440,4
GEO_R04_1536_1952,4
GEO_R04_1184_1120,4
GEO_R04_1856_1920,4
GEO_R04_1536_0640,4
GEO_R04_0576_0640,2
GEO_R04_1312_1632,4
GEO_R04_2016_0832,4
GEO_R04_0256_1568,0
GEO_R04_1856_0768,4
GEO_R04_2304_2016,2
GEO_R04_1984_2240,2
GEO_R04_1856_0192,4
GEO_R04_1088_1184,4
GEO_R04_1888_1280,4
GEO_R04_1952_1504,0
GEO_R04_1344_1504,4
GEO_R04_1184_0288,4
GEO_R04_1792_0800,4
GEO_R04_1152_1344,4
GEO_R04_0352_1280,0
GEO_R04_0064_1888,0
GEO_R04_1920_1792,4
GEO_R04_1760_2336,4
GEO_R04_0832_2016,4
GEO_R04_1376_1248,4
GEO_R04_1632_0832,4
GEO_R04_1728_1184,4
GEO_R04_2272_1440,2
GEO_R04_1056_1152,4
GEO_R04_1504_1728,4
GEO_R04_0864_2336,2
GEO_R04_1344_1312,4
GEO_R04_0224_2048,2
GEO_R04_0928_1248,4
GEO_R04_1504_1696,4
GEO_R04_1728_1216,4
GEO_R04_0576_1248,0
GEO_R04_1536_2080,4
GEO_R04_1184_1440,4
GEO_R04_1696_1856,4
GEO_R04_0960_1280,4
GEO_R04_0608_0608,2
GEO_R04_0992_1600,4
GEO_R04_0352_0800,2
GEO_R04_1760_1248,4
GEO_R04_1184_0992,4
GEO_R04_0544_2304,2
GEO_R04_1408_1824,0
GEO_R04_0704_0000,2
GEO_R04_0832_1888,4
GEO_R04_1696_0416,0
GEO_R04_0320_0032,2
GEO_R04_0608_0288,2
GEO_R04_2112_1056,0
GEO_R04_0000_0256,2
GEO_R04_1792_1696,4
GEO_R04_1760_0640,4
GEO_R04_1728_0544,4
GEO_R04_2016_0896,4
GEO_R04_1120_1280,4
GEO_R04_2272_1472,2
GEO_R04_0224_2304,2
GEO_R04_0992_1824,4
GEO_R04_1792_0416,4
GEO_R04_1312_1568,4
GEO_R04_0352_0768,2
GEO_R04_0704_1984,4
GEO_R04_1792_0480,4
GEO_R04_1344_1344,4
GEO_R04_1312_0832,4
GEO_R04_0864_0960,0
GEO_R04_0640_0192,2
GEO_R04_1280_1184,4
GEO_R04_1152_1440,4
GEO_R04_0800_1952,4
GEO_R04_1248_0992,4
GEO_R04_0480_0096,2
GEO_R04_1248_2272,4
GEO_R04_0832_1088,0
GEO_R04_0576_1856,4
GEO_R04_0896_1920,4
GEO_R04_2112_2240,2
GEO_R04_1280_0928,4
GEO_R04_1408_1504,4
GEO_R04_1248_0800,4
GEO_R04_0576_0000,2
GEO_R04_0960_1376,4
GEO_R04_1216_0928,4
GEO_R04_1120_1024,4
GEO_R04_2144_2208,2
GEO_R04_0800_1728,4
GEO_R04_1568_0384,4
GEO_R04_0800_1920,4
GEO_R04_2048_1472,0
GEO_R04_0608_1952,4
GEO_R04_1216_0320,4
GEO_R04_0768_1600,4
GEO_R04_0992_0608,0
GEO_R04_1920_1312,4
GEO_R04_0960_1184,4
GEO_R04_1760_1536,0
GEO_R04_1696_1216,4
GEO_R04_1984_0960,0
GEO_R04_0640_0000,2
GEO_R04_2016_2176,2
GEO_R04_1568_1056,4
GEO_R04_1248_1024,4
GEO_R04_0992_1376,4
GEO_R04_0800_1120,0
GEO_R04_0576_1888,4
GEO_R04_2304_2304,2
GEO_R04_1792_1184,4
GEO_R04_0992_1216,4
GEO_R04_0480_0064,2
GEO_R04_0384_0800,2
GEO_R04_1088_1440,4
GEO_R04_0832_1056,0
GEO_R04_0288_0032,2
GEO_R04_0960_1312,4
GEO_R04_0960_1216,4
GEO_R04_1024_1120,4
GEO_R04_0864_1440,4
GEO_R04_1728_0288,4
GEO_R04_0768_1888,4
GEO_R04_0768_1824,4
GEO_R04_1856_1280,4
GEO_R04_0928_1920,4
GEO_R04_1376_1472,4
GEO_R04_0128_1472,2
GEO_R04_1792_2304,4
GEO_R04_1792_0736,4
GEO_R04_2240_1504,2
GEO_R04_1792_1504,0
GEO_R04_1216_0992,4
GEO_R04_1568_2144,4
GEO_R04_0864_1984,4
GEO_R04_1568_1728,4
GEO_R04_1184_0864,4
GEO_R04_0192_0000,2
GEO_R04_1696_0800,4
GEO_R04_0704_1824,4
GEO_R04_0832_2272,2
GEO_R04_1568_1760,4
GEO_R04_1952_0896,4
GEO_R04_1984_1952,0
GEO_R04_1984_1088,2
GEO_R04_1824_1600,4
GEO_R04_1888_0224,4
GEO_R04_0736_0032,2
GEO_R04_0928_2336,2
GEO_R04_0864_1888,4
GEO_R04_0992_1664,4
GEO_R04_0640_1504,0
GEO_R04_0608_1888,4
GEO_R04_0960_1568,4
GEO_R04_1632_0864,4
GEO_R04_0832_1696,4
GEO_R04_1504_2048,4
GEO_R04_1792_0288,4
GEO_R04_2176_1216,0
GEO_R04_1280_1056,4
GEO_R04_1472_1824,0
GEO_R04_1344_1440,4
GEO_R04_2176_2016,2
GEO_R04_1952_1952,0
GEO_R04_0032_0256,2
GEO_R04_1376_1824,0
GEO_R04_1824_1920,4
GEO_R04_0000_0416,2
GEO_R04_1440_2080,4
GEO_R04_1248_1312,4
GEO_R04_0576_0288,2
GEO_R04_1184_1312,4
GEO_R04_1600_0320,4
GEO_R04_2272_2208,2
GEO_R04_2304_2240,2
GEO_R04_1696_0736,4
GEO_R04_1280_2272,4
GEO_R04_2208_2144,2
GEO_R04_1056_1280,4
GEO_R04_1600_1728,4
GEO_R04_1856_1632,4
GEO_R04_1856_1248,4
GEO_R04_1504_2016,4
GEO_R04_2240_2304,2
GEO_R04_1088_0416,2
GEO_R04_2304_1152,2
GEO_R04_0576_1280,0
GEO_R04_1184_1216,4
GEO_R04_0768_0960,4
GEO_R04_0608_0192,2
GEO_R04_1440_1984,0
GEO_R04_1280_1568,4
GEO_R04_1280_1952,4
GEO_R04_1152_0160,0
GEO_R04_1088_1376,4
GEO_R04_2080_2304,2
GEO_R04_1120_0064,0
GEO_R04_1696_0768,4
GEO_R04_1792_2336,4
GEO_R04_0640_1952,4
GEO_R04_0608_0256,2
GEO_R04_0832_1120,0
GEO_R04_0544_1344,4
GEO_R04_0160_1728,2
GEO_R04_0992_0960,4
GEO_R04_0736_1888,4
GEO_R04_1504_1088,4
GEO_R04_1440_1408,4
GEO_R04_1120_0800,4
GEO_R04_1152_1472,4
GEO_R04_1920_2208,2
GEO_R04_1664_0704,4
GEO_R04_1696_0576,4
GEO_R04_1280_2304,4
GEO_R04_1280_1440,4
GEO_R04_1312_0704,0
GEO_R04_0512_2336,2
GEO_R04_0768_1152,0
GEO_R04_1536_1056,4
GEO_R04_0000_0608,0
GEO_R04_1056_0352,2
GEO_R04_1152_1088,4
GEO_R04_1120_0768,4
GEO_R04_1152_2080,2
GEO_R04_0960_1248,4
GEO_R04_2144_1152,0
GEO_R04_1280_1984,4
GEO_R04_1856_1600,4
GEO_R04_0768_1664,4
GEO_R04_1536_2112,4
GEO_R04_0992_1632,4
GEO_R04_1152_1408,4
GEO_R04_1248_1184,4
GEO_R04_1152_0832,4
GEO_R04_1312_1600,4
GEO_R04_0928_0384,0
GEO_R04_1088_1408,4
GEO_R04_1088_0800,4
GEO_R04_0128_1088,2
GEO_R04_0736_1824,4
GEO_R04_1952_0800,4
GEO_R04_0512_0416,0
GEO_R04_1728_0928,4
GEO_R04_0992_1568,4
GEO_R04_1824_0768,4
GEO_R04_0704_1760,4
GEO_R04_1216_1280,4
GEO_R04_1824_1856,4
GEO_R04_1824_0864,4
GEO_R04_1696_0608,4
GEO_R04_0640_0224,2
GEO_R04_1760_0736,4
GEO_R04_0800_1216,4
GEO_R04_1152_1536,4
GEO_R04_0512_1408,4
GEO_R04_0224_2272,2
GEO_R04_1248_1440,4
GEO_R04_0768_0672,0
GEO_R04_1152_0000,0
GEO_R04_1664_0608,4
GEO_R04_1984_0832,4
GEO_R04_1024_1056,4
GEO_R04_1920_1920,0
GEO_R04_1600_1152,4
GEO_R04_0608_0000,2
GEO_R04_1024_1568,4
GEO_R04_0704_2016,4
GEO_R04_0608_0224,2
GEO_R04_0672_0032,2
GEO_R04_0960_0960,4
GEO_R04_1504_1408,4
GEO_R04_1184_0192,0
GEO_R04_1280_1632,4
GEO_R04_0800_1856,4
GEO_R04_1248_1088,4
GEO_R04_0832_1600,4
GEO_R04_0928_0960,4
GEO_R04_1472_2112,4
GEO_R04_1920_0800,4
GEO_R04_1216_1600,4
GEO_R04_0960_1920,4
GEO_R04_1184_2080,2
GEO_R04_1472_1856,0
GEO_R04_0960_0640,0
GEO_R04_1184_1824,0
GEO_R04_0896_1440,4
GEO_R04_0576_1984,4
GEO_R04_0512_0064,2
GEO_R04_0800_1568,4
GEO_R04_1184_1248,4
GEO_R04_1056_0992,4
GEO_R04_1920_2240,2
GEO_R04_1760_2304,4
GEO_R04_2240_1920,2
GEO_R04_1280_0800,4
GEO_R04_1536_1696,4
GEO_R04_1408_0416,4
GEO_R04_0832_1984,4
GEO_R04_1056_1216,4
GEO_R04_2272_2048,2
GEO_R04_0608_0160,2
GEO_R04_0768_2272,2
GEO_R04_1120_2272,2
GEO_R04_0800_2016,4
GEO_R04_2208_2080,2
GEO_R04_1856_0544,4
GEO_R04_0480_1504,4
GEO_R04_0672_1856,4
GEO_R04_2304_2112,2
GEO_R04_1728_0256,4
GEO_R04_1152_0928,4
GEO_R04_1312_0864,4
GEO_R04_1536_0480,4
GEO_R04_1376_1280,4
GEO_R04_1696_0448,0
GEO_R04_0736_2048,4
GEO_R04_1504_2304,0
GEO_R04_1984_2144,2
GEO_R04_1664_0768,4
GEO_R04_1152_1568,4
GEO_R04_1024_0928,4
GEO_R04_1504_1856,0
GEO_R04_1984_2208,2
GEO_R04_1984_0864,4
GEO_R04_1600_1088,4
GEO_R04_1088_1312,4
GEO_R04_0704_1888,4
GEO_R04_0256_0992,2
GEO_R04_0896_1952,4
GEO_R04_1760_0512,4
GEO_R04_1088_1280,4
GEO_R04_0928_1120,0
GEO_R04_0960_1824,4
GEO_R04_0608_0512,0
GEO_R04_1216_0864,4
GEO_R04_1760_0480,4
GEO_R04_1792_1280,4
GEO_R04_1280_1280,4
GEO_R04_2272_2080,2
GEO_R04_0736_0064,2
GEO_R04_0224_0000,2
GEO_R04_0544_1632,4
GEO_R04_1536_2144,4
GEO_R04_0544_1024,0
GEO_R04_1216_1216,4
GEO_R04_1152_1376,4
GEO_R04_1376_1088,4
GEO_R04_1760_0320,4
GEO_R04_1600_1440,0
GEO_R04_1856_1504,0
GEO_R04_1184_1280,4
GEO_R04_0800_2272,2
GEO_R04_1824_1760,4
GEO_R04_0992_1792,4
GEO_R04_0960_1600,4
GEO_R04_0224_0064,2
GEO_R04_1760_0832,4
GEO_R04_1728_0320,4
GEO_R04_2272_1984,2
GEO_R04_1120_1376,4
GEO_R04_1856_0224,4
GEO_R04_2272_2240,2
GEO_R04_0640_1664,4
GEO_R04_1920_1248,4
GEO_R04_0544_2176,2
GEO_R04_1088_0768,4
GEO_R04_1536_0608,4
GEO_R04_1056_1440,4
GEO_R04_1120_1312,4
GEO_R04_1984_1216,4
GEO_R04_1056_1568,4
GEO_R04_0672_1632,4
GEO_R04_1312_1472,4
GEO_R04_1952_1888,0
GEO_R04_1248_1376,4
GEO_R04_0352_1408,2
GEO_R04_2048_2240,2
GEO_R04_2272_1408,2
GEO_R04_1568_1472,0
GEO_R04_1120_0032,0
GEO_R04_1184_0832,4
GEO_R04_1952_1920,0
GEO_R04_2304_1120,2
GEO_R04_0032_0352,2
GEO_R04_1504_2080,4
GEO_R04_1920_1952,0
GEO_R04_1408_1440,4
GEO_R04_2048_0896,4
GEO_R04_1568_2304,0
GEO_R04_2272_0640,0
GEO_R04_0448_0448,0
GEO_R04_1248_1408,4
GEO_R04_1184_1152,4
GEO_R04_1088_0992,4
GEO_R04_1824_0448,4
GEO_R04_0640_1632,4
GEO_R04_1856_0736,4
GEO_R04_1888_0768,4
GEO_R04_1792_1152,4
GEO_R04_1088_1824,0
GEO_R04_0704_1792,4
GEO_R04_0928_1312,4
GEO_R04_0800_1888,4
GEO_R04_2080_1088,0
GEO_R04_1152_1024,4
GEO_R04_0704_0096,2
GEO_R04_1920_0736,4
GEO_R04_1696_0672,4
GEO_R04_2208_2048,2
GEO_R04_0288_1344,0
GEO_R04_0160_1120,2
GEO_R04_1056_0096,0
GEO_R04_1344_2304,4
GEO_R04_0032_1856,0
GEO_R04_1312_1408,4
GEO_R04_1792_1856,4
GEO_R04_1056_1248,4
GEO_R04_1216_1344,4
GEO_R04_1024_0640,0
GEO_R04_1760_0352,4
GEO_R04_2016_0864,4
GEO_R04_1600_0384,4
GEO_R04_1408_1984,0
GEO_R04_0960_1088,0
GEO_R04_2080_1216,0
GEO_R04_1184_0320,4
GEO_R04_1120_1088,4
GEO_R04_1280_1888,4
GEO_R04_1920_1536,0
GEO_R04_0992_1760,4
GEO_R04_0544_0192,2
GEO_R04_0608_0128,2
GEO_R04_0032_1888,0
GEO_R04_0448_0064,2
GEO_R04_1216_1120,4
GEO_R04_1152_1248,4
GEO_R04_1600_1248,0
GEO_R04_0832_1856,4
GEO_R04_1696_0640,4
GEO_R04_1504_0480,4
GEO_R04_1696_1888,4
GEO_R04_0608_1920,4
GEO_R04_1728_0640,4
GEO_R04_1440_1472,4
GEO_R04_1024_1280,4
GEO_R04_1536_2016,4
GEO_R04_0768_1024,0
GEO_R04_1472_0128,4
GEO_R04_1280_0992,4
GEO_R04_1984_0800,4
GEO_R04_1280_1920,4
GEO_R04_0992_0928,4
GEO_R04_0992_1728,4
GEO_R04_2080_2144,2
GEO_R04_1792_0672,4
GEO_R04_1920_1024,2
GEO_R04_1600_1696,4
GEO_R04_1792_0192,4
GEO_R04_1184_1536,4
GEO_R04_2208_1184,0
GEO_R04_1760_0768,4
GEO_R04_0000_0352,2
GEO_R04_1696_0544,4
GEO_R04_0800_1984,4
GEO_R04_0000_0192,2
GEO_R04_1248_1344,4
GEO_R04_1344_1248,4
GEO_R04_2176_1184,0
GEO_R04_1376_1376,4
GEO_R04_0352_2304,0
GEO_R04_0928_1184,4
GEO_R04_0960_1344,4
GEO_R04_0928_0352,0
GEO_R04_1408_1376,4
GEO_R04_1376_1312,4
GEO_R04_0800_0768,0
GEO_R04_1760_1344,0
GEO_R04_1120_1472,4
GEO_R04_1472_1408,4
GEO_R04_1280_0896,4
GEO_R04_2048_0928,4
GEO_R04_0064_0256,2
GEO_R04_1184_1568,4
GEO_R04_1536_2304,0
GEO_R04_1568_2080,4
GEO_R04_2112_2144,2
GEO_R04_1216_0960,4
GEO_R04_1312_1312,4
GEO_R04_1504_1440,4
GEO_R04_0672_0160,2
GEO_R04_0992_1696,4
GEO_R04_0672_1984,4
GEO_R04_1792_0352,4
GEO_R04_0640_1920,4
GEO_R04_0736_2304,2
GEO_R04_1760_0256,4
GEO_R04_1728_0352,4
GEO_R04_1184_0800,4
GEO_R04_0000_1216,2
GEO_R04_1088_0960,4
GEO_R04_1152_2304,2
GEO_R04_1248_1056,4
GEO_R04_1184_1760,4
GEO_R04_1184_1952,4
GEO_R04_0640_0160,2
GEO_R04_1728_0768,4
GEO_R04_1056_0384,2
GEO_R04_1728_0704,4
GEO_R04_1152_2048,2
GEO_R04_1024_1152,4
GEO_R04_0928_0832,0
GEO_R04_0256_0800,2
GEO_R04_0640_0096,2
GEO_R04_1024_1024,4
GEO_R04_0160_1152,2
GEO_R04_1312_2304,4
GEO_R04_0352_2336,0
GEO_R04_0864_2272,2
GEO_R04_1280_1152,4
GEO_R04_1792_1248,4
GEO_R04_0576_0192,2
GEO_R04_1152_0992,4
GEO_R04_1120_2304,2
GEO_R04_1568_0544,4
GEO_R04_1088_1248,4
GEO_R04_1792_0832,4
GEO_R04_1312_1504,4
GEO_R04_1120_1216,4
GEO_R04_0928_1216,4
GEO_R04_1312_1344,4
GEO_R04_1664_1344,0
GEO_R04_1024_1344,4
GEO_R04_0096_2176,0
GEO_R04_0864_1056,0
GEO_R04_2240_2144,2
GEO_R04_1184_0032,0
GEO_R04_1440_1376,4
GEO_R04_0960_1472,4
GEO_R04_1504_2112,4
GEO_R04_0000_0576,0
GEO_R04_0928_0992,4
GEO_R04_1600_2336,0
GEO_R04_0992_0640,0
GEO_R04_2304_1952,2
GEO_R04_1248_1248,4
GEO_R04_1024_1184,4
GEO_R04_1952_2240,2
GEO_R04_0480_0032,2
GEO_R04_0800_2304,2
GEO_R04_1664_0736,4
GEO_R04_1920_0224,4
GEO_R04_0608_1664,4
GEO_R04_0864_0992,0
GEO_R04_1632_1376,0
GEO_R04_1984_1984,0
GEO_R04_0832_1952,4
GEO_R04_1888_1024,2
GEO_R04_1184_0128,0
GEO_R04_1312_2176,4
GEO_R04_0800_1664,4
GEO_R04_0256_0960,2
GEO_R04_1760_1984,0
GEO_R04_0288_0064,2
GEO_R04_1856_1760,4
GEO_R04_1760_0672,4
GEO_R04_0576_0224,2
GEO_R04_1984_0896,4
GEO_R04_0032_0320,2
GEO_R04_1152_1952,4
GEO_R04_0832_2336,2
GEO_R04_2176_1152,0
GEO_R04_0928_1088,0
GEO_R04_1760_1152,4
GEO_R04_1664_0864,4
GEO_R04_1280_1120,4
GEO_R04_1792_0768,4
GEO_R04_0672_0096,2
GEO_R04_1504_1536,0
GEO_R04_0448_0032,2
GEO_R04_2176_2048,2
GEO_R04_0672_1728,4
GEO_R04_1696_1152,4
GEO_R04_0672_0000,2
GEO_R04_0896_1984,4
GEO_R04_1344_0704,0
GEO_R04_1248_0960,4
GEO_R04_1664_0576,4
GEO_R04_1728_1344,0
GEO_R04_1824_1632,4
GEO_R04_2048_2272,2
GEO_R04_0576_2336,2
GEO_R04_1472_0512,4
GEO_R04_0640_1472,0
GEO_R04_0576_2176,2
GEO_R04_1056_1312,4
GEO_R04_1408_0384,4
GEO_R04_2208_1920,2
GEO_R04_0672_0128,2
GEO_R04_0000_0224,2
GEO_R04_1408_2048,0
GEO_R04_1248_2240,4
GEO_R04_1664_1248,4
GEO_R04_1952_2208,2
GEO_R04_0864_1920,4
GEO_R04_0224_2336,2
GEO_R04_2272_2272,2
GEO_R04_0640_0128,2
GEO_R04_1760_0704,4
GEO_R04_1536_2048,4
GEO_R04_1728_0832,4
GEO_R04_1248_1280,4
GEO_R04_2176_2080,2
GEO_R04_0832_2304,2
GEO_R04_2112_2112,2
GEO_R04_1184_1056,4
GEO_R04_1088_1216,4
GEO_R04_1152_1056,4
GEO_R04_1952_1024,2
GEO_R04_0256_0032,2
GEO_R04_1120_0192,0
GEO_R04_1280_1376,4
GEO_R04_0032_0384,2
GEO_R04_1920_1984,0
GEO_R04_1024_1312,4
GEO_R04_1312_0896,4
GEO_R04_1152_0096,0
GEO_R04_0512_1536,4
GEO_R04_1216_1088,4
GEO_R04_1696_1184,4
GEO_R04_0576_1376,4
GEO_R04_1056_1504,4
GEO_R04_0640_1728,4
GEO_R04_0544_1280,0
GEO_R04_1952_0224,4
GEO_R04_2272_1824,2
GEO_R04_1344_1408,4
GEO_R04_1024_1632,4
GEO_R04_1024_0960,4
GEO_R04_1280_2240,4
GEO_R04_0000_0384,2
GEO_R04_1760_0224,4
GEO_R04_0544_2336,2
GEO_R04_2304_1792,2
GEO_R04_1824_1504,0
GEO_R04_1440_1440,4
GEO_R04_0672_1792,4
GEO_R04_1152_0128,0
GEO_R04_1344_1472,4
GEO_R04_1888_0736,4
GEO_R04_0576_0608,2
GEO_R04_0448_0000,2
GEO_R04_2240_2048,2
GEO_R04_1248_1600,4
GEO_R04_1152_0768,4
GEO_R04_2304_1824,2
GEO_R04_0960_1792,4
GEO_R04_1344_1376,4
GEO_R04_2016_2240,2
GEO_R04_0512_1504,4
GEO_R04_2304_1984,2
GEO_R04_2240_1984,2
GEO_R04_0736_1696,4
GEO_R04_2272_2304,2
GEO_R04_2144_2080,2
GEO_R04_1344_0672,0
GEO_R04_1088_1088,4
GEO_R04_1024_1088,4
GEO_R04_2080_2272,2
GEO_R04_2272_1920,2
GEO_R04_0768_1568,4
GEO_R04_1344_1952,4
GEO_R04_0672_0064,2
GEO_R04_2272_1152,2
GEO_R04_1120_1440,4
GEO_R04_0864_1600,4
GEO_R04_1120_1056,4
GEO_R04_1216_1440,4
GEO_R04_0608_1504,0
GEO_R04_0000_0320,2
GEO_R04_0768_1760,4
GEO_R04_2304_2048,2
GEO_R04_0384_0000,2
GEO_R04_1376_1408,4
GEO_R04_0576_0160,2
GEO_R04_1984_1536,0
GEO_R04_0672_1824,4
GEO_R04_1696_1920,4
GEO_R04_0544_0672,2
GEO_R04_0992_1344,4
GEO_R04_1376_0672,0
GEO_R04_0128_1120,2
GEO_R04_1696_1248,4
GEO_R04_1856_2048,0
GEO_R04_1184_1600,4
GEO_R04_2208_2016,2
GEO_R04_2304_2336,2
GEO_R04_0160_1184,2
GEO_R04_0768_2016,4
GEO_R04_2112_2208,2
GEO_R04_1344_2208,4
GEO_R04_1728_1536,0
GEO_R04_1760_2080,2
GEO_R04_1728_1856,4
GEO_R04_0000_0544,0
GEO_R04_1280_0832,4
GEO_R04_1248_1472,4
GEO_R04_0064_2144,0
GEO_R04_1152_1504,4
GEO_R04_1248_0928,4
GEO_R04_1152_1280,4
GEO_R04_1728_0224,4
GEO_R04_1888_1536,0
GEO_R04_1312_1888,4
GEO_R04_1568_1408,0
GEO_R04_1024_1600,4
GEO_R04_0704_0128,2
GEO_R04_1056_1408,4
GEO_R04_1728_0736,4
GEO_R04_1760_0448,4
GEO_R04_1312_0800,4
GEO_R04_1280_0960,4
GEO_R04_1888_1216,4
GEO_R04_1568_2112,4
GEO_R04_0960_0608,0
GEO_R04_0512_0256,2
GEO_R04_0128_0192,0
GEO_R04_1056_0416,2
GEO_R04_1792_1888,4
GEO_R04_1696_0704,4
GEO_R04_2272_2336,2
GEO_R04_1824_1280,4
GEO_R04_1312_2240,4
GEO_R04_1984_0544,4
GEO_R04_0512_0160,2
GEO_R04_1344_1280,4
GEO_R04_1408_1888,0
GEO_R05_1312_0000,4
GEO_R05_2144_1984,2
GEO_R05_1440_1248,4
GEO_R05_1248_0928,4
GEO_R05_2112_1984,2
GEO_R05_0768_0864,4
GEO_R05_0736_1600,4
GEO_R05_0864_0992,4
GEO_R05_1856_0576,2
GEO_R05_0832_0544,4
GEO_R05_0768_0352,4
GEO_R05_0480_1344,4
GEO_R05_0896_2176,4
GEO_R05_0064_0576,2
GEO_R05_0736_0192,4
GEO_R05_1120_0800,4
GEO_R05_0896_2240,4
GEO_R05_0032_1472,2
GEO_R05_2304_0800,4
GEO_R05_1664_1088,2
GEO_R05_1376_0192,4
GEO_R05_1920_0608,2
GEO_R05_1632_2176,4
GEO_R05_1216_0608,4
GEO_R05_0800_2240,4
GEO_R05_1120_0096,4
GEO_R05_0992_2144,4
GEO_R05_0736_0320,4
GEO_R05_1408_2304,4
GEO_R05_0448_2304,2
GEO_R05_0960_1856,4
GEO_R05_1984_0704,2
GEO_R05_1408_0256,4
GEO_R05_0032_0320,2
GEO_R05_1216_0576,4
GEO_R05_1024_2112,4
GEO_R05_1696_2208,4
GEO_R05_0000_1088,2
GEO_R05_0800_0192,4
GEO_R05_0832_2112,4
GEO_R05_1248_1216,4
GEO_R05_1088_0192,4
GEO_R05_1152_0864,4
GEO_R05_1920_0128,2
GEO_R05_1056_0096,4
GEO_R05_0544_0352,2
GEO_R05_1856_0544,2
GEO_R05_2016_0096,2
GEO_R05_0064_0608,2
GEO_R05_2208_2016,2
GEO_R05_2144_1856,4
GEO_R05_1088_0032,4
GEO_R05_0160_1472,4
GEO_R05_2304_0896,4
GEO_R05_1888_0128,2
GEO_R05_0384_0576,4
GEO_R05_0736_1696,4
GEO_R05_0992_1760,4
GEO_R05_2144_0288,4
GEO_R05_1152_0768,4
GEO_R05_0672_1312,4
GEO_R05_0704_1984,4
GEO_R05_1568_0672,2
GEO_R05_0768_0416,4
GEO_R05_0800_1376,4
GEO_R05_1408_2272,4
GEO_R05_0896_1664,4
GEO_R05_1120_0032,4
GEO_R05_0768_2176,4
GEO_R05_1216_0704,4
GEO_R05_1216_1248,4
GEO_R05_0960_2240,4
GEO_R05_1408_1248,4
GEO_R05_0192_1472,4
GEO_R05_1248_1280,4
GEO_R05_1184_0960,4
GEO_R05_1600_1696,4
GEO_R05_1120_0064,4
GEO_R05_0736_0736,4
GEO_R05_1184_0416,4
GEO_R05_0800_0704,4
GEO_R05_0512_1664,4
GEO_R05_0352_1088,4
GEO_R05_2272_0832,4
GEO_R05_1280_0096,4
GEO_R05_1664_0800,2
GEO_R05_0832_0288,4
GEO_R05_0864_2144,4
GEO_R05_0832_2016,4
GEO_R05_0768_2208,4
GEO_R05_1408_0224,4
GEO_R05_0992_1664,4
GEO_R05_1664_0096,2
GEO_R05_0896_2112,4
GEO_R05_1344_0224,4
GEO_R05_2016_0576,2
GEO_R05_0832_0096,4
GEO_R05_1952_0224,2
GEO_R05_0096_0608,2
GEO_R05_0992_2176,4
GEO_R05_0864_2112,4
GEO_R05_0800_0448,4
GEO_R05_1248_0736,4
GEO_R05_0512_1568,4
GEO_R05_2112_0832,4
GEO_R05_0672_2208,4
GEO_R05_1952_0704,2
GEO_R05_0480_1440,4
GEO_R05_0416_1408,4
GEO_R05_1248_0992,4
GEO_R05_2176_1792,4
GEO_R05_0512_0288,2
GEO_R05_1664_1632,4
GEO_R05_0736_2240,4
GEO_R05_2016_0608,2
GEO_R05_0800_0160,4
GEO_R05_0608_0096,2
GEO_R05_1824_0192,2
GEO_R05_0864_0512,4
GEO_R05_2336_1824,2
GEO_R05_1760_0576,2
GEO_R05_1824_0896,2
GEO_R05_0928_1856,4
GEO_R05_0896_0448,4
GEO_R05_1824_0576,2
GEO_R05_0384_1312,4
GEO_R05_2208_1440,4
GEO_R05_1696_0096,2
GEO_R05_0768_0224,4
GEO_R05_0000_0288,2
GEO_R05_0800_0480,4
GEO_R05_0448_1632,4
GEO_R05_2208_1056,4
GEO_R05_1440_2304,4
GEO_R05_2304_1824,2
GEO_R05_1120_0160,4
GEO_R05_1248_0960,4
GEO_R05_0960_1824,4
GEO_R05_2176_0224,4
GEO_R05_1440_1888,0
GEO_R05_0800_1472,4
GEO_R05_0800_2336,4
GEO_R05_0384_0608,4
GEO_R05_0448_1280,4
GEO_R05_0768_2112,4
GEO_R05_0832_1344,4
GEO_R05_0992_1792,4
GEO_R05_1248_1728,0
GEO_R05_1728_2080,4
GEO_R05_1152_0832,4
GEO_R05_1952_1600,4
GEO_R05_1888_0224,2
GEO_R05_0480_1632,4
GEO_R05_1280_0896,4
GEO_R05_1760_0928,2
GEO_R05_0800_2208,4
GEO_R05_1856_0128,2
GEO_R05_0704_1664,4
GEO_R05_1792_0576,2
GEO_R05_1888_0576,2
GEO_R05_0384_2336,2
GEO_R05_1376_2112,4
GEO_R05_1280_0992,4
GEO_R05_0000_0544,2
GEO_R05_0960_0896,4
GEO_R05_1088_0768,4
GEO_R05_1056_2272,2
GEO_R05_1952_0256,2
GEO_R05_1728_0192,2
GEO_R05_2304_1888,2
GEO_R05_0672_2144,4
GEO_R05_1760_0608,2
GEO_R05_1632_0128,2
GEO_R05_0256_1440,4
GEO_R05_1920_2208,4
GEO_R05_0160_1408,4
GEO_R05_2208_1888,4
GEO_R05_0736_0352,4
GEO_R05_1600_2144,4
GEO_R05_2048_0608,2
GEO_R05_0448_1440,4
GEO_R05_0768_1408,4
GEO_R05_0256_0672,4
GEO_R05_2272_1856,2
GEO_R05_1920_2240,4
GEO_R05_1376_2144,4
GEO_R05_1952_0672,2
GEO_R05_0736_0160,4
GEO_R05_1024_1824,4
GEO_R05_1952_0640,2
GEO_R05_1632_1632,4
GEO_R05_1024_0096,4
GEO_R05_0224_1408,4
GEO_R05_1920_0544,2
GEO_R05_0064_1440,2
GEO_R05_0832_0128,4
GEO_R05_0640_0128,2
GEO_R05_1568_0704,2
GEO_R05_0416_1152,4
GEO_R05_0896_2144,4
GEO_R05_1184_0832,4
GEO_R05_2176_0320,4
GEO_R05_1696_0128,2
GEO_R05_2336_0800,4
GEO_R05_0672_2112,4
GEO_R05_1952_0160,2
GEO_R05_0736_2080,4
GEO_R05_1728_2240,4
GEO_R05_1632_0672,2
GEO_R05_1952_0608,2
GEO_R05_0768_1440,4
GEO_R05_1152_0512,4
GEO_R05_1824_0224,2
GEO_R05_1056_2176,4
GEO_R05_2336_1760,2
GEO_R05_0512_1632,4
GEO_R05_1920_0192,2
GEO_R05_0736_1632,4
GEO_R05_1408_0096,4
GEO_R05_1920_0000,2
GEO_R05_1184_0928,4
GEO_R05_1120_0768,4
GEO_R05_0160_1440,4
GEO_R05_0800_0896,4
GEO_R05_0896_0480,4
GEO_R05_2176_0768,4
GEO_R05_0416_1280,4
GEO_R05_1760_1024,2
GEO_R05_0736_0128,4
GEO_R05_1600_0096,2
GEO_R05_0224_1440,4
GEO_R05_1088_0096,4
GEO_R05_1856_0192,2
GEO_R05_2240_2112,4
GEO_R05_1536_0672,2
GEO_R05_1088_0640,4
GEO_R05_0224_0000,4
GEO_R05_1632_1664,4
GEO_R05_1856_0800,4
GEO_R05_1600_1664,4
GEO_R05_0992_0000,2
GEO_R05_0608_0160,2
GEO_R05_1696_0064,2
GEO_R05_1120_0544,4
GEO_R05_1856_2304,4
GEO_R05_1056_0928,4
GEO_R05_2272_1888,2
GEO_R05_1952_0192,2
GEO_R05_1664_1664,4
GEO_R05_0256_0480,4
GEO_R05_2208_1920,4
GEO_R05_1696_0160,2
GEO_R05_2176_2016,2
GEO_R05_2144_1792,4
GEO_R05_0640_1920,4
GEO_R05_0896_0416,4
GEO_R05_1376_0160,4
GEO_R05_1152_0000,4
GEO_R05_1248_0448,4
GEO_R05_0928_1664,4
GEO_R05_1760_0032,2
GEO_R05_1728_0032,2
GEO_R05_1792_0064,2
GEO_R05_1952_2240,4
GEO_R05_2176_1760,4
GEO_R05_1632_0736,2
GEO_R05_1728_0064,2
GEO_R05_0704_2176,4
GEO_R05_0800_0672,4
GEO_R05_0416_1664,4
GEO_R05_0736_1728,4
GEO_R05_0256_0544,4
GEO_R05_0256_1472,4
GEO_R05_0448_2336,2
GEO_R05_0768_0288,4
GEO_R05_1216_0448,4
GEO_R05_0320_0000,4
GEO_R05_0480_2336,2
GEO_R05_1728_2208,4
GEO_R05_1504_0864,0
GEO_R05_0768_0448,4
GEO_R05_1248_0768,4
GEO_R05_0768_0032,4
GEO_R05_1184_0736,4
GEO_R05_2176_0288,4
GEO_R05_1984_0032,2
GEO_R05_2144_1312,4
GEO_R05_0864_0416,4
GEO_R05_2208_1728,4
GEO_R05_2240_0768,4
GEO_R05_0736_2112,4
GEO_R05_0736_1760,4
GEO_R05_1056_0704,4
GEO_R05_0352_1472,4
GEO_R05_0704_0416,4
GEO_R05_0800_0928,4
GEO_R05_1824_2080,4
GEO_R05_1216_0480,4
GEO_R05_1568_1664,4
GEO_R05_1216_0960,4
GEO_R05_0352_1504,4
GEO_R05_1824_0160,2
GEO_R05_0800_0544,4
GEO_R05_1088_0576,4
GEO_R05_1280_0800,4
GEO_R05_0928_2208,4
GEO_R05_0480_1376,4
GEO_R05_0544_0384,2
GEO_R05_2176_1856,4
GEO_R05_0608_0224,2
GEO_R05_0672_0736,4
GEO_R05_0736_0832,4
GEO_R05_1760_0640,2
GEO_R05_1216_0384,4
GEO_R05_0832_1472,4
GEO_R05_0384_1472,4
GEO_R05_0800_1696,4
GEO_R05_0064_1216,4
GEO_R05_1088_0704,4
GEO_R05_1280_1728,0
GEO_R05_1152_1248,4
GEO_R05_0064_1280,4
GEO_R05_0928_0928,4
GEO_R05_1152_0448,4
GEO_R05_1568_1632,4
GEO_R05_1984_0128,2
GEO_R05_0032_0448,2
GEO_R05_1600_0064,2
GEO_R05_0832_2336,4
GEO_R05_1632_0064,2
GEO_R05_0768_0928,4
GEO_R05_0736_0384,4
GEO_R05_1760_0000,2
GEO_R05_1952_1568,4
GEO_R05_1056_0224,4
GEO_R05_1952_0032,2
GEO_R05_1984_0288,2
GEO_R05_0864_0320,4
GEO_R05_1248_0480,4
GEO_R05_0704_2336,4
GEO_R05_0832_2304,4
GEO_R05_1184_0480,4
GEO_R05_1376_0128,4
GEO_R05_0032_0608,2
GEO_R05_1248_0096,4
GEO_R05_0768_1312,4
GEO_R05_1920_0256,2
GEO_R05_0928_2144,4
GEO_R05_0992_1728,4
GEO_R05_1984_0064,2
GEO_R05_0320_1120,4
GEO_R05_1728_0800,2
GEO_R05_0800_1440,4
GEO_R05_0416_0864,4
GEO_R05_1088_0832,4
GEO_R05_1856_0096,2
GEO_R05_0832_0512,4
GEO_R05_1856_0160,2
GEO_R05_0768_1344,4
GEO_R05_0800_1088,4
GEO_R05_1088_0160,4
GEO_R05_1664_0768,2
GEO_R05_0768_1760,4
GEO_R05_2048_0640,2
GEO_R05_0128_1440,4
GEO_R05_0832_0960,4
GEO_R05_1120_0896,4
GEO_R05_1920_0064,2
GEO_R05_0960_2208,4
GEO_R05_0864_1920,4
GEO_R05_2336_1728,2
GEO_R05_0320_1088,4
GEO_R05_1216_0736,4
GEO_R05_2144_1824,4
GEO_R05_2336_1696,2
GEO_R05_1024_0800,0
GEO_R05_1888_0096,2
GEO_R05_0032_0576,2
GEO_R05_0320_1504,4
GEO_R05_1024_2080,4
GEO_R05_1760_0960,2
GEO_R05_1280_0032,4
GEO_R05_1248_0896,4
GEO_R05_1120_0608,4
GEO_R05_0768_2272,4
GEO_R05_1216_0800,4
GEO_R05_0448_1024,4
GEO_R05_1216_1280,4
GEO_R05_1920_2176,4
GEO_R05_1184_0896,4
GEO_R05_0992_1920,4
GEO_R05_1248_0704,4
GEO_R05_0416_1632,4
GEO_R05_0864_0960,4
GEO_R05_1824_0096,2
GEO_R05_0768_0736,4
GEO_R05_0704_2112,4
GEO_R05_0736_1408,4
GEO_R05_0992_0896,4
GEO_R05_0768_1664,4
GEO_R05_0768_0128,4
GEO_R05_1824_0544,2
GEO_R05_0768_0384,4
GEO_R05_1600_0704,2
GEO_R05_0832_1408,4
GEO_R05_1888_0064,2
GEO_R05_1056_0160,4
GEO_R05_1024_0192,4
GEO_R05_1152_2176,4
GEO_R05_0928_0768,4
GEO_R05_1536_0704,2
GEO_R05_1728_0096,2
GEO_R05_1216_0160,4
GEO_R05_1120_0832,4
GEO_R05_1152_0576,4
GEO_R05_2208_1856,4
GEO_R05_1248_0576,4
GEO_R05_0768_0256,4
GEO_R05_1728_0608,2
GEO_R05_1952_0288,2
GEO_R05_0864_2080,4
GEO_R05_1024_2048,4
GEO_R05_0704_2240,4
GEO_R05_0640_0224,2
GEO_R05_0768_0000,4
GEO_R05_0192_1408,4
GEO_R05_0768_1280,4
GEO_R05_0800_0128,4
GEO_R05_1856_0224,2
GEO_R05_0992_1280,2
GEO_R05_1152_0896,4
GEO_R05_1696_0608,2
GEO_R05_0704_2208,4
GEO_R05_1952_0000,2
GEO_R05_0896_0544,4
GEO_R05_0736_0768,4
GEO_R05_1824_0992,2
GEO_R05_1248_0608,4
GEO_R05_0064_0032,4
GEO_R05_0032_1088,2
GEO_R05_1088_0672,4
GEO_R05_0032_0480,2
GEO_R05_1088_0256,4
GEO_R05_0864_0288,4
GEO_R05_0352_0672,4
GEO_R05_1088_0800,4
GEO_R05_2208_1792,4
GEO_R05_1088_0128,4
GEO_R05_2144_0064,2
GEO_R05_1920_0224,2
GEO_R05_0512_0032,2
GEO_R05_0256_0288,4
GEO_R05_0704_1632,4
GEO_R05_1600_2176,4
GEO_R05_1728_0160,2
GEO_R05_1184_0384,4
GEO_R05_0640_0736,4
GEO_R05_1024_0896,4
GEO_R05_0896_1728,4
GEO_R05_1824_2048,4
GEO_R05_0960_0000,2
GEO_R05_1952_2176,4
GEO_R05_0576_0800,0
GEO_R05_1856_2048,4
GEO_R05_2048_0096,2
GEO_R05_1152_0032,4
GEO_R05_0096_0640,2
GEO_R05_1824_0064,2
GEO_R05_0736_2208,4
GEO_R05_0608_2048,2
GEO_R05_0256_0512,4
GEO_R05_0800_1408,4
GEO_R05_1056_0192,4
GEO_R05_0064_1248,4
GEO_R05_0864_0352,4
GEO_R05_0352_0576,4
GEO_R05_1824_0960,2
GEO_R05_1152_1280,4
GEO_R05_0064_1472,2
GEO_R05_1984_0256,2
GEO_R05_0416_0704,4
GEO_R05_0608_2080,2
GEO_R05_1088_0736,4
GEO_R05_1888_0192,2
GEO_R05_2208_1824,4
GEO_R05_0224_1472,4
GEO_R05_2144_0800,4
GEO_R05_0768_2144,4
GEO_R05_0192_1440,4
GEO_R05_0800_1344,4
GEO_R05_1856_0064,2
GEO_R05_2208_1760,4
GEO_R05_1248_1248,4
GEO_R05_2304_1632,2
GEO_R05_2112_0800,4
GEO_R05_0896_0000,4
GEO_R05_1600_0672,2
GEO_R05_0928_0672,4
GEO_R05_1472_1664,0
GEO_R05_0192_0000,4
GEO_R05_1120_0000,4
GEO_R05_0864_1408,4
GEO_R05_1248_0384,4
GEO_R05_1056_0064,4
GEO_R05_1376_1856,4
GEO_R05_0512_1600,4
GEO_R05_0672_0224,2
GEO_R05_0064_1568,2
GEO_R05_0384_1280,4
GEO_R05_0416_1056,4
GEO_R05_2272_1920,2
GEO_R05_1376_0224,4
GEO_R05_0736_2144,4
GEO_R05_0832_0160,4
GEO_R05_0000_0480,2
GEO_R05_2304_1696,2
GEO_R05_1792_0960,2
GEO_R05_1696_2240,4
GEO_R05_1792_0096,2
GEO_R05_0480_1600,4
GEO_R05_0448_1184,4
GEO_R05_0736_2176,4
GEO_R05_1984_0672,2
GEO_R05_0672_2176,4
GEO_R05_0960_2144,4
GEO_R05_0064_0064,4
GEO_R05_1024_2208,4
GEO_R05_0832_1088,4
GEO_R05_0352_0640,4
GEO_R05_1440_1696,0
GEO_R05_0896_0992,4
GEO_R05_1728_0128,2
GEO_R05_0800_2304,4
GEO_R05_1216_1216,4
GEO_R05_0800_0512,4
GEO_R05_1664_0128,2
GEO_R05_0768_0320,4
GEO_R05_0768_0192,4
GEO_R05_0704_0384,4
GEO_R05_1216_0864,4
GEO_R05_0032_0544,2
GEO_R05_0864_2176,4
GEO_R05_2112_1856,4
GEO_R05_0800_2272,4
GEO_R05_1952_0128,2
GEO_R05_0832_1376,4
GEO_R05_1856_0768,4
GEO_R05_0960_1888,4
GEO_R05_2336_0416,4
GEO_R05_1248_0640,4
GEO_R05_0000_1696,2
GEO_R05_0448_1408,4
GEO_R05_1184_0704,4
GEO_R05_0640_0096,2
GEO_R05_0832_2080,4
GEO_R05_0896_0512,4
GEO_R05_0672_1984,4
GEO_R05_2336_1632,2
GEO_R05_1088_0224,4
GEO_R05_1024_2144,4
GEO_R05_0000_0512,2
GEO_R05_1216_0128,4
GEO_R05_0448_1376,4
GEO_R05_1952_2208,4
GEO_R05_0480_2272,2
GEO_R05_1984_0640,2
GEO_R05_0480_1536,4
GEO_R05_0896_2272,4
GEO_R05_2336_1792,2
GEO_R05_1344_2144,4
GEO_R05_1792_0192,2
GEO_R05_1280_0128,4
GEO_R05_1792_0608,2
GEO_R05_2240_1728,4
GEO_R05_1152_0544,4
GEO_R05_1280_0928,4
GEO_R05_1984_0608,2
GEO_R05_0800_0960,4
GEO_R05_0416_1024,4
GEO_R05_0640_0896,4
GEO_R05_2336_1664,2
GEO_R05_0736_0032,4
GEO_R05_0320_1472,4
GEO_R05_2304_0832,4
GEO_R05_1760_2112,4
GEO_R05_0704_0768,4
GEO_R05_2144_1760,4
GEO_R05_0480_2304,2
GEO_R05_1696_0800,2
GEO_R05_2144_2016,2
GEO_R05_1152_0928,4
GEO_R05_0992_2208,4
GEO_R05_0864_0256,4
GEO_R05_0992_1824,4
GEO_R05_1760_0992,2
GEO_R05_1056_2144,4
GEO_R05_1888_0544,2
GEO_R05_1280_1280,4
GEO_R05_0960_2176,4
GEO_R05_1952_0064,2
GEO_R05_1248_0416,4
GEO_R05_0032_1440,2
GEO_R05_0448_1344,4
GEO_R05_0448_1056,4
GEO_R05_0768_2240,4
GEO_R05_1056_0128,4
GEO_R05_1088_0064,4
GEO_R05_1920_0032,2
GEO_R05_1120_0928,4
GEO_R05_2240_2080,4
GEO_R05_0448_0832,4
GEO_R05_1056_2112,4
GEO_R05_1088_0608,4
GEO_R05_2240_1696,4
GEO_R05_1312_2144,4
GEO_R05_1920_0160,2
GEO_R05_2336_1856,2
GEO_R05_0320_1056,4
GEO_R05_0800_1664,4
GEO_R05_2304_1728,2
GEO_R05_1376_0256,4
GEO_R05_1792_0128,2
GEO_R05_0768_1376,4
GEO_R05_0992_1696,4
GEO_R05_1600_1632,4
GEO_R05_0416_1440,4
GEO_R05_1152_0736,4
GEO_R05_2112_1824,4
GEO_R05_2144_0768,4
GEO_R05_1792_0160,2
GEO_R05_2304_1664,2
GEO_R05_2176_1984,2
GEO_R05_0864_0384,4
GEO_R05_1184_0992,4
GEO_R05_0352_0608,4
GEO_R05_1728_0640,2
GEO_R05_1152_0800,4
GEO_R05_1184_0768,4
GEO_R05_1312_0032,4
GEO_R05_1952_0096,2
GEO_R05_0992_1856,4
GEO_R05_1888_0256,2
GEO_R05_1760_0192,2
GEO_R05_1824_0128,2
GEO_R05_1760_0160,2
GEO_R05_0384_0672,4
GEO_R05_2272_0800,4
GEO_R05_1024_2176,4
GEO_R05_0896_1376,4
GEO_R05_2016_0640,2
GEO_R05_0000_0576,2
GEO_R05_1216_0928,4
GEO_R05_0736_0288,4
GEO_R05_0000_0608,2
GEO_R05_1088_0928,4
GEO_R05_2336_0672,4
GEO_R05_1152_0480,4
GEO_R05_0896_1408,4
GEO_R05_2176_0256,4
GEO_R05_1632_0800,2
GEO_R05_0704_2144,4
GEO_R05_1184_1248,4
GEO_R05_0928_1696,4
GEO_R05_0032_0352,2
GEO_R05_1568_1792,4
GEO_R05_2304_1856,2
GEO_R05_1920_1568,4
GEO_R05_1632_1792,4
GEO_R05_0640_0192,2
GEO_R05_0896_2016,4
GEO_R05_1760_0064,2
GEO_R05_1280_0768,4
GEO_R05_0768_0704,4
GEO_R05_1024_1856,4
GEO_R05_0800_1504,4
GEO_R05_0928_0896,4
GEO_R05_0864_1376,4
GEO_R05_1952_0736,2
GEO_R05_1824_0928,2
GEO_R05_0096_0096,4
GEO_R05_0384_1440,4
GEO_R05_1984_0736,2
GEO_R05_1664_0160,2
GEO_R05_2272_0864,4
GEO_R05_0416_0832,4
GEO_R05_1792_0928,2
GEO_R05_1984_0000,2
GEO_R05_0448_1152,4
GEO_R05_0768_1632,4
GEO_R05_0448_1664,4
GEO_R05_0672_0768,4
GEO_R05_0736_0416,4
GEO_R05_0768_0896,4
GEO_R05_1600_0736,2
GEO_R05_1152_0704,4
GEO_R05_0672_2080,4
GEO_R05_1760_0096,2
GEO_R05_0928_2112,4
GEO_R05_1536_0128,2
GEO_R05_1856_2336,4
GEO_R05_1120_1312,4
GEO_R05_1152_0960,4
GEO_R05_1216_0768,4
GEO_R05_1792_0992,2
GEO_R05_1696_0768,2
GEO_R05_0928_2272,4
GEO_R05_1920_0096,2
GEO_R05_0768_1728,4
GEO_R05_1216_0512,4
GEO_R05_1888_0160,2
GEO_R05_0416_2336,2
GEO_R05_0896_1696,4
GEO_R05_1440_1216,4
GEO_R05_2144_0256,4
GEO_R05_1600_1792,4
GEO_R05_1248_0128,4
GEO_R05_0832_0928,4
GEO_R05_1792_0896,2
GEO_R05_0288_0672,4
GEO_R05_0704_1792,4
GEO_R05_0992_1888,4
GEO_R05_1632_0704,2
GEO_R05_1216_0416,4
GEO_R05_0896_2208,4
GEO_R05_1664_2176,4
GEO_R05_1184_0800,4
GEO_R05_1216_0896,4
GEO_R05_0736_1664,4
GEO_R05_1248_0672,4
GEO_R05_0032_0512,2
GEO_R05_0864_1344,4
GEO_R05_0928_2240,4
GEO_R05_0832_0256,4
GEO_R05_0480_1664,4
GEO_R05_1248_0160,4
GEO_R05_0672_1952,4
GEO_R05_1760_0128,2
GEO_R05_1184_0448,4
GEO_R05_1024_1888,4
GEO_R05_0608_0128,2
GEO_R05_0768_1696,4
GEO_R05_0256_0256,4
GEO_R05_1248_0064,4
GEO_R05_0704_1696,4
GEO_R05_1920_1600,4
GEO_R05_0896_0256,4
GEO_R05_1280_0960,4
GEO_R05_0000_1056,2
GEO_R05_0736_2016,4
GEO_R05_0832_2272,4
GEO_R05_0320_0608,4
GEO_R05_2336_0832,4
GEO_R05_0800_0096,4
GEO_R05_2176_1824,4
GEO_R05_1120_0736,4
GEO_R05_1696_2176,4
GEO_R05_1152_2208,4
GEO_R05_1984_0096,2
GEO_R05_1088_0000,4
GEO_R05_0384_0640,4
GEO_R05_1184_0864,4
GEO_R05_0640_0256,2
GEO_R05_1152_0416,4
GEO_R05_1600_0032,2
GEO_R05_0768_0160,4
GEO_R05_1632_0096,2
GEO_R05_1120_0576,4
GEO_R05_0608_0192,2
GEO_R05_0512_2336,2
GEO_R05_0096_0064,4
GEO_R05_0640_0160,2
GEO_R05_1120_0864,4
GEO_R05_1920_0576,2
GEO_R05_1184_1280,4
GEO_R05_0736_0864,4
GEO_R05_1344_2176,4
GEO_R05_2208_0768,4
GEO_R05_1632_0768,2
GEO_R05_1184_1216,4
GEO_R05_0352_1120,4
GEO_R05_0896_0960,4
GEO_R05_0736_1792,4
GEO_R05_0832_1856,4
GEO_R06_0032_1248,1
GEO_R06_1344_1952,1
GEO_R06_0640_2304,1
GEO_R06_1280_0032,1
GEO_R06_0160_1056,1
GEO_R06_2176_1728,1
GEO_R06_1664_0032,1
GEO_R06_2240_1664,1
GEO_R06_0640_2240,1
GEO_R06_0736_0416,1
GEO_R06_1568_1664,1
GEO_R06_0096_2048,1
GEO_R06_2080_1408,1
GEO_R06_0064_0544,1
GEO_R06_0000_0704,1
GEO_R06_1056_1728,1
GEO_R06_0128_0768,1
GEO_R06_0672_0160,1
GEO_R06_1248_1888,1
GEO_R06_0480_1024,4
GEO_R06_0480_2080,1
GEO_R06_1600_1248,4
GEO_R06_0160_1792,1
GEO_R06_0160_1824,1
GEO_R06_1568_0320,1
GEO_R06_0192_0288,1
GEO_R06_0704_1728,1
GEO_R06_0512_0352,1
GEO_R06_2048_2144,1
GEO_R06_0960_1856,1
GEO_R06_1056_1376,4
GEO_R06_0928_0128,1
GEO_R06_0288_1408,1
GEO_R06_1536_1152,4
GEO_R06_0480_2016,1
GEO_R06_0832_0544,1
GEO_R06_0544_1792,1
GEO_R06_2112_0192,1
GEO_R06_1632_0960,1
GEO_R06_2080_0928,1
GEO_R06_2240_1120,1
GEO_R06_1888_2368,1
GEO_R06_1280_0864,1
GEO_R06_2080_0544,1
GEO_R06_0352_0512,1
GEO_R06_0160_1376,1
GEO_R06_1984_1536,1
GEO_R06_1120_1696,1
GEO_R06_1472_1824,1
GEO_R06_0512_1024,4
GEO_R06_1696_0704,1
GEO_R06_1504_0096,1
GEO_R06_1024_2272,1
GEO_R06_0832_0352,1
GEO_R06_1472_1632,1
GEO_R06_0928_0000,1
GEO_R06_1664_0000,1
GEO_R06_1984_0320,1
GEO_R06_0384_2272,1
GEO_R06_0416_0480,1
GEO_R06_2272_2368,1
GEO_R06_0448_0096,1
GEO_R06_1792_2016,1
GEO_R06_1888_1984,1
GEO_R06_2112_1888,1
GEO_R06_0160_1568,1
GEO_R06_1408_0256,1
GEO_R06_0736_0128,1
GEO_R06_0000_1600,1
GEO_R06_1952_1664,1
GEO_R06_0704_0256,1
GEO_R06_1760_2176,1
GEO_R06_0448_0000,1
GEO_R06_0384_1824,1
GEO_R06_1152_0384,1
GEO_R06_0160_2112,1
GEO_R06_1408_0160,1
GEO_R06_2016_1888,1
GEO_R06_1280_2304,1
GEO_R06_2272_0224,1
GEO_R06_0384_1984,1
GEO_R06_1888_0736,1
GEO_R06_1920_2112,1
GEO_R06_0640_2272,1
GEO_R06_0352_1472,1
GEO_R06_1056_0960,4
GEO_R06_1184_2112,1
GEO_R06_1888_0928,1
GEO_R06_0544_1632,1
GEO_R06_2304_1824,1
GEO_R06_1792_0992,1
GEO_R06_1312_1568,4
GEO_R06_0992_1728,1
GEO_R06_0864_0192,1
GEO_R06_0000_0768,1
GEO_R06_1120_0320,1
GEO_R06_1248_1120,4
GEO_R06_1440_0896,1
GEO_R06_2272_1792,1
GEO_R06_0096_0768,1
GEO_R06_0256_2208,1
GEO_R06_2240_0224,1
GEO_R06_1728_0736,1
GEO_R06_0416_1344,1
GEO_R06_1088_0288,1
GEO_R06_1056_0192,1
GEO_R06_1824_0576,1
GEO_R06_0448_1632,1
GEO_R06_0128_1248,1
GEO_R06_2048_1856,1
GEO_R06_2208_0000,1
GEO_R06_1984_0512,1
GEO_R06_0096_1728,1
GEO_R06_2304_1536,1
GEO_R06_0608_1120,4
GEO_R06_1504_0800,1
GEO_R06_0000_0576,1
GEO_R06_2336_0320,1
GEO_R06_0288_2272,1
GEO_R06_0160_0640,1
GEO_R06_1120_2048,1
GEO_R06_0416_2208,1
GEO_R06_1952_2112,1
GEO_R06_1344_1984,1
GEO_R06_1504_0288,1
GEO_R06_1536_2144,1
GEO_R06_1024_1792,1
GEO_R06_2016_1824,1
GEO_R06_2176_1952,1
GEO_R06_0256_0352,1
GEO_R06_0352_0160,1
GEO_R06_2016_1408,1
GEO_R06_1600_2080,1
GEO_R06_0704_1856,1
GEO_R06_0320_0960,1
GEO_R06_1536_0928,1
GEO_R06_0736_0992,4
GEO_R06_1312_0416,1
GEO_R06_0832_1888,1
GEO_R06_0416_1920,1
GEO_R06_0544_1504,1
GEO_R06_1696_1792,1
GEO_R06_1920_0096,1
GEO_R06_2080_2304,1
GEO_R06_0320_1600,1
GEO_R06_2048_1024,1
GEO_R06_1952_1984,1
GEO_R06_0032_1760,1
GEO_R06_0128_1952,1
GEO_R06_1408_0768,1
GEO_R06_1664_1984,1
GEO_R06_2144_0096,1
GEO_R06_0256_1728,1
GEO_R06_0192_0448,1
GEO_R06_0064_1568,1
GEO_R06_0832_1376,1
GEO_R06_1952_1152,1
GEO_R06_1440_1120,4
GEO_R06_2208_0640,1
GEO_R06_1280_1920,1
GEO_R06_1280_1664,4
GEO_R06_0640_1472,1
GEO_R06_0704_1824,1
GEO_R06_0192_0160,1
GEO_R06_1888_1056,1
GEO_R06_0352_0704,1
GEO_R06_0864_1088,4
GEO_R06_0448_1472,1
GEO_R06_0192_0256,1
GEO_R06_0928_0224,1
GEO_R06_1312_0448,1
GEO_R06_0256_1792,1
GEO_R06_0512_0096,1
GEO_R06_1568_0576,1
GEO_R06_0800_1856,1
GEO_R06_1664_0416,1
GEO_R06_1024_0448,1
GEO_R06_1728_1984,1
GEO_R06_0448_0448,1
GEO_R06_2240_0384,1
GEO_R06_2112_2016,1
GEO_R06_1504_0128,1
GEO_R06_2272_0960,1
GEO_R06_1824_1920,1
GEO_R06_1696_0800,1
GEO_R06_2112_0032,1
GEO_R06_0640_1664,1
GEO_R06_2336_2112,1
GEO_R06_2080_1728,1
GEO_R06_0928_1600,1
GEO_R06_1472_0832,1
GEO_R06_2144_2240,1
GEO_R06_2208_0416,1
GEO_R06_1632_2208,1
GEO_R06_1792_0032,1
GEO_R06_2336_1216,1
GEO_R06_1472_0256,1
GEO_R06_0032_1088,1
GEO_R06_0800_0480,1
GEO_R06_1696_0960,1
GEO_R06_1248_1376,4
GEO_R06_0320_1920,1
GEO_R06_0448_1600,1
GEO_R06_1408_0064,1
GEO_R06_0416_0512,1
GEO_R06_1600_0256,1
GEO_R06_0544_1568,1
GEO_R06_2176_1152,1
GEO_R06_0768_0384,1
GEO_R06_1152_0064,1
GEO_R06_0352_1856,1
GEO_R06_0416_1632,1
GEO_R06_1632_0192,1
GEO_R06_1888_1696,1
GEO_R06_0736_0864,4
GEO_R06_1856_0544,1
GEO_R06_0224_0416,1
GEO_R06_0352_1504,1
GEO_R06_1568_2112,1
GEO_R06_1632_2368,1
GEO_R06_0384_2176,1
GEO_R06_0000_1568,1
GEO_R06_0192_1504,1
GEO_R06_2144_1344,1
GEO_R06_2144_0288,1
GEO_R06_1248_0608,1
GEO_R06_1376_2080,1
GEO_R06_0608_1504,1
GEO_R06_0928_1312,4
GEO_R06_0544_1824,1
GEO_R06_2208_1152,1
GEO_R06_2176_1216,1
GEO_R06_2304_0320,1
GEO_R06_1024_0544,1
GEO_R06_1728_2144,1
GEO_R06_1216_1984,1
GEO_R06_1824_2240,1
GEO_R06_2144_0576,1
GEO_R06_1856_2336,1
GEO_R06_0448_1984,1
GEO_R06_0480_0032,1
GEO_R06_0064_2112,1
GEO_R06_1088_0576,1
GEO_R06_1504_0960,1
GEO_R06_2240_1824,1
GEO_R06_1440_0640,1
GEO_R06_1120_0224,1
GEO_R06_0736_2176,1
GEO_R06_1984_0192,1
GEO_R06_0480_0416,1
GEO_R06_2272_0416,1
GEO_R06_1440_0064,1
GEO_R06_1024_2368,1
GEO_R06_2272_0320,1
GEO_R06_1632_1088,1
GEO_R06_1952_0160,1
GEO_R06_2144_1408,1
GEO_R06_0704_2112,1
GEO_R06_0736_0160,1
GEO_R06_2048_2304,1
GEO_R06_1984_1984,1
GEO_R06_0704_2208,1
GEO_R06_2016_0064,1
GEO_R06_0992_1792,1
GEO_R06_1920_0064,1
GEO_R06_1536_0608,1
GEO_R06_1632_0160,1
GEO_R06_1600_1728,1
GEO_R06_0736_2304,1
GEO_R06_2048_1792,1
GEO_R06_1088_0416,1
GEO_R06_1024_1952,1
GEO_R06_1792_0672,1
GEO_R06_2144_0352,1
GEO_R06_0864_0576,1
GEO_R06_0000_1984,1
GEO_R06_1120_0064,1
GEO_R06_0992_2080,1
GEO_R06_1696_0896,1
GEO_R06_0704_1984,1
GEO_R06_1952_0096,1
GEO_R06_2016_0000,1
GEO_R06_0960_1696,1
GEO_R06_1696_2048,1
GEO_R06_1984_2144,1
GEO_R06_0928_1632,1
GEO_R06_0064_2144,1
GEO_R06_2144_0992,1
GEO_R06_0320_2176,1
GEO_R06_2208_0480,1
GEO_R06_0416_1408,1
GEO_R06_0768_1536,1
GEO_R06_0352_0032,1
GEO_R06_0896_0448,1
GEO_R06_0064_1472,1
GEO_R06_1472_0864,1
GEO_R06_2336_0224,1
GEO_R06_0352_0640,1
GEO_R06_1280_1312,4
GEO_R06_0768_0192,1
GEO_R06_0352_1888,1
GEO_R06_0544_2016,1
GEO_R06_0320_0352,1
GEO_R06_0896_1632,1
GEO_R06_1856_0160,1
GEO_R06_1984_0960,1
GEO_R06_1536_0192,1
GEO_R06_2016_0960,1
GEO_R06_1088_1856,1
GEO_R06_0384_2304,1
GEO_R06_1440_0288,1
GEO_R06_2176_2304,1
GEO_R06_1440_2272,1
GEO_R06_0928_1824,1
GEO_R06_1856_2368,1
GEO_R06_1888_0000,1
GEO_R06_1088_2016,1
GEO_R06_1216_2176,1
GEO_R06_0480_0672,4
GEO_R06_1728_1952,1
GEO_R06_1760_0064,1
GEO_R06_0448_1440,1
GEO_R06_0672_2304,1
GEO_R06_0032_0704,1
GEO_R06_1184_1824,1
GEO_R06_2016_1696,1
GEO_R06_0384_2048,1
GEO_R06_0992_0544,1
GEO_R06_1536_0448,1
GEO_R06_0864_1984,1
GEO_R06_2144_1152,1
GEO_R06_0160_0032,1
GEO_R06_0896_1664,1
GEO_R06_0224_1792,1
GEO_R06_0096_0256,1
GEO_R06_0160_1728,1
GEO_R06_0032_1024,1
GEO_R06_1632_2240,1
GEO_R06_2112_2208,1
GEO_R06_0768_1760,1
GEO_R06_1600_0032,1
GEO_R06_1344_1376,4
GEO_R06_0448_1152,4
GEO_R06_0416_0256,1
GEO_R06_1600_0320,1
GEO_R06_0800_2176,1
GEO_R06_0320_0032,1
GEO_R06_1856_1920,1
GEO_R06_1120_0256,1
GEO_R06_1504_2240,1
GEO_R06_2080_1024,1
GEO_R06_0096_0832,1
GEO_R06_1312_2080,1
GEO_R06_0064_0640,1
GEO_R06_0704_1472,1
GEO_R06_0096_0928,1
GEO_R06_1728_1696,1
GEO_R06_0896_0192,1
GEO_R06_0032_2208,1
GEO_R06_0480_1728,1
GEO_R06_0960_1664,1
GEO_R06_2048_0352,1
GEO_R06_0128_2048,1
GEO_R06_1664_2368,1
GEO_R06_2208_1952,1
GEO_R06_0096_0288,1
GEO_R06_0736_0032,1
GEO_R06_0736_0384,1
GEO_R06_2016_0320,1
GEO_R06_2112_0320,1
GEO_R06_0864_0064,1
GEO_R06_1600_0704,1
GEO_R06_1024_2080,1
GEO_R06_2080_0448,1
GEO_R06_2272_1504,1
GEO_R06_0256_1696,1
GEO_R06_0992_1632,1
GEO_R06_1600_1760,1
GEO_R06_0096_1056,1
GEO_R06_0000_1792,1
GEO_R06_2144_2208,1
GEO_R06_0416_1472,1
GEO_R06_2016_1248,1
GEO_R06_2304_1120,1
GEO_R06_1184_1312,4
GEO_R06_0224_1824,1
GEO_R06_0512_2016,1
GEO_R06_0224_2304,1
GEO_R06_1152_1760,1
GEO_R06_2176_0576,1
GEO_R06_0704_0032,1
GEO_R06_1408_0640,1
GEO_R06_0896_2048,1
GEO_R06_0672_1952,1
GEO_R06_1632_0416,1
GEO_R06_1376_0352,1
GEO_R06_1696_1696,1
GEO_R06_0160_1696,1
GEO_R06_1728_0864,1
GEO_R06_1536_1824,1
GEO_R06_2112_1984,1
GEO_R06_0640_0160,1
GEO_R06_1376_0256,1
GEO_R06_2080_1504,1
GEO_R06_0576_1888,1
GEO_R06_2144_1600,1
GEO_R06_1440_0576,1
GEO_R06_0256_0864,1
GEO_R06_2080_1440,1
GEO_R06_1248_0640,1
GEO_R06_2112_1600,1
GEO_R06_1664_1504,4
GEO_R06_2336_2240,1
GEO_R06_1536_0288,1
GEO_R06_2304_0160,1
GEO_R06_2016_0544,1
GEO_R06_0256_1024,1
GEO_R06_1184_0032,1
GEO_R06_0576_0192,1
GEO_R06_1760_2208,1
GEO_R06_2272_2272,1
GEO_R06_1472_1600,1
GEO_R06_0224_0384,1
GEO_R06_1728_0128,1
GEO_R06_1152_0000,1
GEO_R06_0064_0384,1
GEO_R06_2240_1376,1
GEO_R06_0864_0224,1
GEO_R06_0256_2080,1
GEO_R06_0064_0608,1
GEO_R06_1088_1792,1
GEO_R06_1376_0192,1
GEO_R06_2016_1568,1
GEO_R06_1760_0864,1
GEO_R06_0512_1280,1
GEO_R06_2304_1184,1
GEO_R06_0928_2304,1
GEO_R06_0896_1728,1
GEO_R06_1280_2240,1
GEO_R06_0032_1856,1
GEO_R06_2176_1536,1
GEO_R06_2048_2080,1
GEO_R06_0320_1792,1
GEO_R06_0448_1696,1
GEO_R06_0352_2048,1
GEO_R06_0896_2176,1
GEO_R06_1984_0864,1
GEO_R06_0704_1632,1
GEO_R06_0640_0704,4
GEO_R06_1632_0736,1
GEO_R06_0256_1056,1
GEO_R06_0736_1632,1
GEO_R06_0128_0608,1
GEO_R06_0416_2176,1
GEO_R06_1376_0448,1
GEO_R06_0032_0928,1
GEO_R06_0096_1696,1
GEO_R06_1472_1120,4
GEO_R06_1632_0288,1
GEO_R06_1312_2144,1
GEO_R06_0992_0192,1
GEO_R06_0928_1952,1
GEO_R06_2304_1792,1
GEO_R06_0192_0000,1
GEO_R06_1024_1696,1
GEO_R06_0928_0192,1
GEO_R06_1696_0320,1
GEO_R06_2144_0832,1
GEO_R06_0512_1824,1
GEO_R06_0096_2080,1
GEO_R06_0960_1952,1
GEO_R06_1568_0736,1
GEO_R06_2176_0864,1
GEO_R06_0384_1280,1
GEO_R06_0352_0864,1
GEO_R06_0512_0704,4
GEO_R06_1408_0576,1
GEO_R06_0096_2144,1
GEO_R06_0224_0128,1
GEO_R06_2144_0928,1
GEO_R06_1920_0320,1
GEO_R06_0576_0032,1
GEO_R06_2272_2208,1
GEO_R06_2016_1152,1
GEO_R06_0864_0544,1
GEO_R06_1440_0704,1
GEO_R06_1536_0384,1
GEO_R06_1888_0640,1
GEO_R06_0352_2208,1
GEO_R06_0000_0128,1
GEO_R06_1120_2304,1
GEO_R06_2336_1408,1
GEO_R06_0256_0192,1
GEO_R06_2144_2016,1
GEO_R06_1920_0352,1
GEO_R06_1472_0352,1
GEO_R06_0000_1952,1
GEO_R06_0544_2112,1
GEO_R06_1728_0768,1
GEO_R06_0512_0448,1
GEO_R06_0320_2048,1
GEO_R06_0672_0320,1
GEO_R06_0768_1088,4
GEO_R06_1984_0352,1
GEO_R06_0992_1824,1
GEO_R06_2272_1824,1
GEO_R06_0800_1120,4
GEO_R06_1216_0160,1
GEO_R06_1696_2144,1
GEO_R06_2240_1312,1
GEO_R06_0672_0192,1
GEO_R06_2048_0224,1
GEO_R06_0864_1888,1
GEO_R06_0800_1152,4
GEO_R06_1024_1024,4
GEO_R06_1216_2080,1
GEO_R06_0704_0160,1
GEO_R06_0896_1600,1
GEO_R06_0640_0384,1
GEO_R06_1632_0448,1
GEO_R06_0288_0288,1
GEO_R06_0256_2176,1
GEO_R06_0288_2080,1
GEO_R06_2048_1280,1
GEO_R06_1728_1888,1
GEO_R06_1472_1760,1
GEO_R06_2048_2368,1
GEO_R06_0160_1120,1
GEO_R06_0448_2176,1
GEO_R06_0192_1568,1
GEO_R06_0672_1472,1
GEO_R06_1056_2048,1
GEO_R06_0352_1952,1
GEO_R06_0512_0064,1
GEO_R06_2080_1376,1
GEO_R06_1504_2144,1
GEO_R06_0576_2144,1
GEO_R06_1760_1728,1
GEO_R06_2304_2208,1
GEO_R06_1344_0640,1
GEO_R06_0480_1632,1
GEO_R06_0512_2048,1
GEO_R06_0096_1216,1
GEO_R06_2240_0448,1
GEO_R06_0160_0064,1
GEO_R06_2272_1312,1
GEO_R06_0384_2336,1
GEO_R06_0768_2272,1
GEO_R06_0384_1792,1
GEO_R06_1568_0096,1
GEO_R06_0352_2336,1
GEO_R06_1408_2144,1
GEO_R06_2336_2016,1
GEO_R06_0768_1920,1
GEO_R06_1952_1472,1
GEO_R06_0832_2336,2
GEO_R06_1120_0288,1
GEO_R06_0768_0416,1
GEO_R06_1248_0224,1
GEO_R06_0928_0672,1
GEO_R06_2112_1504,1
GEO_R06_2144_1632,1
GEO_R06_2048_0896,1
GEO_R06_0288_2208,1
GEO_R06_0192_0352,1
GEO_R06_2080_2144,1
GEO_R06_1696_2112,1
GEO_R06_2240_1248,1
GEO_R06_0288_1920,1
GEO_R06_1600_1184,4
GEO_R06_2048_1664,1
GEO_R06_0256_0128,1
GEO_R06_0736_1216,4
GEO_R06_1984_1600,1
GEO_R06_1856_2272,1
GEO_R06_0032_0800,1
GEO_R06_0576_0128,1
GEO_R06_1344_0192,1
GEO_R06_0032_0128,1
GEO_R06_2080_1632,1
GEO_R06_1792_0512,1
GEO_R06_0320_0160,1
GEO_R06_0608_0352,1
GEO_R06_0032_2048,1
GEO_R06_1856_0000,1
GEO_R06_1728_0192,1
GEO_R06_0256_1408,1
GEO_R06_0160_2016,1
GEO_R06_1600_0000,1
GEO_R06_0736_2240,1
GEO_R06_0736_2272,1
GEO_R06_1024_2176,1
GEO_R06_0800_1024,4
GEO_R06_1952_0288,1
GEO_R06_1856_0128,1
GEO_R06_1888_0064,1
GEO_R06_1376_1824,1
GEO_R06_0416_1824,1
GEO_R06_1376_2144,1
GEO_R06_0480_2304,1
GEO_R06_2112_0448,1
GEO_R06_0288_0352,1
GEO_R06_0096_2176,1
GEO_R06_0000_0224,1
GEO_R06_1728_0032,1
GEO_R06_0800_1792,1
GEO_R06_1728_2080,1
GEO_R06_0416_0320,1
GEO_R06_1088_1888,1
GEO_R06_0800_2240,1
GEO_R06_0672_2112,1
GEO_R06_0384_1632,1
GEO_R06_2144_0512,1
GEO_R06_1376_0512,1
GEO_R06_0416_0160,1
GEO_R06_0704_1184,4
GEO_R06_0928_1888,1
GEO_R06_2144_0064,1
GEO_R06_2112_0160,1
GEO_R06_0960_2176,1
GEO_R06_1344_0512,1
GEO_R06_0256_0064,1
GEO_R06_1280_1376,4
GEO_R06_0448_2080,1
GEO_R06_2080_2240,1
GEO_R06_2304_0192,1
GEO_R06_0608_1056,4
GEO_R06_1408_0896,1
GEO_R06_1824_0192,1
GEO_R06_1952_0256,1
GEO_R06_2208_0544,1
GEO_R06_2048_1408,1
GEO_R06_0832_1792,1
GEO_R06_2208_1376,1
GEO_R06_2144_0864,1
GEO_R06_1888_1792,1
GEO_R06_1472_0064,1
GEO_R06_0032_1184,1
GEO_R06_2304_1216,1
GEO_R06_1472_1536,1
GEO_R06_1600_2208,1
GEO_R06_0576_1664,1
GEO_R06_0000_1920,1
GEO_R06_0064_1216,1
GEO_R06_0000_1152,1
GEO_R06_0416_0064,1
GEO_R06_0064_2240,1
GEO_R06_2016_1024,1
GEO_R06_0256_0448,1
GEO_R06_0128_1696,1
GEO_R06_1088_1248,4
GEO_R06_1120_1856,1
GEO_R06_0352_2368,1
GEO_R06_0608_1216,4
GEO_R06_2144_2176,1
GEO_R06_0864_2080,1
GEO_R06_0736_1696,1
GEO_R06_2048_0960,1
GEO_R06_1664_0320,1
GEO_R06_1824_0704,1
GEO_R06_0096_1984,1
GEO_R06_0352_1696,1
GEO_R06_0000_0928,1
GEO_R06_2272_2112,1
GEO_R06_0928_0608,1
GEO_R06_1760_0384,1
GEO_R06_0288_1472,1
GEO_R06_2016_1632,1
GEO_R06_1472_1888,1
GEO_R06_2176_1312,1
GEO_R06_2048_1376,1
GEO_R06_2048_1600,1
GEO_R06_2144_1024,1
GEO_R06_0352_1440,1
GEO_R06_0256_1536,1
GEO_R06_0288_0256,1
GEO_R06_1344_2016,1
GEO_R06_0672_0896,4
GEO_R06_0576_2336,1
GEO_R06_1984_0480,1
GEO_R06_0416_0416,1
GEO_R06_1824_0160,1
GEO_R06_1856_0576,1
GEO_R06_0320_1760,1
GEO_R06_2112_0512,1
GEO_R06_0128_0256,1
GEO_R06_0608_1536,1
GEO_R06_2208_2048,1
GEO_R06_1824_1792,1
GEO_R06_0128_0064,1
GEO_R06_0896_0640,1
GEO_R06_0288_2176,1
GEO_R06_0064_0064,1
GEO_R06_0128_0128,1
GEO_R06_1056_0064,1
GEO_R06_2272_2016,1
GEO_R06_1504_1920,1
GEO_R06_0832_1056,4
GEO_R06_1216_0128,1
GEO_R06_0128_0384,1
GEO_R06_1408_0672,1
GEO_R06_0256_1984,1
GEO_R06_0960_2304,1
GEO_R06_0288_0640,1
GEO_R06_0896_0096,1
GEO_R06_1024_0160,1
GEO_R06_2176_1120,1
GEO_R06_1760_0128,1
GEO_R06_1760_0288,1
GEO_R06_0064_1024,1
GEO_R06_0736_0768,4
GEO_R06_1888_0832,1
GEO_R06_0128_2272,1
GEO_R06_1856_0608,1
GEO_R06_1152_0320,1
GEO_R06_1120_1760,1
GEO_R06_0896_0480,1
GEO_R06_2176_1344,1
GEO_R06_2144_2304,1
GEO_R06_1760_1536,4
GEO_R06_1312_0864,1
GEO_R06_1664_1952,1
GEO_R06_2080_1888,1
GEO_R06_2176_1760,1
GEO_R06_0992_0160,1
GEO_R06_0672_2176,1
GEO_R06_0864_1248,4
GEO_R06_1280_0672,1
GEO_R06_1152_2048,1
GEO_R06_2016_1600,1
GEO_R06_0320_0192,1
GEO_R06_0256_2048,1
GEO_R06_1888_0864,1
GEO_R06_2336_0448,1
GEO_R06_2272_1248,1
GEO_R06_0192_2240,1
GEO_R06_1280_0640,1
GEO_R06_1056_1248,4
GEO_R06_1600_0064,1
GEO_R06_1536_1856,1
GEO_R06_0192_0480,1
GEO_R06_0128_2336,1
GEO_R06_0704_1376,1
GEO_R06_1184_1344,4
GEO_R06_1728_2176,1
GEO_R06_2272_0672,1
GEO_R06_2112_2304,1
GEO_R06_1760_1504,4
GEO_R06_0704_0128,1
GEO_R06_1728_2208,1
GEO_R06_0480_1280,1
GEO_R06_2144_1792,1
GEO_R06_2048_1536,1
GEO_R06_2080_2016,1
GEO_R06_0864_2112,1
GEO_R06_2208_1120,1
GEO_R06_0640_1856,1
GEO_R06_0000_2208,1
GEO_R06_2272_0768,1
GEO_R06_0832_0032,1
GEO_R06_0384_1376,1
GEO_R06_2016_2112,1
GEO_R06_0480_2336,1
GEO_R06_0896_0288,1
GEO_R06_1440_0448,1
GEO_R06_0384_1536,1
GEO_R06_1792_0128,1
GEO_R06_2080_1472,1
GEO_R06_0736_2336,1
GEO_R06_1536_0320,1
GEO_R06_1696_0096,1
GEO_R06_0960_0128,1
GEO_R06_0704_2240,1
GEO_R06_1216_1760,1
GEO_R06_1056_1792,1
GEO_R06_2144_1888,1
GEO_R06_0576_1536,1
GEO_R06_1568_0704,1
GEO_R06_0928_0480,1
GEO_R06_1632_0928,1
GEO_R06_1216_1280,4
GEO_R06_1856_1728,1
GEO_R06_1728_0608,1
GEO_R06_0800_1056,4
GEO_R06_0032_0096,1
GEO_R06_1120_0640,4
GEO_R06_0128_1184,1
GEO_R06_1920_1760,1
GEO_R06_0544_0832,4
GEO_R06_1536_2304,1
GEO_R06_0448_2048,1
GEO_R06_0800_1184,4
GEO_R06_2144_0608,1
GEO_R06_0928_2112,1
GEO_R06_1536_1664,1
GEO_R06_1312_0576,1
GEO_R06_0736_1984,1
GEO_R06_0064_1984,1
GEO_R06_0000_0384,1
GEO_R06_0256_0832,1
GEO_R06_0544_0064,1
GEO_R06_1504_2208,1
GEO_R06_1504_0768,1
GEO_R06_0544_0224,1
GEO_R06_0224_1536,1
GEO_R06_1216_2208,1
GEO_R06_1472_2080,1
GEO_R06_0736_1088,4
GEO_R06_0960_0928,4
GEO_R06_1536_2272,1
GEO_R06_2112_0768,1
GEO_R06_0416_2112,1
GEO_R06_0896_2272,1
GEO_R06_0096_1120,1
GEO_R06_1792_1824,1
GEO_R06_2208_2336,1
GEO_R06_1984_0928,1
GEO_R06_2016_1120,1
GEO_R06_0032_0672,1
GEO_R06_0768_1472,1
GEO_R06_0192_1376,1
GEO_R06_2048_0320,1
GEO_R06_0640_1792,1
GEO_R06_0224_2176,1
GEO_R06_1024_2048,1
GEO_R06_2016_0640,1
GEO_R06_1760_1024,1
GEO_R06_0480_0992,4
GEO_R06_2304_0704,1
GEO_R06_0128_1376,1
GEO_R06_0480_1792,1
GEO_R06_0064_1248,1
GEO_R06_0256_2368,1
GEO_R06_1024_2016,1
GEO_R06_2304_1984,1
GEO_R06_1184_1280,4
GEO_R06_1792_2336,1
GEO_R06_0992_2272,1
GEO_R06_1632_0832,1
GEO_R06_0128_0992,1
GEO_R06_2048_0256,1
GEO_R06_0800_1504,1
GEO_R06_0000_0032,1
GEO_R06_1056_1472,4
GEO_R06_2144_2336,1
GEO_R06_2336_1824,1
GEO_R06_0064_1408,1
GEO_R06_0256_1856,1
GEO_R06_0352_2240,1
GEO_R06_1568_1760,1
GEO_R06_0640_2176,1
GEO_R06_0576_0864,4
GEO_R06_0480_2208,1
GEO_R06_1376_1408,4
GEO_R06_0928_0032,1
GEO_R06_2112_2112,1
GEO_R06_1728_0512,1
GEO_R06_0064_1536,1
GEO_R06_1920_0736,1
GEO_R06_1408_0224,1
GEO_R06_0672_1920,1
GEO_R06_1504_0256,1
GEO_R06_0736_1952,1
GEO_R06_1824_1056,1
GEO_R06_1984_0256,1
GEO_R06_0704_0896,4
GEO_R06_0160_2240,1
GEO_R06_0736_0544,4
GEO_R06_1568_0480,1
GEO_R06_2304_2080,1
GEO_R06_1504_1600,1
GEO_R06_1952_0032,1
GEO_R06_1152_2240,1
GEO_R06_0672_2080,1
GEO_R06_2240_1760,1
GEO_R06_1664_2240,1
GEO_R06_1728_0800,1
GEO_R06_1920_1728,1
GEO_R06_0832_0160,1
GEO_R06_1280_0608,1
GEO_R06_1664_0224,1
GEO_R06_0768_0448,1
GEO_R06_0128_1536,1
GEO_R06_1984_2112,1
GEO_R06_1728_0960,1
GEO_R06_2016_2336,1
GEO_R06_0224_1920,1
GEO_R06_0224_0672,1
GEO_R06_1088_1408,4
GEO_R06_1536_0864,1
GEO_R06_0160_0864,1
GEO_R06_1920_1696,1
GEO_R06_1024_0576,1
GEO_R06_2208_1920,1
GEO_R06_1984_1504,1
GEO_R06_1696_2208,1
GEO_R06_1248_2176,1
GEO_R06_1440_2336,1
GEO_R06_1056_1888,1
GEO_R06_0544_1088,4
GEO_R06_2336_0544,1
GEO_R06_1440_1952,1
GEO_R06_1952_0000,1
GEO_R06_1408_1120,4
GEO_R06_2080_0032,1
GEO_R06_0672_1760,1
GEO_R06_1792_1856,1
GEO_R06_2112_2368,1
GEO_R06_1376_0800,1
GEO_R06_2304_1152,1
GEO_R06_2336_1600,1
GEO_R06_1568_1152,4
GEO_R06_1504_2048,1
GEO_R06_1376_0704,1
GEO_R06_0864_1824,1
GEO_R06_1984_2272,1
GEO_R06_1568_0640,1
GEO_R06_0000_1504,1
GEO_R06_0160_2144,1
GEO_R06_1184_1984,1
GEO_R06_0480_2112,1
GEO_R06_2304_0576,1
GEO_R06_1024_1664,1
GEO_R06_1888_2080,1
GEO_R06_1056_2368,1
GEO_R06_0576_1088,4
GEO_R06_1952_0800,1
GEO_R06_1664_2336,1
GEO_R06_1344_0032,1
GEO_R06_2272_1280,1
GEO_R06_0320_1728,1
GEO_R06_0640_0128,1
GEO_R06_2048_0096,1
GEO_R06_0192_1056,1
GEO_R06_1280_0384,1
GEO_R06_0384_1248,1
GEO_R06_1472_2336,1
GEO_R06_2080_0160,1
GEO_R06_0704_0320,1
GEO_R06_1920_0960,1
GEO_R06_0608_1728,1
GEO_R06_0128_2016,1
GEO_R06_0480_1760,1
GEO_R06_0064_1632,1
GEO_R06_0640_1408,1
GEO_R06_1984_0672,1
GEO_R06_1760_2016,1
GEO_R06_2016_1664,1
GEO_R06_1344_1312,4
GEO_R06_2144_0768,1
GEO_R06_1888_0192,1
GEO_R06_0096_1408,1
GEO_R06_0896_0000,1
GEO_R06_1728_0544,1
GEO_R06_0672_0128,1
GEO_R06_0768_0224,1
GEO_R06_2080_0896,1
GEO_R06_1952_2304,1
GEO_R06_0448_2016,1
GEO_R06_1664_0288,1
GEO_R06_1536_0416,1
GEO_R06_0832_0000,1
GEO_R06_1344_1216,4
GEO_R06_0032_0512,1
GEO_R06_2208_1824,1
GEO_R06_0800_1952,1
GEO_R06_0192_0224,1
GEO_R06_1088_2208,1
GEO_R06_1600_0096,1
GEO_R06_1728_0384,1
GEO_R06_0640_0000,1
GEO_R06_0864_2144,1
GEO_R06_0480_0256,1
GEO_R06_1472_0992,1
GEO_R06_1952_1568,1
GEO_R06_1504_0736,1
GEO_R06_0512_1568,1
GEO_R06_1248_0320,1
GEO_R06_0928_2144,1
GEO_R06_0000_2048,1
GEO_R06_1856_1024,1
GEO_R06_0352_2144,1
GEO_R06_1824_1024,1
GEO_R06_1760_1984,1
GEO_R06_0064_0416,1
GEO_R06_0928_1728,1
GEO_R06_1344_0576,1
GEO_R06_0160_0096,1
GEO_R06_0320_1568,1
GEO_R06_0928_2208,1
GEO_R06_2048_1120,1
GEO_R06_0288_1600,1
GEO_R06_2112_1088,1
GEO_R06_0512_0736,4
GEO_R06_0896_2144,1
GEO_R06_0032_0544,1
GEO_R06_0480_0384,1
GEO_R06_0448_1728,1
GEO_R06_1216_0192,1
GEO_R06_1856_0640,1
GEO_R06_0800_2112,1
GEO_R06_2336_1024,1
GEO_R06_2144_1504,1
GEO_R06_0320_2144,1
GEO_R06_1600_0512,1
GEO_R06_0896_1568,1
GEO_R06_0992_1120,4
GEO_R06_2112_0288,1
GEO_R06_0096_0352,1
GEO_R06_0192_1632,1
GEO_R06_2304_0992,1
GEO_R06_1664_2016,1
GEO_R06_1280_0288,1
GEO_R06_1600_2048,1
GEO_R06_1632_0224,1
GEO_R06_0640_1504,1
GEO_R06_1216_0832,1
GEO_R06_1760_0640,1
GEO_R06_1664_1856,1
GEO_R06_2016_2144,1
GEO_R06_0768_2304,1
GEO_R06_0160_0352,1
GEO_R06_1504_0640,1
GEO_R06_1024_2240,1
GEO_R06_1408_2080,1
GEO_R06_2144_1728,1
GEO_R06_1536_0224,1
GEO_R06_0256_0320,1
GEO_R06_2208_0128,1
GEO_R06_1728_2272,1
GEO_R06_1216_2016,1
GEO_R06_1824_2208,1
GEO_R06_1856_1760,1
GEO_R06_0832_1024,4
GEO_R06_2208_1856,1
GEO_R06_1056_1600,1
GEO_R06_0448_1568,1
GEO_R06_1504_0320,1
GEO_R06_1952_0736,1
GEO_R06_0832_0416,1
GEO_R06_2144_1568,1
GEO_R06_0640_2080,1
GEO_R06_1568_2048,1
GEO_R06_0192_0064,1
GEO_R06_0096_1472,1
GEO_R06_2048_1472,1
GEO_R06_0192_1824,1
GEO_R06_1888_0320,1
GEO_R06_1760_0800,1
GEO_R06_0352_0096,1
GEO_R06_0896_0608,1
GEO_R06_1184_1792,1
GEO_R06_2208_2368,1
GEO_R06_1344_0448,1
GEO_R06_0960_0416,1
GEO_R06_0864_1920,1
GEO_R06_1472_0032,1
GEO_R06_0704_0384,1
GEO_R06_0448_1216,1
GEO_R06_0992_0320,1
GEO_R06_1824_0960,1
GEO_R06_0096_0672,1
GEO_R06_0800_1824,1
GEO_R06_2112_0864,1
GEO_R06_2112_1024,1
GEO_R06_0576_1632,1
GEO_R06_1056_1856,1
GEO_R06_1664_0704,1
GEO_R06_0832_1504,1
GEO_R06_0320_0704,1
GEO_R06_2112_0256,1
GEO_R06_0544_0192,1
GEO_R06_2048_1632,1
GEO_R06_1856_0192,1
GEO_R06_0320_2080,1
GEO_R06_0320_2240,1
GEO_R06_2112_1184,1
GEO_R06_0704_2272,1
GEO_R06_0256_1152,1
GEO_R06_0032_2144,1
GEO_R06_1696_1536,4
GEO_R06_1888_0480,1
GEO_R06_2240_1856,1
GEO_R06_0512_1440,1
GEO_R06_1536_0800,1
GEO_R06_0704_0544,4
GEO_R06_0992_1440,4
GEO_R06_2016_0032,1
GEO_R06_0480_1568,1
GEO_R06_2144_1184,1
GEO_R06_1184_0000,1
GEO_R06_2112_1152,1
GEO_R06_0192_1760,1
GEO_R06_0864_1536,1
GEO_R06_1664_1216,4
GEO_R06_1280_0224,1
GEO_R06_0672_0960,4
GEO_R06_0704_0288,1
GEO_R06_1248_0800,1
GEO_R06_0384_1856,1
GEO_R06_0000_1888,1
GEO_R06_1984_1184,1
GEO_R06_1184_1728,1
GEO_R06_0288_2368,1
GEO_R06_0960_0160,1
GEO_R06_2272_1568,1
GEO_R06_0288_1216,1
GEO_R06_0576_0064,1
GEO_R06_0928_1568,1
GEO_R06_0352_0224,1
GEO_R06_1984_1408,1
GEO_R06_2240_1600,1
GEO_R06_2208_1632,1
GEO_R06_1344_0480,1
GEO_R06_1504_0224,1
GEO_R06_1504_0608,1
GEO_R06_0640_0352,1
GEO_R06_0288_2240,1
GEO_R06_0768_0128,1
GEO_R06_2080_0320,1
GEO_R06_2176_1856,1
GEO_R06_0512_2080,1
GEO_R06_1984_0608,1
GEO_R06_1952_0320,1
GEO_R06_0800_1888,1
GEO_R06_2048_2336,1
GEO_R06_0032_2240,1
GEO_R06_0352_0064,1
GEO_R06_1056_0704,4
GEO_R06_1536_0832,1
GEO_R06_2208_2272,1
GEO_R06_0864_1408,1
GEO_R06_0000_0608,1
GEO_R06_1888_1728,1
GEO_R06_0448_2272,1
GEO_R06_0608_1696,1
GEO_R06_0512_1664,1
GEO_R06_1632_1984,1
GEO_R06_1952_2048,1
GEO_R06_1632_0064,1
GEO_R06_0928_2240,1
GEO_R06_0320_0672,1
GEO_R06_0288_0864,1
GEO_R06_1856_1696,1
GEO_R06_0864_1376,1
GEO_R06_1344_0864,1
GEO_R06_0800_0192,1
GEO_R06_0832_1920,1
GEO_R06_2208_1504,1
GEO_R06_1248_1856,1
GEO_R06_1248_1984,1
GEO_R06_2080_1248,1
GEO_R06_1184_0928,1
GEO_R06_0480_2176,1
GEO_R06_0640_1824,1
GEO_R06_0416_0032,1
GEO_R06_0672_1856,1
GEO_R06_1472_0704,1
GEO_R06_1920_1056,1
GEO_R06_1440_0832,1
GEO_R06_0736_1312,4
GEO_R06_0128_0000,1
GEO_R06_0832_2080,1
GEO_R06_1088_0672,4
GEO_R06_0576_0768,4
GEO_R06_1152_0224,1
GEO_R06_0640_0320,1
GEO_R06_0544_0288,1
GEO_R06_1312_0672,1
GEO_R06_2048_0544,1
GEO_R06_1216_0768,1
GEO_R06_2016_1728,1
GEO_R06_0960_0320,1
GEO_R06_1152_0032,1
GEO_R06_1312_0768,1
GEO_R06_1568_1248,4
GEO_R06_2176_0448,1
GEO_R06_1376_1344,4
GEO_R06_2016_1376,1
GEO_R06_0576_1792,1
GEO_R06_1536_0512,1
GEO_R06_0384_2016,1
GEO_R06_1600_0288,1
GEO_R06_0224_1088,1
GEO_R06_1792_0928,1
GEO_R06_0640_0928,4
GEO_R06_0576_0000,1
GEO_R06_1472_1792,1
GEO_R06_2304_0256,1
GEO_R06_0992_0128,1
GEO_R06_2112_2080,1
GEO_R06_1472_1152,4
GEO_R06_0736_0000,1
GEO_R06_2336_1760,1
GEO_R06_1056_1696,1
GEO_R06_1856_0736,1
GEO_R06_0576_1760,1
GEO_R06_0736_0256,1
GEO_R06_2080_1312,1
GEO_R06_1856_0896,1
GEO_R06_1536_0736,1
GEO_R06_1056_0288,1
GEO_R06_0128_0512,1
GEO_R06_1024_1824,1
GEO_R06_0896_1824,1
GEO_R06_1376_0032,1
GEO_R06_1984_1952,1
GEO_R06_0992_1760,1
GEO_R06_1728_1760,1
GEO_R06_1792_0800,1
GEO_R06_1376_0768,1
GEO_R06_0512_1056,4
GEO_R06_2080_1760,1
GEO_R06_0320_0736,1
GEO_R06_0480_0224,1
GEO_R06_2112_1280,1
GEO_R06_2016_2240,1
GEO_R06_0352_0384,1
GEO_R06_1472_0768,1
GEO_R06_1632_2176,1
GEO_R06_0224_1568,1
GEO_R06_1728_1664,1
GEO_R06_1504_1760,1
GEO_R06_1024_1568,1
GEO_R06_0640_0672,4
GEO_R06_1696_0064,1
GEO_R06_1376_0096,1
GEO_R06_0576_2304,1
GEO_R06_0960_1600,1
GEO_R06_1792_1696,1
GEO_R06_2016_0352,1
GEO_R06_1728_0064,1
GEO_R06_0704_0512,4
GEO_R06_0672_0224,1
GEO_R06_0640_0256,1
GEO_R06_1024_0096,1
GEO_R06_0960_0896,4
GEO_R06_1824_0224,1
GEO_R06_2016_0896,1
GEO_R06_2240_1152,1
GEO_R06_0320_1824,1
GEO_R06_2144_2112,1
GEO_R06_1312_1376,4
GEO_R06_0704_1440,1
GEO_R06_2112_1376,1
GEO_R06_2336_1152,1
GEO_R06_1920_0160,1
GEO_R06_1248_2240,1
GEO_R06_1952_1632,1
GEO_R06_1952_1440,1
GEO_R06_2176_1504,1
GEO_R06_0704_0224,1
GEO_R06_0192_0192,1
GEO_R06_0864_0512,1
GEO_R06_1088_2304,1
GEO_R06_0288_0928,1
GEO_R06_0960_1792,1
GEO_R06_0256_0640,1
GEO_R06_0544_0864,4
GEO_R06_1856_0992,1
GEO_R06_0160_1440,1
GEO_R06_0928_2176,1
GEO_R06_1920_0800,1
GEO_R06_1056_0544,1
GEO_R06_1472_2240,1
GEO_R06_1600_0672,1
GEO_R06_0704_0928,4
GEO_R06_2304_0480,1
GEO_R06_0256_2304,1
GEO_R06_1440_0416,1
GEO_R06_0224_1888,1
GEO_R06_0512_1504,1
GEO_R06_2176_2016,1
GEO_R06_1152_1376,4
GEO_R06_1152_0448,1
GEO_R06_0096_1824,1
GEO_R06_1024_1760,1
GEO_R06_0672_0032,1
GEO_R06_2016_0256,1
GEO_R06_1696_0832,1
GEO_R06_0768_1184,4
GEO_R06_0128_0320,1
GEO_R06_2304_2368,1
GEO_R06_2336_0416,1
GEO_R06_1504_0352,1
GEO_R06_0544_1760,1
GEO_R06_1664_0384,1
GEO_R06_0576_0832,4
GEO_R06_0320_0640,1
GEO_R06_1152_0288,1
GEO_R06_0416_0288,1
GEO_R06_2304_1568,1
GEO_R06_0928_1856,1
GEO_R06_1440_1888,1
GEO_R06_1312_0288,1
GEO_R06_1248_0736,1
GEO_R06_0064_0704,1
GEO_R06_0448_0032,1
GEO_R06_2080_2048,1
GEO_R06_1216_0416,1
GEO_R06_0128_1024,1
GEO_R06_1920_0256,1
GEO_R06_1728_0832,1
GEO_R06_0800_2048,1
GEO_R06_2240_2240,1
GEO_R06_1280_0544,1
GEO_R06_2304_1952,1
GEO_R06_0032_0000,1
GEO_R06_2080_0256,1
GEO_R06_0064_0832,1
GEO_R06_1856_0256,1
GEO_R06_1728_1568,4
GEO_R06_1568_1888,1
GEO_R06_0480_1920,1
GEO_R06_1312_1216,4
GEO_R06_1728_2240,1
GEO_R06_1632_2048,1
GEO_R06_2048_2208,1
GEO_R06_0416_1376,1
GEO_R06_0224_0896,1
GEO_R06_1632_2304,1
GEO_R06_1184_0352,1
GEO_R06_1888_0352,1
GEO_R06_1056_1568,1
GEO_R06_1344_0288,1
GEO_R06_2336_0192,1
GEO_R06_2016_0576,1
GEO_R06_1920_0992,1
GEO_R06_0320_0320,1
GEO_R06_0000_0832,1
GEO_R06_1504_0384,1
GEO_R06_2048_1504,1
GEO_R06_0192_1600,1
GEO_R06_0800_0448,1
GEO_R06_2016_2208,1
GEO_R06_1632_0032,1
GEO_R06_0224_1664,1
GEO_R06_2240_1024,1
GEO_R06_1472_1696,1
GEO_R06_0992_2144,1
GEO_R06_0736_0096,1
GEO_R06_1408_2368,1
GEO_R06_0320_1664,1
GEO_R06_1216_1312,4
GEO_R06_0608_1088,4
GEO_R06_1664_0544,1
GEO_R06_1344_0096,1
GEO_R06_0352_1664,1
GEO_R06_0512_1856,1
GEO_R06_0992_1696,1
GEO_R06_1024_1728,1
GEO_R06_0288_1504,1
GEO_R06_0064_0512,1
GEO_R06_0544_0736,4
GEO_R06_0544_1600,1
GEO_R06_0512_0192,1
GEO_R06_1152_1024,4
GEO_R06_2240_1088,1
GEO_R06_2208_1696,1
GEO_R06_0960_1760,1
GEO_R06_2272_2304,1
GEO_R06_0832_2272,1
GEO_R06_0160_0512,1
GEO_R06_1888_1632,1
GEO_R06_0288_1280,1
GEO_R06_1600_2272,1
GEO_R06_0256_1664,1
GEO_R06_1088_0544,1
GEO_R06_1728_1824,1
GEO_R06_0928_0384,1
GEO_R06_1856_0864,1
GEO_R06_0096_0640,1
GEO_R06_1920_1600,1
GEO_R06_2016_0992,1
GEO_R06_1344_2080,1
GEO_R06_0000_1184,1
GEO_R06_1216_0000,1
GEO_R06_1184_0288,1
GEO_R06_1792_0320,1
GEO_R06_1856_0064,1
GEO_R06_0544_1440,1
GEO_R06_1312_1984,1
GEO_R06_0224_2336,1
GEO_R06_1312_2016,1
GEO_R06_0736_2016,1
GEO_R06_2304_2112,1
GEO_R06_0256_0768,1
GEO_R06_1408_2336,1
GEO_R06_0928_0896,4
GEO_R06_1632_0480,1
GEO_R06_0352_2016,1
GEO_R06_0160_0704,1
GEO_R06_0224_2240,1
GEO_R06_1984_1152,1
GEO_R06_0352_0480,1
GEO_R06_1728_0896,1
GEO_R06_0704_0800,4
GEO_R06_2112_0800,1
GEO_R06_1120_2144,1
GEO_R06_1664_0512,1
GEO_R06_1792_0288,1
GEO_R06_2272_0992,1
GEO_R06_1856_0672,1
GEO_R06_1760_1760,1
GEO_R06_1888_0544,1
GEO_R06_1152_1824,1
GEO_R06_2080_1920,1
GEO_R06_1920_1888,1
GEO_R06_0832_0256,1
GEO_R06_1216_0320,1
GEO_R06_0064_1696,1
GEO_R06_1280_0480,1
GEO_R06_0352_2080,1
GEO_R06_1024_0992,4
GEO_R06_0640_0192,1
GEO_R06_1856_0512,1
GEO_R06_1696_2080,1
GEO_R06_1248_0064,1
GEO_R06_0704_0864,4
GEO_R06_0384_1600,1
GEO_R06_1952_1536,1
GEO_R06_0160_1248,1
GEO_R06_0320_1408,1
GEO_R06_0992_0512,1
GEO_R06_2208_0832,1
GEO_R06_0192_1856,1
GEO_R06_0576_2176,1
GEO_R06_0576_0992,4
GEO_R06_2240_0128,1
GEO_R06_1792_0896,1
GEO_R06_0128_0544,1
GEO_R06_0864_0320,1
GEO_R06_0256_1472,1
GEO_R06_0000_1088,1
GEO_R06_1312_0800,1
GEO_R06_2240_1504,1
GEO_R06_0800_1664,1
GEO_R06_1344_0800,1
GEO_R06_1184_2144,1
GEO_R06_1792_0576,1
GEO_R06_1536_0128,1
GEO_R06_2336_0864,1
GEO_R06_0224_1024,1
GEO_R06_0960_0064,1
GEO_R06_0544_0672,4
GEO_R06_2048_1088,1
GEO_R06_1088_1952,1
GEO_R06_0832_1760,1
GEO_R06_1696_1984,1
GEO_R06_0448_0224,1
GEO_R06_0160_0992,1
GEO_R06_1472_0928,1
GEO_R06_2176_1600,1
GEO_R06_1152_1728,1
GEO_R06_1920_2016,1
GEO_R06_1504_1632,1
GEO_R06_0992_0704,1
GEO_R06_0608_0704,4
GEO_R06_1952_1888,1
GEO_R06_0096_2272,1
GEO_R06_2080_1216,1
GEO_R06_1536_1408,4
GEO_R06_2208_0608,1
GEO_R06_1920_0224,1
GEO_R06_0000_1472,1
GEO_R06_2016_0288,1
GEO_R06_1632_1888,1
GEO_R06_1344_2304,1
GEO_R06_0224_0608,1
GEO_R06_0608_1760,1
GEO_R06_0544_2048,1
GEO_R06_2048_1696,1
GEO_R06_1280_0448,1
GEO_R06_1312_0224,1
GEO_R06_1504_0416,1
GEO_R06_0384_1664,1
GEO_R06_1632_0640,1
GEO_R06_0000_2080,1
GEO_R06_1824_1728,1
GEO_R06_1920_1952,1
GEO_R06_0032_1216,1
GEO_R06_0448_1120,4
GEO_R06_1824_0896,1
GEO_R06_0416_1856,1
GEO_R06_0672_1824,1
GEO_R06_1088_0128,1
GEO_R06_1600_0448,1
GEO_R06_0448_0128,1
GEO_R06_2112_0928,1
GEO_R06_0544_0896,4
GEO_R06_0736_2144,1
GEO_R06_0032_0288,1
GEO_R06_2176_1280,1
GEO_R06_1152_2112,1
GEO_R06_0416_0544,1
GEO_R06_0416_1728,1
GEO_R06_1248_2144,1
GEO_R06_1344_0224,1
GEO_R06_2080_2080,1
GEO_R06_1984_0704,1
GEO_R06_2016_2080,1
GEO_R06_1216_0800,1
GEO_R06_1248_1312,4
GEO_R06_0384_0160,1
GEO_R06_0352_1248,1
GEO_R06_1376_1440,4
GEO_R06_0416_1952,1
GEO_R06_1824_0992,1
GEO_R06_2304_1632,1
GEO_R06_0160_0832,1
GEO_R06_0256_0736,1
GEO_R06_1920_2336,1
GEO_R06_0608_1568,1
GEO_R06_2144_0704,1
GEO_R06_1504_0160,1
GEO_R06_1024_1856,1
GEO_R06_1664_0928,1
GEO_R06_1312_0480,1
GEO_R06_1760_0224,1
GEO_R06_1088_2368,1
GEO_R06_1280_0256,1
GEO_R06_1568_1792,1
GEO_R06_1216_0224,1
GEO_R06_0192_2208,1
GEO_R06_1024_0352,1
GEO_R06_2240_0768,1
GEO_R06_2336_1248,1
GEO_R06_2208_1024,1
GEO_R06_0096_0064,1
GEO_R06_2080_1120,1
GEO_R06_1024_1440,4
GEO_R06_1632_2016,1
GEO_R06_0000_0864,1
GEO_R06_1760_2272,1
GEO_R06_0768_1568,1
GEO_R06_0608_0000,1
GEO_R06_2208_1728,1
GEO_R06_0544_1024,4
GEO_R06_1632_2112,1
GEO_R06_1920_0672,1
GEO_R06_1632_0512,1
GEO_R06_1472_0160,1
GEO_R06_0832_0512,1
GEO_R06_0672_0640,4
GEO_R06_0512_0224,1
GEO_R06_1504_1664,1
GEO_R06_2016_1792,1
GEO_R06_0160_0960,1
GEO_R06_0192_1024,1
GEO_R06_0384_1344,1
GEO_R06_0224_0992,1
GEO_R06_0640_1440,1
GEO_R06_0320_2016,1
GEO_R06_2112_1536,1
GEO_R06_2336_0768,1
GEO_R06_0832_1824,1
GEO_R06_0800_1408,1
GEO_R06_1824_0640,1
GEO_R06_0352_1536,1
GEO_R06_0480_2240,1
GEO_R06_0064_0256,1
GEO_R06_0864_1280,4
GEO_R06_1248_0288,1
GEO_R06_0480_1408,1
GEO_R06_2048_1216,1
GEO_R06_1184_0256,1
GEO_R06_0480_1856,1
GEO_R06_2304_0224,1
GEO_R06_2112_0704,1
GEO_R06_1344_0384,1
GEO_R06_2272_0128,1
GEO_R06_0512_0000,1
GEO_R06_1120_2016,1
GEO_R06_0224_0256,1
GEO_R06_0736_1504,1
GEO_R06_1408_1952,1
GEO_R06_0224_0320,1
GEO_R06_0064_0224,1
GEO_R06_2208_1984,1
GEO_R06_2080_0864,1
GEO_R06_1600_0576,1
GEO_R06_0896_1280,4
GEO_R06_1568_2144,1
GEO_R06_2016_0384,1
GEO_R06_1152_1856,1
GEO_R06_0576_2240,1
GEO_R06_0832_2176,1
GEO_R06_0672_1632,1
GEO_R06_0000_1664,1
GEO_R06_1440_1632,1
GEO_R06_0576_1024,4
GEO_R06_0992_0064,1
GEO_R06_2208_1248,1
GEO_R06_1568_2336,1
GEO_R06_1472_0416,1
GEO_R06_1696_2016,1
GEO_R06_2176_0032,1
GEO_R06_0160_1152,1
GEO_R06_1632_0320,1
GEO_R06_0224_0064,1
GEO_R06_2336_0896,1
GEO_R06_1568_0896,1
GEO_R06_2208_0960,1
GEO_R06_0992_2112,1
GEO_R06_2112_0832,1
GEO_R06_0000_1440,1
GEO_R06_0672_1664,1
GEO_R06_0672_0768,4
GEO_R06_0832_2368,2
GEO_R06_0320_0288,1
GEO_R06_2176_1824,1
GEO_R06_2336_1344,1
GEO_R06_1344_0160,1
GEO_R06_2080_0480,1
GEO_R06_1536_0480,1
GEO_R06_0736_2080,1
GEO_R06_1120_1632,1
GEO_R06_1760_0544,1
GEO_R06_0992_1600,1
GEO_R06_0224_0832,1
GEO_R06_2304_1472,1
GEO_R06_1056_0384,1
GEO_R06_0256_1440,1
GEO_R06_0800_2144,1
GEO_R06_0768_0352,1
GEO_R06_0352_0192,1
GEO_R06_1792_2080,1
GEO_R06_2112_1216,1
GEO_R06_0128_2144,1
GEO_R06_2048_1344,1
GEO_R06_1728_0352,1
GEO_R06_0000_0160,1
GEO_R06_2080_0640,1
GEO_R06_1024_1120,4
GEO_R06_0288_1760,1
GEO_R06_1088_0064,1
GEO_R06_2048_0640,1
GEO_R06_1024_1472,4
GEO_R06_0704_1536,1
GEO_R06_0768_2240,1
GEO_R06_2272_1760,1
GEO_R06_1184_0960,1
GEO_R06_0448_0384,1
GEO_R06_0416_1536,1
GEO_R06_2336_1664,1
GEO_R06_0608_1472,1
GEO_R06_0960_1120,4
GEO_R06_1568_1728,1
GEO_R06_1696_0544,1
GEO_R06_0960_1568,1
GEO_R06_0000_0288,1
GEO_R06_0160_1216,1
GEO_R06_0960_0704,1
GEO_R06_1984_1824,1
GEO_R06_1792_2176,1
GEO_R06_0320_0224,1
GEO_R06_2176_1472,1
GEO_R06_1024_2304,1
GEO_R06_1120_1792,1
GEO_R06_0544_0992,4
GEO_R06_2336_1952,1
GEO_R06_0768_1952,1
GEO_R06_0224_0032,1
GEO_R06_0320_1216,1
GEO_R06_1248_0096,1
GEO_R06_2112_0640,1
GEO_R06_0640_1536,1
GEO_R06_2208_1568,1
GEO_R06_0960_0192,1
GEO_R06_1952_1184,1
GEO_R06_1728_2048,1
GEO_R06_0032_0352,1
GEO_R06_0608_2048,1
GEO_R06_1600_1056,1
GEO_R06_0160_1536,1
GEO_R06_0768_2144,1
GEO_R06_1760_0704,1
GEO_R06_0800_2208,1
GEO_R06_1312_2272,1
GEO_R06_1952_0448,1
GEO_R06_0992_0352,1
GEO_R06_1088_0352,1
GEO_R06_0288_1440,1
GEO_R06_1088_0480,1
GEO_R06_2176_0736,1
GEO_R06_0192_2048,1
GEO_R06_1728_0160,1
GEO_R06_0736_0224,1
GEO_R06_2240_1888,1
GEO_R06_1024_0416,1
GEO_R06_0384_1408,1
GEO_R06_1024_0384,1
GEO_R06_2240_0832,1
GEO_R06_0320_0064,1
GEO_R06_1472_1376,4
GEO_R06_0096_0704,1
GEO_R06_1600_2336,1
GEO_R06_1792_1888,1
GEO_R06_0832_0064,1
GEO_R06_0736_1440,1
GEO_R06_0128_0896,1
GEO_R06_0384_0288,1
GEO_R06_2304_0448,1
GEO_R06_0928_0448,1
GEO_R06_1152_1600,1
GEO_R06_1792_0960,1
GEO_R06_1536_0160,1
GEO_R06_2240_0160,1
GEO_R06_0064_1664,1
GEO_R06_0640_0960,4
GEO_R06_2144_0224,1
GEO_R06_0000_1120,1
GEO_R06_1568_2176,1
GEO_R06_1312_0256,1
GEO_R06_0480_1440,1
GEO_R06_1664_0960,1
GEO_R06_1376_2176,1
GEO_R06_2304_2144,1
GEO_R06_0768_1056,4
GEO_R06_0096_0800,1
GEO_R06_1248_0000,1
GEO_R06_0416_2144,1
GEO_R06_1440_0544,1
GEO_R06_1504_1120,4
GEO_R06_2112_2272,1
GEO_R06_0768_0000,1
GEO_R06_0960_0288,1
GEO_R06_2048_0064,1
GEO_R06_2240_2080,1
GEO_R06_2272_1024,1
GEO_R06_2208_1312,1
GEO_R06_0192_1952,1
GEO_R06_1952_0768,1
GEO_R06_0160_0160,1
GEO_R06_2272_1216,1
GEO_R06_1088_0096,1
GEO_R06_1568_0544,1
GEO_R06_0480_0160,1
GEO_R06_0896_1856,1
GEO_R06_0640_1760,1
GEO_R06_1632_0608,1
GEO_R06_0896_0736,1
GEO_R06_1984_0224,1
GEO_R06_1216_0032,1
GEO_R06_0896_0704,1
GEO_R06_1856_0352,1
GEO_R06_2208_1760,1
GEO_R06_1376_2240,1
GEO_R06_0832_1728,1
GEO_R06_0000_1824,1
GEO_R06_0704_2304,1
GEO_R06_2336_0640,1
GEO_R06_0384_2112,1
GEO_R06_0832_0448,1
GEO_R06_1888_2336,1
GEO_R06_1120_1728,1
GEO_R06_0160_0256,1
GEO_R06_0064_0032,1
GEO_R06_1600_0416,1
GEO_R06_2304_0928,1
GEO_R06_0224_0928,1
GEO_R06_0000_0192,1
GEO_R06_1152_1312,4
GEO_R06_0960_2080,1
GEO_R06_0160_1088,1
GEO_R06_0928_0064,1
GEO_R06_1088_1728,1
GEO_R06_0576_1696,1
GEO_R06_0096_0608,1
GEO_R06_1120_1376,4
GEO_R06_0512_2176,1
GEO_R06_1504_0896,1
GEO_R06_0064_1152,1
GEO_R06_1216_0512,1
GEO_R06_1664_0064,1
GEO_R06_1856_0032,1
GEO_R06_1728_0256,1
GEO_R06_0032_1536,1
GEO_R06_1024_0000,1
GEO_R06_1664_0640,1
GEO_R06_1152_1696,1
GEO_R06_0032_0160,1
GEO_R06_0960_2368,1
GEO_R06_0480_1120,4
GEO_R06_0192_0800,1
GEO_R06_0224_1504,1
GEO_R06_2112_1440,1
GEO_R06_0736_1600,1
GEO_R06_0800_1600,1
GEO_R06_2176_0000,1
GEO_R06_1312_0352,1
GEO_R06_0864_1952,1
GEO_R06_2272_1952,1
GEO_R06_2304_0288,1
GEO_R06_1504_1024,1
GEO_R06_2016_1440,1
GEO_R06_0768_1408,1
GEO_R06_1824_1856,1
GEO_R06_1568_0864,1
GEO_R06_0544_1472,1
GEO_R06_2240_1536,1
GEO_R06_2144_1440,1
GEO_R06_1600_0768,1
GEO_R06_0576_0224,1
GEO_R06_0160_2048,1
GEO_R06_1568_0448,1
GEO_R06_0992_0288,1
GEO_R06_1600_0928,1
GEO_R06_0608_0768,4
GEO_R06_1248_0352,1
GEO_R06_1632_1216,4
GEO_R06_1504_0000,1
GEO_R06_0768_2048,1
GEO_R06_0640_0768,4
GEO_R06_0416_2304,1
GEO_R06_2208_0576,1
GEO_R06_0064_0480,1
GEO_R06_0480_1696,1
GEO_R06_1664_2112,1
GEO_R06_2208_2016,1
GEO_R06_0128_0576,1
GEO_R06_2272_0448,1
GEO_R06_0832_2208,1
GEO_R06_0480_0320,1
GEO_R06_1440_2144,1
GEO_R06_1824_2144,1
GEO_R06_1984_0544,1
GEO_R06_2080_0512,1
GEO_R06_0224_0480,1
GEO_R06_1184_2208,1
GEO_R06_2048_0608,1
GEO_R06_0096_0864,1
GEO_R06_0224_0000,1
GEO_R06_0512_2144,1
GEO_R06_1568_0160,1
GEO_R06_0512_1760,1
GEO_R06_0768_0288,1
GEO_R06_0032_2336,1
GEO_R06_0192_0032,1
GEO_R06_1568_0416,1
GEO_R06_0512_0320,1
GEO_R06_0544_1856,1
GEO_R06_1952_0960,1
GEO_R06_0576_0896,4
GEO_R06_0736_0960,4
GEO_R06_1824_2176,1
GEO_R06_0256_1184,1
GEO_R06_2176_1632,1
GEO_R06_0224_0640,1
GEO_R06_0512_1312,1
GEO_R06_0864_1664,1
GEO_R06_0800_1920,1
GEO_R06_1824_0480,1
GEO_R06_1536_2208,1
GEO_R06_1792_0640,1
GEO_R06_0864_0448,1
GEO_R06_0896_0320,1
GEO_R06_1376_2048,1
GEO_R06_0064_1824,1
GEO_R06_1568_1856,1
GEO_R06_0000_0416,1
GEO_R06_0544_0000,1
GEO_R06_0384_0192,1
GEO_R06_1024_2208,1
GEO_R06_1600_0160,1
GEO_R06_1792_2112,1
GEO_R06_0736_1472,1
GEO_R06_0064_2336,1
GEO_R06_0096_1152,1
GEO_R06_2304_0800,1
GEO_R06_1312_0320,1
GEO_R06_1088_0224,1
GEO_R06_1696_1856,1
GEO_R06_0256_2144,1
GEO_R06_2272_0864,1
GEO_R06_0416_0384,1
GEO_R06_0000_1728,1
GEO_R06_1472_1088,4
GEO_R06_1600_1696,1
GEO_R06_2144_0384,1
GEO_R06_0992_2048,1
GEO_R06_0128_1728,1
GEO_R06_1568_2208,1
GEO_R06_1568_2368,1
GEO_R06_1920_2080,1
GEO_R06_2048_0480,1
GEO_R06_1088_2144,1
GEO_R06_0896_0256,1
GEO_R06_1760_0768,1
GEO_R06_1568_1632,1
GEO_R06_1280_0576,1
GEO_R06_1888_0256,1
GEO_R06_1888_0032,1
GEO_R06_1408_0096,1
GEO_R06_2080_1792,1
GEO_R06_1600_0224,1
GEO_R06_0160_2176,1
GEO_R06_0544_2272,1
GEO_R06_1536_1024,1
GEO_R06_2304_0512,1
GEO_R06_0448_2304,1
GEO_R06_1024_0064,1
GEO_R06_0032_1920,1
GEO_R06_1600_0128,1
GEO_R06_1120_1824,1
GEO_R06_1280_1568,4
GEO_R06_0096_2240,1
GEO_R06_1824_0384,1
GEO_R06_0640_0096,1
GEO_R06_0608_0224,1
GEO_R06_0160_0288,1
GEO_R06_2272_1728,1
GEO_R06_2144_1536,1
GEO_R06_2016_0448,1
GEO_R06_1312_1408,4
GEO_R06_1536_2080,1
GEO_R06_1120_0352,1
GEO_R06_1088_2112,1
GEO_R06_2304_1024,1
GEO_R06_0384_0512,1
GEO_R06_0160_0416,1
GEO_R06_1344_0768,1
GEO_R06_0704_2176,1
GEO_R06_0032_1120,1
GEO_R06_1568_1184,4
GEO_R06_2112_2144,1
GEO_R06_1696_1760,1
GEO_R06_1312_0128,1
GEO_R06_0608_0064,1
GEO_R06_0032_0192,1
GEO_R06_2336_1184,1
GEO_R06_0608_1632,1
GEO_R06_2240_0896,1
GEO_R06_2240_1216,1
GEO_R06_1536_0096,1
GEO_R06_2336_1312,1
GEO_R06_1536_2112,1
GEO_R06_0992_2208,1
GEO_R06_2240_0992,1
GEO_R06_0544_0768,4
GEO_R06_1248_1344,4
GEO_R06_2208_0224,1
GEO_R06_2112_0480,1
GEO_R06_1536_1760,1
GEO_R06_0256_0480,1
GEO_R06_0224_0288,1
GEO_R06_2144_1824,1
GEO_R06_0832_0576,1
GEO_R06_1120_1600,1
GEO_R06_1440_2304,1
GEO_R06_0608_0640,4
GEO_R06_1088_0032,1
GEO_R06_0032_0480,1
GEO_R06_0768_1376,1
GEO_R06_0288_0672,1
GEO_R06_0320_0096,1
GEO_R06_2176_2080,1
GEO_R06_0000_0480,1
GEO_R06_0096_0384,1
GEO_R06_1952_0352,1
GEO_R06_1632_2144,1
GEO_R06_0832_1440,1
GEO_R06_0160_1888,1
GEO_R06_0384_1696,1
GEO_R06_2272_0800,1
GEO_R06_0736_1536,1
GEO_R06_0256_1888,1
GEO_R06_0960_0384,1
GEO_R06_1344_0544,1
GEO_R06_1472_1024,1
GEO_R06_0320_2272,1
GEO_R06_0000_1024,1
GEO_R06_0608_0096,1
GEO_R06_1856_0480,1
GEO_R06_2144_0672,1
GEO_R06_1408_1344,4
GEO_R06_2048_0032,1
GEO_R06_2272_1152,1
GEO_R06_1248_2048,1
GEO_R06_0448_0320,1
GEO_R06_1440_1760,1
GEO_R06_0608_1856,1
GEO_R06_1216_1344,4
GEO_R06_1184_0096,1
GEO_R06_2112_1312,1
GEO_R06_0640_2048,1
GEO_R06_0576_1920,1
GEO_R06_1632_0128,1
GEO_R06_0160_1504,1
GEO_R06_1600_0896,1
GEO_R06_1312_1120,4
GEO_R06_1600_0352,1
GEO_R06_1472_1664,1
GEO_R06_2272_0928,1
GEO_R06_1536_1888,1
GEO_R06_1056_1632,1
GEO_R06_0576_1600,1
GEO_R06_1248_0864,1
GEO_R06_0544_1920,1
GEO_R06_0992_2336,1
GEO_R06_0192_2016,1
GEO_R06_1088_1312,4
GEO_R06_1760_0096,1
GEO_R06_1312_0640,1
GEO_R06_0448_1952,1
GEO_R06_1376_0128,1
GEO_R06_0320_1472,1
GEO_R06_1600_0192,1
GEO_R06_0192_2112,1
GEO_R06_0896_1984,1
GEO_R06_0096_1600,1
GEO_R06_0128_1472,1
GEO_R06_1568_0928,1
GEO_R06_0096_1952,1
GEO_R06_0192_2272,1
GEO_R06_0544_1952,1
GEO_R06_1344_0896,1
GEO_R06_1152_2080,1
GEO_R06_1888_1952,1
GEO_R06_0448_1280,1
GEO_R06_0288_0992,1
GEO_R06_1664_2080,1
GEO_R06_1408_0480,1
GEO_R06_1952_2016,1
GEO_R06_1248_0480,1
GEO_R06_2144_0000,1
GEO_R06_2016_2048,1
GEO_R06_1760_1696,1
GEO_R06_1504_2368,1
GEO_R06_1664_0160,1
GEO_R06_1472_1568,1
GEO_R06_1888_2304,1
GEO_R06_1824_0800,1
GEO_R06_2080_1536,1
GEO_R06_0704_0768,4
GEO_R06_1248_2272,1
GEO_R06_0896_1696,1
GEO_R06_1312_2176,1
GEO_R06_0576_0256,1
GEO_R06_0032_0384,1
GEO_R06_1728_2016,1
GEO_R06_2048_0416,1
GEO_R06_2336_2144,1
GEO_R06_0544_0800,4
GEO_R06_1376_0576,1
GEO_R06_0480_1664,1
GEO_R06_0384_2368,1
GEO_R06_0928_1920,1
GEO_R06_1440_1856,1
GEO_R06_1984_2016,1
GEO_R06_1152_1344,4
GEO_R06_2272_0160,1
GEO_R06_0640_1728,1
GEO_R06_1440_1792,1
GEO_R06_0512_1952,1
GEO_R06_0832_1632,1
GEO_R06_1888_0672,1
GEO_R06_1632_1760,1
GEO_R06_0000_0544,1
GEO_R06_0608_0800,4
GEO_R06_1888_2048,1
GEO_R06_2240_1632,1
GEO_R06_0768_1152,4
GEO_R06_0032_1664,1
GEO_R06_1888_0096,1
GEO_R06_0416_1280,1
GEO_R06_2144_2144,1
GEO_R06_1920_1824,1
GEO_R06_1728_0480,1
GEO_R06_1120_0512,1
GEO_R06_0576_0384,1
GEO_R06_2272_1536,1
GEO_R06_0160_1472,1
GEO_R06_1216_1856,1
GEO_R06_1408_1600,1
GEO_R06_2304_1344,1
GEO_R06_1536_0896,1
GEO_R06_2240_0192,1
GEO_R06_1088_1664,1
GEO_R06_1056_0256,1
GEO_R06_0800_0992,4
GEO_R06_1248_1088,4
GEO_R06_1984_2176,1
GEO_R06_0960_0448,1
GEO_R06_1632_1248,4
GEO_R06_1952_0896,1
GEO_R06_0608_1792,1
GEO_R06_1984_1440,1
GEO_R06_0928_0416,1
GEO_R06_0832_1120,4
GEO_R06_2304_1664,1
GEO_R06_0256_1760,1
GEO_R06_2048_0192,1
GEO_R06_1440_2016,1
GEO_R06_1440_1536,1
GEO_R06_1280_2208,1
GEO_R06_0928_0288,1
GEO_R06_2144_2080,1
GEO_R06_1376_0320,1
GEO_R06_1760_0256,1
GEO_R06_2304_0352,1
GEO_R06_2240_1568,1
GEO_R06_1760_0448,1
GEO_R06_1280_0064,1
GEO_R06_2176_2336,1
GEO_R06_1792_0768,1
GEO_R06_2304_0864,1
GEO_R06_0608_2016,1
GEO_R06_1504_1312,4
GEO_R06_1312_1920,1
GEO_R06_0576_1984,1
GEO_R06_1088_1920,1
GEO_R06_0896_2016,1
GEO_R06_1856_2176,1
GEO_R06_0672_0288,1
GEO_R06_2304_2336,1
GEO_R06_0320_1888,1
GEO_R06_1376_0608,1
GEO_R06_0512_1408,1
GEO_R06_2048_0448,1
GEO_R06_0608_0672,4
GEO_R06_1344_2208,1
GEO_R06_1184_0448,1
GEO_R06_1984_0064,1
GEO_R06_0256_1824,1
GEO_R06_1760_2112,1
GEO_R06_0384_0416,1
GEO_R06_1888_1024,1
GEO_R06_1760_2240,1
GEO_R06_0480_1504,1
GEO_R06_2016_1216,1
GEO_R06_1440_1664,1
GEO_R06_0064_1376,1
GEO_R06_0640_1600,1
GEO_R06_0224_2080,1
GEO_R06_2240_0288,1
GEO_R06_0864_0480,1
GEO_R06_1344_2112,1
GEO_R06_0288_0160,1
GEO_R06_1088_1760,1
GEO_R06_1568_0608,1
GEO_R06_2208_0192,1
GEO_R06_0992_1664,1
GEO_R06_2080_0960,1
GEO_R06_0928_0704,1
GEO_R06_0448_0704,4
GEO_R06_1120_1344,4
GEO_R06_0768_0256,1
GEO_R06_0864_1696,1
GEO_R06_0128_0352,1
GEO_R06_0032_1504,1
GEO_R06_0928_1536,1
GEO_R06_0608_2304,1
GEO_R06_0064_0672,1
GEO_R06_1152_1664,1
GEO_R06_1280_1600,4
GEO_R06_1280_1952,1
GEO_R06_1536_2336,1
GEO_R06_0672_0704,4
GEO_R06_1568_0672,1
GEO_R06_0896_0416,1
GEO_R06_1088_1376,4
GEO_R06_2176_0992,1
GEO_R06_1120_1888,1
GEO_R06_2048_0864,1
GEO_R06_1824_2016,1
GEO_R06_1120_0384,1
GEO_R06_1504_2112,1
GEO_R06_0288_2016,1
GEO_R06_0352_1600,1
GEO_R06_0896_1920,1
GEO_R06_0128_1280,1
GEO_R06_2080_1184,1
GEO_R06_1504_0992,1
GEO_R06_0192_0832,1
GEO_R06_1536_2176,1
GEO_R06_0896_0576,1
GEO_R06_0288_1824,1
GEO_R06_0800_0256,1
GEO_R06_0960_1632,1
GEO_R06_0032_0032,1
GEO_R06_1952_1728,1
GEO_R06_0672_1408,1
GEO_R06_1376_0416,1
GEO_R06_0160_2336,1
GEO_R06_1408_0832,1
GEO_R06_1312_1600,4
GEO_R06_1664_0608,1
GEO_R06_2240_0320,1
GEO_R06_0032_1984,1
GEO_R06_0224_0160,1
GEO_R06_0128_1056,1
GEO_R06_0256_0288,1
GEO_R06_0544_1056,4
GEO_R06_0736_0352,1
GEO_R06_1248_2304,1
GEO_R06_0032_1344,1
GEO_R06_1664_0832,1
GEO_R06_2176_0512,1
GEO_R06_0416_1248,1
GEO_R06_2336_1888,1
GEO_R06_0992_2304,1
GEO_R06_1664_2272,1
GEO_R06_0288_0064,1
GEO_R06_1728_2336,1
GEO_R06_1440_0032,1
GEO_R06_0288_1856,1
GEO_R06_1472_1312,4
GEO_R06_0064_1792,1
GEO_R06_1408_1632,1
GEO_R06_2112_0960,1
GEO_R06_0192_0928,1
GEO_R06_0832_0128,1
GEO_R06_1312_0544,1
GEO_R06_1088_0000,1
GEO_R06_0288_0960,1
GEO_R06_0544_0928,4
GEO_R06_1984_0448,1
GEO_R06_0736_1728,1
GEO_R06_1984_1920,1
GEO_R06_2208_2144,1
GEO_R06_0416_1312,1
GEO_R06_1696_0256,1
GEO_R06_1024_2144,1
GEO_R06_1152_1984,1
GEO_R06_1536_0352,1
GEO_R06_0096_1888,1
GEO_R06_0672_1984,1
GEO_R06_1120_2176,1
GEO_R06_0768_1600,1
GEO_R06_1184_2048,1
GEO_R06_1152_1792,1
GEO_R06_2240_1184,1
GEO_R06_0288_1536,1
GEO_R06_2240_2272,1
GEO_R06_2176_0704,1
GEO_R06_0224_0800,1
GEO_R06_1312_1344,4
GEO_R06_0704_0576,4
GEO_R06_1568_0768,1
GEO_R06_2272_1344,1
GEO_R06_2304_1280,1
GEO_R06_0352_0320,1
GEO_R06_0736_0320,1
GEO_R06_0448_2368,1
GEO_R06_0448_1856,1
GEO_R06_2240_0864,1
GEO_R06_2240_2336,1
GEO_R06_0064_1856,1
GEO_R06_0864_1856,1
GEO_R06_1824_0096,1
GEO_R06_2272_0544,1
GEO_R06_0032_0576,1
GEO_R06_1952_2272,1
GEO_R06_2080_0384,1
GEO_R06_0160_0768,1
GEO_R06_0064_0096,1
GEO_R06_0256_2240,1
GEO_R06_1920_1088,1
GEO_R06_1760_1792,1
GEO_R06_1696_0128,1
GEO_R06_1504_0544,1
GEO_R06_0256_0224,1
GEO_R06_1088_0384,1
GEO_R06_1408_1408,4
GEO_R06_1088_2272,1
GEO_R06_0000_2144,1
GEO_R06_0704_1568,1
GEO_R06_2304_2176,1
GEO_R06_2208_0928,1
GEO_R06_0032_1152,1
GEO_R06_0288_0224,1
GEO_R06_2048_1056,1
GEO_R06_0320_1984,1
GEO_R06_1888_0608,1
GEO_R06_0192_1152,1
GEO_R06_1600_0640,1
GEO_R06_0704_1952,1
GEO_R06_0064_0864,1
GEO_R06_1504_0448,1
GEO_R06_0672_0096,1
GEO_R06_1952_0192,1
GEO_R06_0832_0384,1
GEO_R06_1184_1920,1
GEO_R06_0384_0448,1
GEO_R06_1728_1792,1
GEO_R06_1920_1856,1
GEO_R06_1312_0096,1
GEO_R06_2176_1056,1
GEO_R06_1280_0160,1
GEO_R06_0480_1888,1
GEO_R06_1760_0192,1
GEO_R06_1600_2016,1
GEO_R06_0928_2080,1
GEO_R06_0672_2048,1
GEO_R06_0896_0032,1
GEO_R06_0224_1472,1
GEO_R06_1568_2304,1
GEO_R06_0704_0192,1
GEO_R06_1504_1856,1
GEO_R06_1824_0544,1
GEO_R06_0064_0960,1
GEO_R06_1600_2304,1
GEO_R06_1440_0384,1
GEO_R06_0224_2048,1
GEO_R06_0832_0480,1
GEO_R06_0832_0192,1
GEO_R06_0192_1120,1
GEO_R06_0352_1984,1
GEO_R06_0864_0352,1
GEO_R06_0896_2208,1
GEO_R06_1984_1760,1
GEO_R06_0064_2176,1
GEO_R06_1408_1792,1
GEO_R06_0192_0416,1
GEO_R06_0096_0192,1
GEO_R06_0992_1568,1
GEO_R06_1440_0000,1
GEO_R06_1120_0544,1
GEO_R06_1824_1952,1
GEO_R06_1024_1600,1
GEO_R06_1728_0928,1
GEO_R06_1504_0480,1
GEO_R06_0576_0160,1
GEO_R06_1088_1824,1
GEO_R06_2240_1728,1
GEO_R06_1792_0480,1
GEO_R06_0512_0992,4
GEO_R06_2112_1248,1
GEO_R06_1248_0832,1
GEO_R06_0608_0384,1
GEO_R06_2112_0000,1
GEO_R06_2080_2368,1
GEO_R06_1024_0480,1
GEO_R06_2208_1536,1
GEO_R06_2272_1920,1
GEO_R06_1376_1792,1
GEO_R06_0832_0320,1
GEO_R06_1440_0736,1
GEO_R06_0288_0096,1
GEO_R06_0128_2176,1
GEO_R06_1984_1696,1
GEO_R06_1952_2144,1
GEO_R06_1216_1920,1
GEO_R06_0064_2016,1
GEO_R06_1632_0800,1
GEO_R06_2208_0672,1
GEO_R06_2176_0928,1
GEO_R06_1856_0960,1
GEO_R06_1632_0864,1
GEO_R06_2336_2208,1
GEO_R06_1472_2368,1
GEO_R06_1344_0128,1
GEO_R06_0576_1472,1
GEO_R06_1472_0736,1
GEO_R06_1120_0192,1
GEO_R06_2336_1728,1
GEO_R06_0864_1312,4
GEO_R06_0320_0448,1
GEO_R06_2112_0736,1
GEO_R06_2272_1856,1
GEO_R06_1600_0384,1
GEO_R06_1056_2016,1
GEO_R06_1280_2016,1
GEO_R06_1504_1376,4
GEO_R06_0608_0192,1
GEO_R06_0608_1952,1
GEO_R06_1760_0000,1
GEO_R06_0320_0128,1
GEO_R06_0064_2208,1
GEO_R06_0416_0192,1
GEO_R06_1824_0512,1
GEO_R06_1536_0768,1
GEO_R06_0160_0800,1
GEO_R06_1600_0800,1
GEO_R06_0704_0992,4
GEO_R06_0544_1312,1
GEO_R06_0608_2176,1
GEO_R06_2336_1504,1
GEO_R06_2176_1920,1
GEO_R06_1440_0480,1
GEO_R06_1216_0384,1
GEO_R06_1728_0416,1
GEO_R06_0384_1568,1
GEO_R06_1664_0672,1
GEO_R06_2016_1856,1
GEO_R06_2112_1952,1
GEO_R06_0480_0512,1
GEO_R06_2272_0704,1
GEO_R06_0064_0288,1
GEO_R06_1344_0352,1
GEO_R06_0448_1664,1
GEO_R06_2176_1888,1
GEO_R06_0640_2208,1
GEO_R06_1824_2272,1
GEO_R06_1760_0992,1
GEO_R06_0032_1792,1
GEO_R06_0128_1120,1
GEO_R06_1280_0832,1
GEO_R06_0096_0576,1
GEO_R06_2272_0192,1
GEO_R06_1984_1568,1
GEO_R06_1632_0768,1
GEO_R06_1824_0672,1
GEO_R06_1600_2240,1
GEO_R06_0384_1888,1
GEO_R06_1824_0320,1
GEO_R06_0000_0800,1
GEO_R06_0224_1408,1
GEO_R06_2304_1760,1
GEO_R06_0544_0352,1
GEO_R06_1568_0192,1
GEO_R06_0832_2112,1
GEO_R06_0992_0736,1
GEO_R06_0032_0864,1
GEO_R06_1056_0416,1
GEO_R06_0832_2048,1
GEO_R06_1440_0352,1
GEO_R06_1792_0704,1
GEO_R06_1952_1056,1
GEO_R06_0256_0032,1
GEO_R06_0576_1728,1
GEO_R06_1344_2048,1
GEO_R06_1504_1728,1
GEO_R06_0800_1472,1
GEO_R06_1536_2240,1
GEO_R06_1088_2080,1
GEO_R06_0128_1216,1
GEO_R06_0704_0736,4
GEO_R06_2304_0640,1
GEO_R06_2336_2048,1
GEO_R06_0736_0192,1
GEO_R06_0256_1216,1
GEO_R06_1984_1664,1
GEO_R06_0096_2208,1
GEO_R06_2336_0704,1
GEO_R06_2336_1536,1
GEO_R06_0128_1568,1
GEO_R06_1632_0576,1
GEO_R06_0768_0960,4
GEO_R06_0032_1728,1
GEO_R06_1984_0288,1
GEO_R06_1408_0544,1
GEO_R06_0928_1696,1
GEO_R06_1504_0864,1
GEO_R06_0608_1920,1
GEO_R06_1856_0416,1
GEO_R06_0160_0000,1
GEO_R06_0608_2112,1
GEO_R06_1760_1856,1
GEO_R06_0160_0544,1
GEO_R06_2208_2240,1
GEO_R06_1664_2144,1
GEO_R06_1792_2304,1
GEO_R06_1248_1664,4
GEO_R06_1024_1984,1
GEO_R06_2176_0256,1
GEO_R06_1504_1152,4
GEO_R06_2144_0128,1
GEO_R06_1888_2112,1
GEO_R06_1696_0512,1
GEO_R06_0032_1408,1
GEO_R06_0800_0128,1
GEO_R06_0992_0576,1
GEO_R06_0832_1600,1
GEO_R06_0128_1984,1
GEO_R06_1984_1888,1
GEO_R06_0448_2240,1
GEO_R06_1600_2176,1
GEO_R06_0864_0288,1
GEO_R06_2080_0288,1
GEO_R06_1984_1024,1
GEO_R06_1952_0704,1
GEO_R06_0800_0320,1
GEO_R06_1664_0736,1
GEO_R06_0256_0704,1
GEO_R06_2144_0256,1
GEO_R06_0416_1152,4
GEO_R06_2240_0000,1
GEO_R06_1664_0096,1
GEO_R06_0032_2304,1
GEO_R06_2016_0416,1
GEO_R06_2240_1280,1
GEO_R06_0672_0800,4
GEO_R06_0224_1376,1
GEO_R06_1632_0704,1
GEO_R06_2272_2240,1
GEO_R06_0000_2176,1
GEO_R06_2048_1440,1
GEO_R06_2048_1888,1
GEO_R06_1568_0384,1
GEO_R06_2240_0736,1
GEO_R06_2272_1120,1
GEO_R06_0800_1440,1
GEO_R06_1824_1888,1
GEO_R06_0640_0064,1
GEO_R06_2304_0768,1
GEO_R06_2272_0512,1
GEO_R06_0640_1696,1
GEO_R06_0064_0192,1
GEO_R06_1664_0192,1
GEO_R06_0192_1888,1
GEO_R06_0256_0096,1
GEO_R06_0512_1728,1
GEO_R06_1984_0032,1
GEO_R06_0992_0224,1
GEO_R06_0192_2080,1
GEO_R06_0384_1440,1
GEO_R06_0544_0416,1
GEO_R06_2304_1248,1
GEO_R06_0704_0096,1
GEO_R06_2048_0384,1
GEO_R06_0192_1184,1
GEO_R06_0832_1280,4
GEO_R06_1312_0512,1
GEO_R06_1952_1120,1
GEO_R06_0608_0736,4
GEO_R06_0864_2016,1
GEO_R06_1760_1920,1
GEO_R06_1536_1728,1
GEO_R06_1088_2240,1
GEO_R06_0416_1504,1
GEO_R06_0992_2240,1
GEO_R06_1760_0480,1
GEO_R06_2112_1568,1
GEO_R06_1536_0000,1
GEO_R06_0480_1088,4
GEO_R06_2304_1600,1
GEO_R06_2048_0832,1
GEO_R06_0960_0032,1
GEO_R06_0544_2240,1
GEO_R06_0096_1760,1
GEO_R06_0800_1632,1
GEO_R06_1312_0384,1
GEO_R06_0032_2272,1
GEO_R06_1824_1824,1
GEO_R06_2304_2272,1
GEO_R06_1216_1952,1
GEO_R06_0672_1440,1
GEO_R06_0896_1792,1
GEO_R06_0832_1696,1
GEO_R06_2016_1056,1
GEO_R06_0480_0352,1
GEO_R06_2208_0448,1
GEO_R06_1152_0352,1
GEO_R06_0576_1504,1
GEO_R06_2112_2176,1
GEO_R06_1152_0192,1
GEO_R06_1504_0832,1
GEO_R06_0544_0448,1
GEO_R06_1056_0128,1
GEO_R06_0896_0160,1
GEO_R06_1664_0800,1
GEO_R06_2080_0608,1
GEO_R06_0288_0800,1
GEO_R06_0160_1856,1
GEO_R06_1376_0832,1
GEO_R06_0416_1600,1
GEO_R06_1984_0896,1
GEO_R06_0832_1088,4
GEO_R06_2208_1344,1
GEO_R06_0160_0736,1
GEO_R06_0608_1024,4
GEO_R06_2016_2272,1
GEO_R06_1664_1536,4
GEO_R06_2176_0096,1
GEO_R06_1504_1984,1
GEO_R06_0832_1984,1
GEO_R06_0256_0384,1
GEO_R06_1472_0544,1
GEO_R06_2336_0384,1
GEO_R06_0416_2048,1
GEO_R06_0352_0960,1
GEO_R06_1888_1824,1
GEO_R06_1344_2272,1
GEO_R06_1216_0448,1
GEO_R06_0160_1760,1
GEO_R06_0288_1184,1
GEO_R06_0352_2272,1
GEO_R06_0032_1568,1
GEO_R06_0288_0480,1
GEO_R06_1440_1344,4
GEO_R06_1248_0576,1
GEO_R06_1056_1760,1
GEO_R06_1792_1760,1
GEO_R06_0512_0640,4
GEO_R06_0864_1600,1
GEO_R06_1856_0768,1
GEO_R06_1664_0256,1
GEO_R06_1152_0160,1
GEO_R06_1440_1376,4
GEO_R06_0864_1792,1
GEO_R06_1824_1984,1
GEO_R06_2272_1408,1
GEO_R06_1952_0480,1
GEO_R06_0416_1696,1
GEO_R06_1824_2048,1
GEO_R06_0448_1408,1
GEO_R06_1984_0160,1
GEO_R06_2336_0960,1
GEO_R06_0448_1248,1
GEO_R06_0320_2304,1
GEO_R06_0960_0768,1
GEO_R06_1472_2272,1
GEO_R06_2304_1408,1
GEO_R06_0992_0448,1
GEO_R06_0000_0448,1
GEO_R06_1504_2080,1
GEO_R06_0000_0736,1
GEO_R06_0992_1984,1
GEO_R06_2080_1696,1
GEO_R06_1184_0224,1
GEO_R06_1728_0224,1
GEO_R06_0224_1248,1
GEO_R06_2208_0384,1
GEO_R06_0448_1824,1
GEO_R06_2080_0736,1
GEO_R06_0672_0000,1
GEO_R06_1088_1696,1
GEO_R06_0864_0160,1
GEO_R06_1504_0512,1
GEO_R06_2176_2272,1
GEO_R06_0000_1696,1
GEO_R06_0288_0768,1
GEO_R06_1408_1312,4
GEO_R06_1376_1312,4
GEO_R06_2240_0608,1
GEO_R06_0832_1472,1
GEO_R06_0320_2336,1
GEO_R06_0256_1280,1
GEO_R06_0064_1952,1
GEO_R06_1984_2368,1
GEO_R06_0736_1056,4
GEO_R06_0704_1152,4
GEO_R06_1792_0864,1
GEO_R06_1120_2208,1
GEO_R06_0576_1952,1
GEO_R06_1248_1792,1
GEO_R06_1504_0032,1
GEO_R06_1344_0672,1
GEO_R06_0416_1440,1
GEO_R06_0096_0416,1
GEO_R06_0192_1472,1
GEO_R06_0512_1088,4
GEO_R06_0032_1472,1
GEO_R06_2144_0800,1
GEO_R06_0512_0256,1
GEO_R06_0384_2080,1
GEO_R06_1888_0512,1
GEO_R06_0864_0096,1
GEO_R06_0192_0608,1
GEO_R06_0224_1696,1
GEO_R06_1088_1984,1
GEO_R06_1088_0448,1
GEO_R06_1344_0736,1
GEO_R06_0736_1760,1
GEO_R06_1312_2208,1
GEO_R06_0128_0096,1
GEO_R06_0576_0800,4
GEO_R06_0288_1248,1
GEO_R06_1568_0128,1
GEO_R06_1696_0480,1
GEO_R06_1792_2240,1
GEO_R06_1152_1280,4
GEO_R06_0096_0960,1
GEO_R06_0960_0224,1
GEO_R06_2304_1920,1
GEO_R06_1824_0000,1
GEO_R06_2336_0352,1
GEO_R06_1184_1696,1
GEO_R06_1216_0736,1
GEO_R06_2144_2048,1
GEO_R06_0896_0512,1
GEO_R06_1056_2144,1
GEO_R06_1824_2336,1
GEO_R06_1408_2112,1
GEO_R06_1280_0800,1
GEO_R06_0928_0544,1
GEO_R06_0096_2304,1
GEO_R06_1728_1856,1
GEO_R06_0256_0608,1
GEO_R06_0800_1568,1
GEO_R06_1152_2208,1
GEO_R06_1088_2336,1
GEO_R06_0224_0224,1
GEO_R06_2304_1056,1
GEO_R06_0416_1888,1
GEO_R06_1920_1184,1
GEO_R06_0320_0384,1
GEO_R06_1152_2272,1
GEO_R06_1760_0896,1
GEO_R06_1920_0544,1
GEO_R06_0512_0032,1
GEO_R06_0256_1920,1
GEO_R06_0992_1536,1
GEO_R06_0448_1888,1
GEO_R06_1472_2304,1
GEO_R06_0480_2368,1
GEO_R06_0096_0448,1
GEO_R06_2144_0320,1
GEO_R06_0768_1696,1
GEO_R06_1856_1888,1
GEO_R06_2272_0256,1
GEO_R06_1216_0864,1
GEO_R06_0096_1088,1
GEO_R06_0352_0448,1
GEO_R06_2304_1888,1
GEO_R06_0448_1536,1
GEO_R06_1408_1984,1
GEO_R06_0768_0064,1
GEO_R06_0032_2368,1
GEO_R06_0608_0128,1
GEO_R06_2176_0416,1
GEO_R06_1472_1984,1
GEO_R06_0704_2336,1
GEO_R06_2080_0992,1
GEO_R06_1184_1376,4
GEO_R06_1120_1312,4
GEO_R06_1280_1280,4
GEO_R06_0608_2336,1
GEO_R06_1664_0352,1
GEO_R06_1216_0352,1
GEO_R06_2176_0800,1
GEO_R06_0352_1376,1
GEO_R06_0128_2240,1
GEO_R06_0320_1248,1
GEO_R06_0064_2080,1
GEO_R06_1984_1856,1
GEO_R06_0704_1696,1
GEO_R06_0512_1888,1
GEO_R06_1440_0192,1
GEO_R06_0064_0128,1
GEO_R06_1472_0320,1
GEO_R06_0224_1952,1
GEO_R06_1920_0896,1
GEO_R06_2176_1696,1
GEO_R06_1952_0640,1
GEO_R06_0096_0512,1
GEO_R06_0992_0480,1
GEO_R06_0128_1856,1
GEO_R06_1408_0000,1
GEO_R06_1120_2080,1
GEO_R06_0864_0256,1
GEO_R06_1120_1984,1
GEO_R06_0544_2080,1
GEO_R06_2080_1984,1
GEO_R06_1120_1664,1
GEO_R06_0448_1312,1
GEO_R06_2304_2304,1
GEO_R06_1312_0704,1
GEO_R06_0352_2304,1
GEO_R06_1312_0896,1
GEO_R06_0544_0384,1
GEO_R06_0416_2016,1
GEO_R06_1696_0448,1
GEO_R06_0032_0736,1
GEO_R06_0192_0544,1
GEO_R06_1856_0800,1
GEO_R06_2176_0608,1
GEO_R06_1792_2048,1
GEO_R06_1568_1920,1
GEO_R06_0032_0640,1
GEO_R06_1024_0032,1
GEO_R06_1600_2368,1
GEO_R06_0128_1632,1
GEO_R06_0896_1952,1
GEO_R06_1824_0032,1
GEO_R06_0320_1504,1
GEO_R06_0992_0928,4
GEO_R06_1952_0672,1
GEO_R06_2304_0672,1
GEO_R06_0608_2144,1
GEO_R06_1056_2112,1
GEO_R06_1824_0736,1
GEO_R06_1120_1920,1
GEO_R06_1184_0416,1
GEO_R06_0768_1440,1
GEO_R06_0512_1920,1
GEO_R06_0448_2144,1
GEO_R06_2112_1696,1
GEO_R06_1216_1792,1
GEO_R06_1856_1344,4
GEO_R06_1120_2240,1
GEO_R06_0768_1024,4
GEO_R06_2272_0832,1
GEO_R06_0448_1088,4
GEO_R06_0064_1440,1
GEO_R06_1024_0512,1
GEO_R06_0480_0704,4
GEO_R06_1824_0064,1
GEO_R06_0448_0512,1
GEO_R06_2144_1696,1
GEO_R06_0960_0352,1
GEO_R06_0352_2112,1
GEO_R06_0032_1952,1
GEO_R06_1952_0224,1
GEO_R06_1952_1856,1
GEO_R06_1568_1696,1
GEO_R06_0032_0768,1
GEO_R06_1888_0768,1
GEO_R06_1216_0480,1
GEO_R06_1376_0224,1
GEO_R06_0320_0480,1
GEO_R06_1888_0288,1
GEO_R06_1792_2208,1
GEO_R06_1280_0000,1
GEO_R06_0288_2304,1
GEO_R06_0288_1632,1
GEO_R06_1184_1856,1
GEO_R06_0576_1568,1
GEO_R06_1312_1248,4
GEO_R06_2048_1920,1
GEO_R06_0064_2368,1
GEO_R06_2112_0352,1
GEO_R06_2240_2208,1
GEO_R06_0672_2272,1
GEO_R06_1280_2048,1
GEO_R06_1216_1376,4
GEO_R06_0448_2112,1
GEO_R06_0480_0064,1
GEO_R06_1312_0832,1
GEO_R06_0128_0800,1
GEO_R06_0096_1632,1
GEO_R06_1760_1888,1
GEO_R06_2208_0288,1
GEO_R06_0480_1984,1
GEO_R06_2272_1632,1
GEO_R06_1184_0544,1
GEO_R06_0288_1152,1
GEO_R06_0448_0256,1
GEO_R06_1792_0384,1
GEO_R06_1568_0224,1
GEO_R06_1376_0640,1
GEO_R06_1344_0832,1
GEO_R06_0992_2368,1
GEO_R06_2240_0416,1
GEO_R06_2112_2048,1
GEO_R06_1984_1248,1
GEO_R06_1664_0896,1
GEO_R06_2112_0576,1
GEO_R06_1024_1888,1
GEO_R06_1344_0320,1
GEO_R06_0608_0160,1
GEO_R06_0096_2112,1
GEO_R06_2176_1024,1
GEO_R06_1856_2112,1
GEO_R06_0160_1408,1
GEO_R06_0832_2240,1
GEO_R06_0128_0480,1
GEO_R06_1440_1312,4
GEO_R06_0320_0896,1
GEO_R06_0928_0352,1
GEO_R06_2048_1984,1
GEO_R06_0192_0320,1
GEO_R06_1280_0192,1
GEO_R06_0512_1696,1
GEO_R06_2144_1216,1
GEO_R06_1440_0096,1
GEO_R06_1888_1888,1
GEO_R06_0128_1088,1
GEO_R06_0352_1408,1
GEO_R06_0576_1056,4
GEO_R06_0320_0800,1
GEO_R06_0640_1984,1
GEO_R06_0128_1824,1
GEO_R06_2240_1408,1
GEO_R06_0928_2048,1
GEO_R06_2112_1856,1
GEO_R06_0288_0704,1
GEO_R06_0640_0736,4
GEO_R06_0672_0864,4
GEO_R06_0096_1664,1
GEO_R06_0064_0992,1
GEO_R06_1472_2208,1
GEO_R06_0096_0896,1
GEO_R06_0480_0480,1
GEO_R06_1920_1536,1
GEO_R06_0192_1408,1
GEO_R06_0640_2112,1
GEO_R06_0960_1536,1
GEO_R06_2272_1600,1
GEO_R06_2304_1312,1
GEO_R06_1984_0992,1
GEO_R06_0256_1120,1
GEO_R06_0128_0160,1
GEO_R06_0544_2208,1
GEO_R06_0896_1312,4
GEO_R06_0288_0128,1
GEO_R06_0480_1824,1
GEO_R06_0672_2240,1
GEO_R06_1952_1760,1
GEO_R06_1440_1984,1
GEO_R06_0096_0096,1
GEO_R06_0800_1088,4
GEO_R06_1696_0384,1
GEO_R06_0608_1664,1
GEO_R06_2112_0608,1
GEO_R06_2016_2016,1
GEO_R06_1440_2048,1
GEO_R06_0928_0256,1
GEO_R06_0256_0992,1
GEO_R06_2016_0192,1
GEO_R06_0288_1056,1
GEO_R06_1536_0576,1
GEO_R06_0544_2336,1
GEO_R06_1920_0640,1
GEO_R06_2016_0512,1
GEO_R06_1920_1568,1
GEO_R06_0832_0992,4
GEO_R06_1856_2080,1
GEO_R06_0640_0032,1
GEO_R06_0640_0640,4
GEO_R06_1952_0064,1
GEO_R06_1888_1856,1
GEO_R06_0512_1120,4
GEO_R06_0832_2016,1
GEO_R06_1536_0640,1
GEO_R06_1408_0384,1
GEO_R06_0608_1600,1
GEO_R06_1568_0800,1
GEO_R06_1344_0064,1
GEO_R06_2176_1664,1
GEO_R06_1248_0256,1
GEO_R06_2240_0800,1
GEO_R06_2272_1472,1
GEO_R06_2304_0000,1
GEO_R06_2016_2368,1
GEO_R06_1120_0160,1
GEO_R06_0064_1504,1
GEO_R06_1312_0192,1
GEO_R06_1408_0800,1
GEO_R06_1504_1888,1
GEO_R06_0032_0256,1
GEO_R06_0192_2176,1
GEO_R06_0768_1824,1
GEO_R06_2112_1760,1
GEO_R06_1824_1760,1
GEO_R06_1568_0064,1
GEO_R06_0480_0448,1
GEO_R06_0800_0096,1
GEO_R06_1024_0928,4
GEO_R06_0160_2304,1
GEO_R06_0992_0384,1
GEO_R06_1664_0448,1
GEO_R06_1952_1792,1
GEO_R06_0768_1984,1
GEO_R06_0800_1376,1
GEO_R06_0192_0672,1
GEO_R06_0448_1920,1
GEO_R06_2048_0128,1
GEO_R06_0128_0736,1
GEO_R06_0160_0448,1
GEO_R06_0608_0288,1
GEO_R06_0096_0736,1
GEO_R06_1952_0864,1
GEO_R06_2272_2176,1
GEO_R06_0064_0576,1
GEO_R06_0352_0800,1
GEO_R06_2304_0032,1
GEO_R06_1696_1920,1
GEO_R06_0192_0384,1
GEO_R06_1280_1248,4
GEO_R06_0736_2112,1
GEO_R06_0448_2208,1
GEO_R06_2080_1088,1
GEO_R06_1440_2080,1
GEO_R06_2144_1760,1
GEO_R06_2080_0000,1
GEO_R06_1760_0416,1
GEO_R06_0768_2176,1
GEO_R06_2016_1920,1
GEO_R06_1184_2080,1
GEO_R06_0160_0480,1
GEO_R06_0512_0384,1
GEO_R06_1824_0128,1
GEO_R06_1696_0672,1
GEO_R06_0384_0256,1
GEO_R06_0896_2368,2
GEO_R06_0096_1856,1
GEO_R06_0704_0000,1
GEO_R06_0000_1536,1
GEO_R06_2176_1088,1
GEO_R06_0384_2144,1
GEO_R06_0416_2272,1
GEO_R06_1824_0768,1
GEO_R06_0096_0128,1
GEO_R06_0992_1856,1
GEO_R06_1664_0768,1
GEO_R06_1280_0768,1
GEO_R06_1536_1952,1
GEO_R06_0416_0096,1
GEO_R06_0928_2016,1
GEO_R06_1472_0640,1
GEO_R06_1760_1952,1
GEO_R06_1056_0992,4
GEO_R06_0960_1728,1
GEO_R06_0800_0224,1
GEO_R06_1152_2176,1
GEO_R06_1504_1824,1
GEO_R06_1600_1952,1
GEO_R06_1056_1408,4
GEO_R06_2080_0128,1
GEO_R06_0320_0000,1
GEO_R06_1568_0000,1
GEO_R06_0704_0832,4
GEO_R06_0576_1120,4
GEO_R06_0416_1664,1
GEO_R06_0192_2368,1
GEO_R06_0864_1760,1
GEO_R06_1120_0480,1
GEO_R06_1440_1152,4
GEO_R06_0576_0960,4
GEO_R06_1408_2016,1
GEO_R06_2240_0096,1
GEO_R06_1472_1920,1
GEO_R06_0384_2240,1
GEO_R06_2208_1088,1
GEO_R06_2208_1888,1
GEO_R06_0832_1312,4
GEO_R06_1696_0928,1
GEO_R06_0224_1600,1
GEO_R06_1600_1632,1
GEO_R06_0160_1920,1
GEO_R06_0192_0512,1
GEO_R06_1920_0864,1
GEO_R06_1024_2336,1
GEO_R06_0000_1216,1
GEO_R06_1056_0160,1
GEO_R06_0896_0128,1
GEO_R06_2016_1472,1
GEO_R06_1088_1568,1
GEO_R06_0256_0160,1
GEO_R06_0256_0416,1
GEO_R06_0096_0992,1
GEO_R06_0960_2336,1
GEO_R06_0288_1568,1
GEO_R06_0384_1472,1
GEO_R06_0928_1792,1
GEO_R06_1056_2240,1
GEO_R06_1920_0928,1
GEO_R06_1920_0480,1
GEO_R06_1984_1088,1
GEO_R06_2144_0960,1
GEO_R06_0128_0224,1
GEO_R06_0544_0256,1
GEO_R06_2176_2368,1
GEO_R06_0320_1856,1
GEO_R06_0672_1600,1
GEO_R06_0576_0416,1
GEO_R06_1792_1952,1
GEO_R06_1952_1504,1
GEO_R06_0416_2080,1
GEO_R06_1344_1344,4
GEO_R06_0000_2016,1
GEO_R06_1728_0000,1
GEO_R06_2176_0960,1
GEO_R06_0544_1120,4
GEO_R06_1568_2240,1
GEO_R06_2336_2368,1
GEO_R06_0224_0704,1
GEO_R06_1440_0800,1
GEO_R06_1600_0608,1
GEO_R06_2304_1504,1
GEO_R06_2240_2176,1
GEO_R06_0512_2272,1
GEO_R06_0736_1792,1
GEO_R06_1184_2176,1
GEO_R06_0096_0032,1
GEO_R06_1440_0160,1
GEO_R06_0032_0608,1
GEO_R06_0576_0352,1
GEO_R06_1376_0064,1
GEO_R06_2112_1664,1
GEO_R06_0288_1792,1
GEO_R06_0928_0320,1
GEO_R06_1472_1184,4
GEO_R06_1504_2016,1
GEO_R06_1760_0960,1
GEO_R06_0192_1792,1
GEO_R06_1760_0608,1
GEO_R06_0864_2368,2
GEO_R06_2272_1056,1
GEO_R06_0096_1920,1
GEO_R06_2336_0256,1
GEO_R06_1152_1888,1
GEO_R06_1600_0736,1
GEO_R06_1952_1088,1
GEO_R06_2048_0160,1
GEO_R06_1184_1248,4
GEO_R06_0000_0256,1
GEO_R06_0128_0960,1
GEO_R06_1536_2368,1
GEO_R06_0992_0992,4
GEO_R06_1568_1024,1
GEO_R06_2208_0896,1
GEO_R06_1632_0672,1
GEO_R06_2112_0128,1
GEO_R06_2080_0800,1
GEO_R06_0768_1632,1
GEO_R06_0896_0384,1
GEO_R06_0704_1408,1
GEO_R06_0576_0704,4
GEO_R06_1440_0320,1
GEO_R06_1664_0128,1
GEO_R06_2176_0768,1
GEO_R06_1024_1248,4
GEO_R06_1984_0000,1
GEO_R06_1472_0128,1
GEO_R06_0960_1920,1
GEO_R06_0448_1760,1
GEO_R06_1888_0800,1
GEO_R06_0000_1632,1
GEO_R06_1792_0832,1
GEO_R06_0672_0736,4
GEO_R06_0992_1472,4
GEO_R06_0064_0320,1
GEO_R06_2208_1280,1
GEO_R06_1184_0160,1
GEO_R06_0192_1920,1
GEO_R06_1312_1888,1
GEO_R06_0544_1536,1
GEO_R06_1280_1632,4
GEO_R06_0928_1760,1
GEO_R06_1376_0544,1
GEO_R06_0224_2112,1
GEO_R06_0128_2080,1
GEO_R06_1696_0992,1
GEO_R06_0000_2272,1
GEO_R06_1216_1888,1
GEO_R06_1280_0416,1
GEO_R06_1888_0448,1
GEO_R06_1728_0704,1
GEO_R06_1888_1600,1
GEO_R06_0480_1248,1
GEO_R06_0960_1088,4
GEO_R06_0192_1216,1
GEO_R06_0512_1536,1
GEO_R06_0128_1408,1
GEO_R06_0384_0128,1
GEO_R06_1120_0000,1
GEO_R06_0864_2272,1
GEO_R06_0000_0320,1
GEO_R06_1184_1952,1
GEO_R06_0384_1728,1
GEO_R06_2016_0480,1
GEO_R06_1504_0672,1
GEO_R06_0128_2208,1
GEO_R06_0896_0768,1
GEO_R06_1568_2272,1
GEO_R06_2176_0128,1
GEO_R06_0032_2016,1
GEO_R06_0672_1504,1
GEO_R06_0224_1216,1
GEO_R06_0000_0352,1
GEO_R06_1408_0192,1
GEO_R06_1760_1664,1
GEO_R06_0736_1824,1
GEO_R06_0960_0736,1
GEO_R06_2272_1664,1
GEO_R06_1536_1632,1
GEO_R06_2304_1376,1
GEO_R06_0864_2208,1
GEO_R06_1952_0128,1
GEO_R06_2176_0064,1
GEO_R06_0096_2336,1
GEO_R06_1760_0928,1
GEO_R06_0480_0096,1
GEO_R06_1344_0704,1
GEO_R06_2080_2272,1
GEO_R06_2336_0736,1
GEO_R06_1280_0704,1
GEO_R06_1888_1088,1
GEO_R06_0160_1984,1
GEO_R06_1632_0384,1
GEO_R06_1888_0960,1
GEO_R06_0896_1248,4
GEO_R06_0608_2240,1
GEO_R06_2080_1664,1
GEO_R06_0768_2336,1
GEO_R06_2208_0704,1
GEO_R06_1056_0000,1
GEO_R06_2144_1920,1
GEO_R06_0864_1568,1
GEO_R06_0384_1504,1
GEO_R06_0128_0448,1
GEO_R06_2272_0096,1
GEO_R06_1600_0544,1
GEO_R06_2144_0032,1
GEO_R06_0736_1568,1
GEO_R06_1056_2336,1
GEO_R06_0832_1664,1
GEO_R06_1312_0160,1
GEO_R06_0384_1760,1
GEO_R06_1760_0512,1
GEO_R06_1024_0192,1
GEO_R06_0352_0128,1
GEO_R06_0160_2272,1
GEO_R06_0000_1408,1
GEO_R06_1856_0320,1
GEO_R06_1152_0480,1
GEO_R06_0160_0384,1
GEO_R06_1184_0128,1
GEO_R06_0800_0160,1
GEO_R06_2208_0512,1
GEO_R06_1376_2112,1
GEO_R06_2272_0608,1
GEO_R06_0832_1536,1
GEO_R06_0032_1056,1
GEO_R06_1984_0096,1
GEO_R06_1600_1984,1
GEO_R06_1088_0640,4
GEO_R06_0000_0960,1
GEO_R06_0928_0096,1
GEO_R06_0736_0928,4
GEO_R06_2080_1056,1
GEO_R06_1056_1344,4
GEO_R06_0320_0992,1
GEO_R06_1312_0000,1
GEO_R06_1280_1536,4
GEO_R06_1728_1536,4
GEO_R06_2112_1920,1
GEO_R06_2208_0768,1
GEO_R06_1792_0608,1
GEO_R06_0512_0128,1
GEO_R06_0672_2144,1
GEO_R06_0896_1760,1
GEO_R06_1312_2048,1
GEO_R06_1920_0768,1
GEO_R06_2304_0896,1
GEO_R06_0064_1120,1
GEO_R06_2144_1088,1
GEO_R06_2080_1152,1
GEO_R06_1056_0512,1
GEO_R06_0000_1344,1
GEO_R06_1312_1952,1
GEO_R06_0288_2112,1
GEO_R06_0480_1952,1
GEO_R06_0064_1920,1
GEO_R06_1280_2272,1
GEO_R06_0064_1760,1
GEO_R06_1472_0192,1
GEO_R06_1568_0512,1
GEO_R06_2240_0960,1
GEO_R06_2112_0064,1
GEO_R06_1472_0480,1
GEO_R06_0512_1632,1
GEO_R06_0256_0800,1
GEO_R06_1664_2048,1
GEO_R06_1056_1440,4
GEO_R06_2048_1952,1
GEO_R06_0256_0928,1
GEO_R06_2336_1440,1
GEO_R06_1152_0640,4
GEO_R06_1280_0352,1
GEO_R06_0416_0448,1
GEO_R06_0192_2144,1
GEO_R06_1088_0160,1
GEO_R06_1952_0608,1
GEO_R06_1344_1408,4
GEO_R06_0128_0672,1
GEO_R06_0480_2144,1
GEO_R06_2144_1952,1
GEO_R06_0064_0800,1
GEO_R06_0128_0704,1
GEO_R06_1152_0256,1
GEO_R06_2240_0672,1
GEO_R06_0096_1248,1
GEO_R06_1920_1792,1
GEO_R06_2176_0320,1
GEO_R06_1920_0512,1
GEO_R06_2304_1856,1
GEO_R06_2240_0704,1
GEO_R06_1408_0736,1
GEO_R06_1408_2176,1
GEO_R06_0288_1728,1
GEO_R06_2144_0160,1
GEO_R06_0256_2336,1
GEO_R06_0128_1920,1
GEO_R06_2048_2048,1
GEO_R06_0512_2208,1
GEO_R06_0032_1888,1
GEO_R06_2272_0000,1
GEO_R06_1152_0512,1
GEO_R06_1408_2208,1
GEO_R06_1472_1728,1
GEO_R06_2048_1824,1
GEO_R06_1376_1984,1
GEO_R06_2080_2176,1
GEO_R06_2080_2336,1
GEO_R06_0480_1312,1
GEO_R06_1984_0384,1
GEO_R06_0096_0544,1
GEO_R06_2336_0032,1
GEO_R06_0288_2144,1
GEO_R06_1056_0224,1
GEO_R06_1536_0544,1
GEO_R06_2304_0608,1
GEO_R06_1024_1280,4
GEO_R06_2304_0960,1
GEO_R06_1184_0480,1
GEO_R06_1504_2176,1
GEO_R06_1600_1088,1
GEO_R06_1056_1024,4
GEO_R06_0672_0352,1
GEO_R06_0064_2048,1
GEO_R06_1248_2112,1
GEO_R06_1408_0416,1
GEO_R06_1984_2336,1
GEO_R06_2112_0544,1
GEO_R06_1184_0064,1
GEO_R06_1600_0832,1
GEO_R06_2272_2048,1
GEO_R06_1056_0352,1
GEO_R06_1184_1760,1
GEO_R06_2112_1344,1
GEO_R06_2144_1056,1
GEO_R06_1824_0416,1
GEO_R06_0448_0192,1
GEO_R06_2144_2368,1
GEO_R06_2144_0736,1
GEO_R06_1568_2080,1
GEO_R06_2112_1728,1
GEO_R06_2048_2112,1
GEO_R06_0896_1888,1
GEO_R06_1888_1568,1
GEO_R06_1696_0608,1
GEO_R06_0032_0224,1
GEO_R06_1952_1248,1
GEO_R06_0448_0416,1
GEO_R06_1984_0576,1
GEO_R06_1248_0032,1
GEO_R06_0096_1024,1
GEO_R06_1760_0032,1
GEO_R06_1792_0192,1
GEO_R06_0032_0448,1
GEO_R06_0768_1312,4
GEO_R06_1984_1472,1
GEO_R06_2144_1664,1
GEO_R06_0704_2144,1
GEO_R06_1760_1824,1
GEO_R06_1312_0608,1
GEO_R06_0288_1984,1
GEO_R06_1760_0832,1
GEO_R06_0416_0128,1
GEO_R06_0960_1888,1
GEO_R06_2112_1824,1
GEO_R06_0352_0832,1
GEO_R06_1216_2304,1
GEO_R06_0416_2240,1
GEO_R06_1280_2176,1
GEO_R06_0992_0032,1
GEO_R06_0800_2272,1
GEO_R06_0704_2048,1
GEO_R06_0544_2304,1
GEO_R06_1600_2144,1
GEO_R06_0160_2368,1
GEO_R06_1152_0416,1
GEO_R06_2240_2304,1
GEO_R06_2144_0480,1
GEO_R06_0192_0128,1
GEO_R06_0448_0960,4
GEO_R06_2272_0896,1
GEO_R06_0832_1568,1
GEO_R06_1248_2016,1
GEO_R06_0032_1696,1
GEO_R06_1792_0064,1
GEO_R06_0064_0896,1
GEO_R06_0320_1536,1
GEO_R06_0128_2112,1
GEO_R06_0800_1312,4
GEO_R06_0384_0096,1
GEO_R06_0768_2080,1
GEO_R06_0160_0224,1
GEO_R06_1600_0480,1
GEO_R06_1280_0128,1
GEO_R06_1920_0192,1
GEO_R06_1536_0704,1
GEO_R06_0672_1568,1
GEO_R06_1472_0800,1
GEO_R06_1280_0896,1
GEO_R06_0096_0000,1
GEO_R06_1824_0608,1
GEO_R06_1920_2368,1
GEO_R06_1664_2176,1
GEO_R06_1568_0832,1
GEO_R06_2080_1344,1
GEO_R06_0608_0416,1
GEO_R06_0512_0288,1
GEO_R06_2336_2336,1
GEO_R06_0288_0608,1
GEO_R06_1280_1824,1
GEO_R06_1440_0128,1
GEO_R06_1312_0032,1
GEO_R06_0192_2336,1
GEO_R06_1152_0128,1
GEO_R06_0288_1024,1
GEO_R06_2336_0160,1
GEO_R06_2336_0992,1
GEO_R06_1696_1888,1
GEO_R06_0608_0256,1
GEO_R06_2048_2272,1
GEO_R06_0608_1408,1
GEO_R06_0576_1440,1
GEO_R06_1792_0256,1
GEO_R06_0544_0160,1
GEO_R06_2240_2016,1
GEO_R06_1952_0512,1
GEO_R06_1216_0288,1
GEO_R06_2208_0736,1
GEO_R06_1664_0480,1
GEO_R06_2208_0864,1
GEO_R06_0032_0832,1
GEO_R06_0224_1728,1
GEO_R06_2144_1984,1
GEO_R06_2240_0480,1
GEO_R06_2336_1984,1
GEO_R06_1408_1536,1
GEO_R06_0416_1984,1
GEO_R06_1984_1728,1
GEO_R06_0544_0704,4
GEO_R06_2240_2048,1
GEO_R06_0800_0000,1
GEO_R06_2016_2304,1
GEO_R06_1664_1920,1
GEO_R06_0096_1376,1
GEO_R06_0192_0864,1
GEO_R06_1568_0288,1
GEO_R06_0256_0256,1
GEO_R06_1696_1568,4
GEO_R06_0320_0832,1
GEO_R06_0096_0160,1
GEO_R06_1408_0288,1
GEO_R06_0160_1600,1
GEO_R06_2272_2336,1
GEO_R06_0032_1440,1
GEO_R06_2336_0608,1
GEO_R06_0320_0768,1
GEO_R06_0160_1664,1
GEO_R06_1088_0512,1
GEO_R06_0352_0416,1
GEO_R06_2208_0320,1
GEO_R06_2016_0704,1
GEO_R06_2240_0928,1
GEO_R06_1952_0832,1
GEO_R06_0256_0896,1
GEO_R06_1632_0896,1
GEO_R06_0416_1760,1
GEO_R06_2080_0224,1
GEO_R06_1344_0256,1
GEO_R06_1984_1216,1
GEO_R06_2048_0512,1
GEO_R06_0128_1760,1
GEO_R06_0480_1056,4
GEO_R06_2112_2240,1
GEO_R06_1024_0288,1
GEO_R06_0192_1248,1
GEO_R06_0448_0544,1
GEO_R06_1472_0384,1
GEO_R06_1056_0480,1
GEO_R06_0736_2208,1
GEO_R06_0960_2112,1
GEO_R06_2272_0288,1
GEO_R06_1248_0160,1
GEO_R06_0224_1152,1
GEO_R06_1312_0064,1
GEO_R06_2336_2272,1
GEO_R06_0128_2304,1
GEO_R06_1376_0864,1
GEO_R06_1024_0256,1
GEO_R06_1664_1824,1
GEO_R06_2176_2240,1
GEO_R06_0800_1536,1
GEO_R06_2208_0256,1
GEO_R06_1056_2304,1
GEO_R06_0096_0320,1
GEO_R06_0768_1888,1
GEO_R06_1696_0576,1
GEO_R06_2208_1792,1
GEO_R06_0192_0096,1
GEO_R06_1472_0096,1
GEO_R06_1248_1248,4
GEO_R06_1504_2336,1
GEO_R06_2080_0576,1
GEO_R06_2272_0352,1
GEO_R06_0768_1664,1
GEO_R06_1760_2080,1
GEO_R06_0000_2112,1
GEO_R06_1728_0288,1
GEO_R06_0064_1888,1
GEO_R06_1856_0832,1
GEO_R06_1888_1760,1
GEO_R06_1216_0704,1
GEO_R06_0704_0064,1
GEO_R06_0864_0736,1
GEO_R06_0704_0352,1
GEO_R06_2144_0640,1
GEO_R06_1440_2368,1
GEO_R06_2176_0896,1
GEO_R06_2112_0096,1
GEO_R06_2336_1696,1
GEO_R06_1472_0224,1
GEO_R06_1792_1728,1
GEO_R06_0736_2048,1
GEO_R06_2240_1920,1
GEO_R06_0704_1504,1
GEO_R06_0096_1568,1
GEO_R06_0224_1984,1
GEO_R06_1664_0864,1
GEO_R06_1120_2272,1
GEO_R06_2272_2080,1
GEO_R06_2336_1856,1
GEO_R06_0032_0992,1
GEO_R06_0352_0672,1
GEO_R06_1472_2112,1
GEO_R06_1056_1824,1
GEO_R06_2144_0192,1
GEO_R06_0928_2272,1
GEO_R06_0640_1888,1
GEO_R06_1696_2336,1
GEO_R06_1376_0000,1
GEO_R06_1728_1920,1
GEO_R06_1024_2112,1
GEO_R06_0576_2080,1
GEO_R06_1472_0512,1
GEO_R06_0672_2208,1
GEO_R06_1856_0704,1
GEO_R06_1536_0032,1
GEO_R06_0224_0736,1
GEO_R06_0544_0096,1
GEO_R06_1664_2208,1
GEO_R06_2016_1504,1
GEO_R06_0000_2304,1
GEO_R06_0928_1664,1
GEO_R06_1248_0416,1
GEO_R06_2048_1312,1
GEO_R06_1280_0736,1
GEO_R06_0896_0064,1
GEO_R06_1440_2112,1
GEO_R06_2272_2144,1
GEO_R06_1184_0192,1
GEO_R06_0192_1088,1
GEO_R06_1824_2080,1
GEO_R06_1696_0416,1
GEO_R06_0256_2016,1
GEO_R06_0576_2208,1
GEO_R06_1632_2080,1
GEO_R06_0512_0160,1
GEO_R06_0960_0480,1
GEO_R06_0544_0960,4
GEO_R06_0864_0128,1
GEO_R06_0864_2240,1
GEO_R06_0896_0352,1
GEO_R06_0992_2176,1
GEO_R06_1952_1920,1
GEO_R06_2208_1056,1
GEO_R06_1632_1952,1
GEO_R06_1056_2272,1
GEO_R06_0864_0032,1
GEO_R06_1408_0608,1
GEO_R06_0960_0256,1
GEO_R06_2272_1088,1
GEO_R06_0192_1440,1
GEO_R06_0800_1696,1
GEO_R06_1600_1664,1
GEO_R06_2176_0672,1
GEO_R06_0704_2080,1
GEO_R06_1408_0352,1
GEO_R06_0000_1760,1
GEO_R06_1664_1184,4
GEO_R06_0512_1472,1
GEO_R06_0864_2176,1
GEO_R06_1376_1952,1
GEO_R06_0288_2336,1
GEO_R06_1088_0256,1
GEO_R06_2240_0256,1
GEO_R06_1824_0832,1
GEO_R06_2016_1184,1
GEO_R06_0736_0064,1
GEO_R06_0672_0256,1
GEO_R06_1952_1024,1
GEO_R06_0384_0224,1
GEO_R06_1376_0288,1
GEO_R06_1536_1920,1
GEO_R06_0032_0416,1
GEO_R06_1280_1984,1
GEO_R06_0640_2016,1
GEO_R06_2112_0384,1
GEO_R06_0608_0320,1
GEO_R06_2240_0352,1
GEO_R06_2080_0096,1
GEO_R06_1376_0672,1
GEO_R06_1568_0352,1
GEO_R06_1984_1056,1
GEO_R06_2080_0192,1
GEO_R06_0512_2336,1
GEO_R06_2080_1600,1
GEO_R06_0224_2144,1
GEO_R06_0448_0160,1
GEO_R06_1824_0256,1
GEO_R06_1248_0768,1
GEO_R06_0224_0448,1
GEO_R06_0832_0224,1
GEO_R06_1856_1056,1
GEO_R06_0896_1536,1
GEO_R06_0192_0960,1
GEO_R06_0544_1280,1
GEO_R06_2176_1792,1
GEO_R06_2080_2112,1
GEO_R06_0928_1984,1
GEO_R06_2272_0736,1
GEO_R06_1664_1248,4
GEO_R06_0128_0640,1
GEO_R06_0672_0384,1
GEO_R06_0320_1632,1
GEO_R06_0544_0320,1
GEO_R06_1216_1728,1
GEO_R06_0544_1728,1
GEO_R06_1504_1344,4
GEO_R06_1056_2176,1
GEO_R06_1856_2048,1
GEO_R06_2304_2048,1
GEO_R06_0960_0544,1
GEO_R06_1856_2304,1
GEO_R06_1760_0672,1
GEO_R06_1088_0320,1
GEO_R06_2304_1728,1
GEO_R06_0064_0448,1
GEO_R06_0224_2272,1
GEO_R06_1152_0096,1
GEO_R06_0704_1664,1
GEO_R06_1952_0992,1
GEO_R06_0800_2080,1
GEO_R06_1568_0032,1
GEO_R06_1888_0224,1
GEO_R06_2144_2272,1
GEO_R06_1216_1120,4
GEO_R06_1248_1952,1
GEO_R06_0064_0736,1
GEO_R06_0288_0896,1
GEO_R06_1920_1984,1
GEO_R06_1696_2272,1
GEO_R06_2240_2368,1
GEO_R06_0672_0064,1
GEO_R06_1920_0576,1
GEO_R06_0768_2112,1
GEO_R06_1792_1792,1
GEO_R06_1408_0448,1
GEO_R06_0544_1984,1
GEO_R06_2304_0544,1
GEO_R06_0224_1120,1
GEO_R06_1440_0608,1
GEO_R06_1888_1664,1
GEO_R06_0096_1280,1
GEO_R06_0608_1984,1
GEO_R06_0896_2080,1
GEO_R06_1632_0256,1
GEO_R06_2048_1728,1
GEO_R06_1696_0352,1
GEO_R06_0064_1056,1
GEO_R06_1600_0864,1
GEO_R06_0032_2080,1
GEO_R06_0032_0896,1
GEO_R06_1920_0000,1
GEO_R06_2240_0512,1
GEO_R06_1248_1920,1
GEO_R06_1248_2336,1
GEO_R06_0576_1856,1
GEO_R06_0288_1696,1
GEO_R06_1120_1120,4
GEO_R06_1696_0640,1
GEO_R06_2176_0224,1
GEO_R06_2016_0224,1
GEO_R06_0224_1760,1
GEO_R06_0032_0064,1
GEO_R06_2144_0448,1
GEO_R06_1472_0960,1
GEO_R06_1248_0128,1
GEO_R06_2112_1056,1
GEO_R06_0384_0320,1
GEO_R06_1792_0000,1
GEO_R06_0064_1728,1
GEO_R06_1504_2272,1
GEO_R06_1440_0768,1
GEO_R06_1472_1344,4
GEO_R06_0672_0608,4
GEO_R06_1984_1120,1
GEO_R06_0416_1792,1
GEO_R06_2080_0352,1
GEO_R06_0224_1632,1
GEO_R06_2304_0736,1
GEO_R06_1472_2016,1
GEO_R06_1952_2368,1
GEO_R06_1248_0704,1
GEO_R06_0864_0000,1
GEO_R06_1632_2336,1
GEO_R06_0032_0960,1
GEO_R06_0128_0416,1
GEO_R06_1856_0448,1
GEO_R06_0128_0928,1
GEO_R06_1184_2016,1
GEO_R06_1440_1600,1
GEO_R06_0160_0896,1
GEO_R06_0640_0896,4
GEO_R06_2112_1632,1
GEO_R06_1856_1984,1
GEO_R06_0352_0000,1
GEO_R06_1920_0704,1
GEO_R06_0352_1728,1
GEO_R06_2208_2080,1
GEO_R06_1728_1728,1
GEO_R06_0480_0000,1
GEO_R06_1728_2304,1
GEO_R06_1216_0096,1
GEO_R06_2336_0800,1
GEO_R06_2240_0544,1
GEO_R06_2048_0288,1
GEO_R06_2208_0992,1
GEO_R06_1152_0544,1
GEO_R06_2048_1568,1
GEO_R06_1056_0448,1
GEO_R06_1984_1632,1
GEO_R06_0160_0608,1
GEO_R06_0480_1600,1
GEO_R06_1696_0864,1
GEO_R06_2208_2176,1
GEO_R06_1632_1184,4
GEO_R06_0640_1056,4
GEO_R06_0960_0000,1
GEO_R06_1056_1280,4
GEO_R06_0704_1760,1
GEO_R06_0160_0928,1
GEO_R06_2304_0384,1
GEO_R06_0640_0416,1
GEO_R06_0704_0960,4
GEO_R06_0192_0896,1
GEO_R06_2240_2144,1
GEO_R06_0256_0672,1
GEO_R06_0512_2112,1
GEO_R06_1504_1792,1
GEO_R06_0640_1920,1
GEO_R06_1312_1536,4
GEO_R06_1152_1952,1
GEO_R06_0224_2208,1
GEO_R06_0896_2112,1
GEO_R06_0928_0768,1
GEO_R06_0224_0192,1
GEO_R06_1344_1248,4
GEO_R06_0480_0288,1
GEO_R06_0224_0096,1
GEO_R06_0672_1696,1
GEO_R06_0672_1728,1
GEO_R06_0992_1024,4
GEO_R06_1920_0448,1
GEO_R06_1504_0928,1
GEO_R06_1120_2112,1
GEO_R06_1792_0224,1
GEO_R06_0384_1952,1
GEO_R06_0640_1632,1
GEO_R06_1728_0576,1
GEO_R06_1088_1600,1
GEO_R06_0352_0352,1
GEO_R06_1824_0288,1
GEO_R06_0224_1184,1
GEO_R06_1376_2208,1
GEO_R06_2144_1280,1
GEO_R06_0000_0672,1
GEO_R06_1760_2048,1
GEO_R06_0384_1920,1
GEO_R06_0288_1952,1
GEO_R06_0256_1088,1
GEO_R06_0032_1376,1
GEO_R06_0544_2144,1
GEO_R06_1472_1856,1
GEO_R06_1440_1920,1
GEO_R06_1056_2208,1
GEO_R06_2144_0416,1
GEO_R06_0288_0416,1
GEO_R06_1440_2176,1
GEO_R06_0000_2368,1
GEO_R06_1952_1952,1
GEO_R06_0416_0000,1
GEO_R06_0064_1600,1
GEO_R06_1184_0608,4
GEO_R06_1664_1888,1
GEO_R06_2336_0928,1
GEO_R06_0736_1152,4
GEO_R06_1376_0896,1
GEO_R06_2176_0352,1
GEO_R06_1696_0224,1
GEO_R06_2112_2336,1
GEO_R06_0960_2048,1
GEO_R06_0000_2336,1
GEO_R06_1120_0096,1
GEO_R06_0800_0064,1
GEO_R06_2048_1248,1
GEO_R06_2336_1632,1
GEO_R06_0288_0832,1
GEO_R06_0224_1056,1
GEO_R06_0128_1792,1
GEO_R06_1632_1920,1
GEO_R06_1440_2208,1
GEO_R06_0224_1440,1
GEO_R06_0064_1184,1
GEO_R06_0192_1984,1
GEO_R06_0352_1568,1
GEO_R06_0192_1280,1
GEO_R06_0320_0416,1
GEO_R06_0736_1888,1
GEO_R06_0160_1280,1
GEO_R06_1696_0736,1
GEO_R06_1504_1696,1
GEO_R06_2272_0384,1
GEO_R06_0480_2048,1
GEO_R06_1056_1312,4
GEO_R06_0512_0416,1
GEO_R06_2080_1856,1
GEO_R06_1184_1888,1
GEO_R06_0800_0352,1
GEO_R06_0672_1536,1
GEO_R06_0000_1856,1
GEO_R06_0928_0512,1
GEO_R06_0064_0352,1
GEO_R06_0576_0672,4
GEO_R06_1472_2176,1
GEO_R06_0192_2304,1
GEO_R06_0000_0096,1
GEO_R06_1952_0928,1
GEO_R06_0192_1664,1
GEO_R06_1920_0032,1
GEO_R06_1472_0576,1
GEO_R06_1248_1824,1
GEO_R06_1344_1920,1
GEO_R06_0288_0192,1
GEO_R06_2016_0864,1
GEO_R06_0672_0576,4
GEO_R06_1824_0448,1
GEO_R06_1472_2048,1
GEO_R06_0352_2176,1
GEO_R06_0480_0192,1
GEO_R06_1952_2336,1
GEO_R06_2080_2208,1
GEO_R06_1888_0160,1
GEO_R06_0320_1952,1
GEO_R06_2336_1376,1
GEO_R06_0256_0960,1
GEO_R06_2208_2112,1
GEO_R06_1312_2112,1
GEO_R06_0672_1792,1
GEO_R06_1536_1792,1
GEO_R06_2176_0192,1
GEO_R06_1216_1824,1
GEO_R06_1696_2176,1
GEO_R06_1632_0000,1
GEO_R06_2272_1376,1
GEO_R06_2336_1280,1
GEO_R06_1920_1024,1
GEO_R06_0064_0160,1
GEO_R06_1280_2144,1
GEO_R06_0416_0224,1
GEO_R06_1536_0256,1
GEO_R06_1696_0288,1
GEO_R06_2016_0928,1
GEO_R06_0992_0416,1
GEO_R06_0480_1472,1
GEO_R06_1824_0928,1
GEO_R06_1408_0864,1
GEO_R06_0928_0160,1
GEO_R06_0288_2048,1
GEO_R06_2112_0896,1
GEO_R06_1280_0320,1
GEO_R06_0640_0224,1
GEO_R06_0352_1632,1
GEO_R06_0320_2112,1
GEO_R06_1248_0448,1
GEO_R06_1280_1344,4
GEO_R06_0320_1440,1
GEO_R06_0672_1888,1
GEO_R06_0544_2368,1
GEO_R06_0704_1792,1
GEO_R06_2048_2240,1
GEO_R06_2176_1984,1
GEO_R06_1408_0032,1
GEO_R06_0128_2368,1
GEO_R06_1920_1920,1
GEO_R06_0480_2272,1
GEO_R06_2016_0128,1
GEO_R06_1472_2144,1
GEO_R06_1472_0448,1
GEO_R06_1120_0128,1
GEO_R06_2048_1152,1
GEO_R06_0128_1888,1
GEO_R06_0416_1120,4
GEO_R06_2304_2016,1
GEO_R06_0736_1184,4
GEO_R06_0160_2080,1
GEO_R06_0800_0288,1
GEO_R06_0416_2368,1
GEO_R06_0256_1568,1
GEO_R06_2272_0640,1
GEO_R06_2336_0832,1
GEO_R06_1120_1952,1
GEO_R06_1984_0736,1
GEO_R06_2144_1856,1
GEO_R06_0832_2144,1
GEO_R06_0832_1856,1
GEO_R06_1888_2016,1
GEO_R06_1344_0608,1
GEO_R06_1056_1664,1
GEO_R06_1728_0448,1
GEO_R06_0544_2176,1
GEO_R06_1248_0672,1
GEO_R06_0448_2336,1
GEO_R06_0608_1824,1
GEO_R06_0192_1536,1
GEO_R06_0768_1728,1
GEO_R06_1664_2304,1
GEO_R06_0896_0544,1
GEO_R06_0544_1696,1
GEO_R06_0032_2112,1
GEO_R06_1728_0672,1
GEO_R06_2304_1440,1
GEO_R06_0576_2048,1
GEO_R06_0416_2336,1
GEO_R06_1408_1376,4
GEO_R06_1088_0192,1
GEO_R06_1888_1920,1
GEO_R06_1376_0384,1
GEO_R06_2016_1088,1
GEO_R06_1600_1792,1
GEO_R06_0064_0928,1
GEO_R06_1696_0768,1
GEO_R06_0448_1792,1
GEO_R06_0320_0256,1
GEO_R06_0960_0576,1
GEO_R06_0992_0256,1
GEO_R06_0512_1792,1
GEO_R06_0576_2272,1
GEO_R06_2176_2112,1
GEO_R06_0736_1664,1
GEO_R06_2112_1792,1
GEO_R06_1152_2016,1
GEO_R06_0800_2016,1
GEO_R06_1696_1824,1
GEO_R06_2144_1248,1
GEO_R06_1952_0544,1
GEO_R06_1760_0576,1
GEO_R06_1408_0320,1
GEO_R06_2016_1536,1
GEO_R06_2144_1120,1
GEO_R06_0288_1664,1
GEO_R06_2080_1568,1
GEO_R06_0768_0320,1
GEO_R06_0864_2048,1
GEO_R06_0928_0736,1
GEO_R06_0160_1184,1
GEO_R06_0000_0896,1
GEO_R06_0160_2208,1
GEO_R06_0384_0544,1
GEO_R06_2304_2240,1
GEO_R06_2112_0416,1
GEO_R06_2336_2176,1
GEO_R06_1568_0256,1
GEO_R06_1760_2144,1
GEO_R06_0128_0032,1
GEO_R06_1056_0096,1
GEO_R06_0576_0096,1
GEO_R06_0896_0224,1
GEO_R06_1504_0192,1
GEO_R06_1792_0160,1
GEO_R06_1504_1184,4
GEO_R06_0160_0576,1
GEO_R06_2240_1984,1
GEO_R06_2048_1184,1
GEO_R06_2336_0000,1
GEO_R06_1856_1824,1
GEO_R06_0128_0832,1
GEO_R06_1408_1856,1
GEO_R06_1696_1728,1
GEO_R06_0096_1792,1
GEO_R06_0544_1664,1
GEO_R06_0128_1664,1
GEO_R06_0576_1824,1
GEO_R06_1248_2080,1
GEO_R06_0800_1728,1
GEO_R06_0160_0128,1
GEO_R06_0000_0640,1
GEO_R06_0480_1536,1
GEO_R06_2208_0160,1
GEO_R06_2336_0480,1
GEO_R06_0352_1792,1
GEO_R06_0128_0864,1
GEO_R06_0640_0288,1
GEO_R06_1024_0224,1
GEO_R06_2016_0096,1
GEO_R06_0768_2208,1
GEO_R06_0224_2016,1
GEO_R06_0960_0512,1
GEO_R06_2272_1440,1
GEO_R06_1088_1632,1
GEO_R06_0864_0384,1
GEO_R06_0704_2016,1
GEO_R06_1792_0352,1
GEO_R06_2048_1760,1
GEO_R06_1408_0704,1
GEO_R06_0160_0192,1
GEO_R06_0576_1216,4
GEO_R06_0544_0128,1
GEO_R06_1440_0256,1
GEO_R06_0320_1696,1
GEO_R06_0448_0288,1
GEO_R06_0960_0096,1
GEO_R06_0896_2240,1
GEO_R06_2112_0992,1
GEO_R06_0160_1632,1
GEO_R06_1568_1824,1
GEO_R06_2272_1184,1
GEO_R06_1824_2112,1
GEO_R06_0224_0960,1
GEO_R06_1536_1696,1
GEO_R06_0704_1888,1
GEO_R06_0224_0352,1
GEO_R06_1120_0576,1
GEO_R06_1408_1440,4
GEO_R06_0192_0768,1
GEO_R06_1536_0960,1
GEO_R06_0224_0768,1
GEO_R06_0384_0032,1
GEO_R06_1984_2304,1
GEO_R06_1312_1312,4
GEO_R06_1312_0736,1
GEO_R06_2112_1472,1
GEO_R06_0288_0448,1
GEO_R06_1280_2080,1
GEO_R06_0000_0992,1
GEO_R06_0288_0032,1
GEO_R06_0000_0512,1
GEO_R06_0448_0352,1
GEO_R06_0384_0000,1
GEO_R06_1024_0320,1
GEO_R06_1632_2272,1
GEO_R06_0320_0512,1
GEO_R06_0128_1152,1
GEO_R06_2208_0352,1
GEO_R06_0096_0480,1
GEO_R06_0128_1600,1
GEO_R06_0640_1952,1
GEO_R06_0256_0000,1
GEO_R06_1856_1856,1
GEO_R06_0800_1984,1
GEO_R06_0320_0864,1
GEO_R06_2240_1056,1
GEO_R06_2176_0544,1
GEO_R06_0288_0736,1
GEO_R06_0960_2144,1
GEO_R06_2336_2304,1
GEO_R06_0512_2368,1
GEO_R06_1408_0512,1
GEO_R06_0096_1440,1
GEO_R06_1024_0128,1
GEO_R06_0032_1600,1
GEO_R06_1440_0672,1
GEO_R06_1696_0032,1
GEO_R06_1216_0064,1
GEO_R06_1728_0320,1
GEO_R06_0800_1760,1
GEO_R06_0192_0704,1
GEO_R06_2208_1600,1
GEO_R06_1536_0672,1
GEO_R06_1120_0032,1
GEO_R06_0384_1312,1
GEO_R06_2080_0768,1
GEO_R06_0128_1504,1
GEO_R06_1824_2368,1
GEO_R06_1472_1952,1
GEO_R06_2336_2080,1
GEO_R06_2240_1792,1
GEO_R06_1600_1024,1
GEO_R06_2112_1408,1
GEO_R06_1920_1632,1
GEO_R06_0256_2112,1
GEO_R06_2176_0480,1
GEO_R06_2176_2048,1
GEO_R06_2176_0288,1
GEO_R06_1056_0032,1
GEO_R06_0192_0576,1
GEO_R06_0832_0288,1
GEO_R06_0736_1408,1
GEO_R06_1472_0288,1
GEO_R06_0288_1888,1
GEO_R06_1440_1568,1
GEO_R06_0288_0320,1
GEO_R06_1952_1696,1
GEO_R06_2304_0832,1
GEO_R06_1248_1280,4
GEO_R06_0800_0416,1
GEO_R06_2272_0576,1
GEO_R06_0768_1792,1
GEO_R06_0224_0864,1
GEO_R06_0736_0896,4
GEO_R06_0416_1216,1
GEO_R06_1472_0608,1
GEO_R06_2272_1984,1
GEO_R06_2144_1312,1
GEO_R06_1376_0160,1
GEO_R06_1728_2112,1
GEO_R06_1504_2304,1
GEO_R06_1920_2048,1
GEO_R06_0864_1632,1
GEO_R06_2240_1952,1
GEO_R06_2048_0928,1
GEO_R06_1792_0544,1
GEO_R06_1856_1952,1
GEO_R06_0032_2176,1
GEO_R06_0256_1632,1
GEO_R06_1504_0704,1
GEO_R06_2048_2176,1
GEO_R06_2272_1888,1
GEO_R06_0640_1568,1
GEO_R06_0416_1568,1
GEO_R06_0160_0320,1
GEO_R06_0864_1728,1
GEO_R06_0352_1824,1
GEO_R06_0096_2368,1
GEO_R06_1792_0096,1
GEO_R06_0256_1600,1
GEO_R06_1888_0896,1
GEO_R06_0384_0064,1
GEO_R06_0288_0384,1
GEO_R06_1088_2176,1
GEO_R06_0992_1888,1
GEO_R06_0000_1376,1
GEO_R06_2144_0544,1
GEO_R06_1760_0160,1
GEO_R06_1728_0992,1
GEO_R06_2336_1568,1
GEO_R06_1920_0128,1
GEO_R06_2080_1952,1
GEO_R06_0064_1088,1
GEO_R06_2144_1376,1
GEO_R06_1856_0928,1
GEO_R06_0096_1184,1
GEO_R06_1696_0192,1
GEO_R06_1184_0320,1
GEO_R06_0608_1440,1
GEO_R06_0576_0288,1
GEO_R06_1248_0384,1
GEO_R06_1376_0736,1
GEO_R06_0800_0032,1
GEO_R06_0256_1952,1
GEO_R06_0064_0768,1
GEO_R06_2176_1568,1
GEO_R06_0576_0320,1
GEO_R06_1152_2144,1
GEO_R06_1056_1984,1
GEO_R06_0384_0352,1
GEO_R06_2304_0416,1
GEO_R06_0768_1856,1
GEO_R06_0256_2272,1
GEO_R06_1120_0416,1
GEO_R06_1760_0320,1
GEO_R06_2208_1664,1
GEO_R06_0352_1920,1
GEO_R06_0128_0288,1
GEO_R06_2080_0832,1
GEO_R06_1632_1728,1
GEO_R06_0992_0000,1
GEO_R06_0160_1024,1
GEO_R06_1856_1792,1
GEO_R06_0736_1856,1
GEO_R06_0224_1856,1
GEO_R06_1344_0416,1
GEO_R06_0416_0352,1
GEO_R06_1792_2272,1
GEO_R06_1440_0512,1
GEO_R06_1728_0096,1
GEO_R06_1216_2336,1
GEO_R06_1024_1632,1
GEO_R06_1280_0096,1
GEO_R06_0128_1440,1
GEO_R06_2240_0576,1
GEO_R06_1888_0128,1
GEO_R06_1024_0960,4
GEO_R06_0672_0672,4
GEO_R06_1920_0832,1
GEO_R06_1472_0896,1
GEO_R06_2080_1824,1
GEO_R06_0192_0736,1
GEO_R06_0064_2272,1
GEO_R06_2336_0512,1
GEO_R06_1888_0992,1
GEO_R06_1888_0576,1
GEO_R06_0064_2304,1
GEO_R06_0992_0096,1
GEO_R06_0096_1536,1
GEO_R06_1632_0096,1
GEO_R06_0768_0160,1
GEO_R06_2304_1696,1
GEO_R06_2336_0672,1
GEO_R06_1440_0864,1
GEO_R06_1984_0128,1
GEO_R06_0032_1632,1
GEO_R06_1600_2112,1
GEO_R06_0672_2016,1
GEO_R06_1792_1024,1
GEO_R06_0864_1504,1
GEO_R06_0448_0480,1
GEO_R06_1088_2048,1
GEO_R06_2080_1280,1
GEO_R06_0608_2208,1
GEO_R06_0800_0384,1
GEO_R06_0384_0480,1
GEO_R06_2336_1120,1
GEO_R06_2112_0224,1
GEO_R06_0768_1120,4
GEO_R06_1792_1920,1
GEO_R06_0704_1920,1
GEO_R06_1184_0384,1
GEO_R06_2176_0160,1
GEO_R06_1120_0448,1
GEO_R06_0800_1280,4
GEO_R06_1216_2048,1
GEO_R06_0352_0256,1
GEO_R06_1696_0160,1
GEO_R06_2080_0064,1
GEO_R06_2048_0992,1
GEO_R06_1952_1600,1
GEO_R06_0768_0032,1
GEO_R06_2080_0416,1
GEO_R06_0032_1824,1
GEO_R06_1760_2304,1
GEO_R06_2240_1696,1
GEO_R06_0192_1696,1
GEO_R06_1664_1056,1
GEO_R06_0192_0992,1
GEO_R06_1440_0224,1
GEO_R06_1504_0064,1
GEO_R06_2048_0000,1
GEO_R06_1248_2208,1
GEO_R06_0832_1408,1
GEO_R06_0512_2240,1
GEO_R06_0000_0000,1
GEO_R06_0960_2272,1
GEO_R06_2176_2208,1
GEO_R06_2272_0480,1
GEO_R06_1984_1792,1
GEO_R06_2016_2176,1
GEO_R06_0032_0320,1
GEO_R06_1824_2304,1
GEO_R06_1984_0640,1
GEO_R06_2240_2112,1
GEO_R06_2176_0640,1
GEO_R06_2016_0608,1
GEO_R06_1056_2080,1
GEO_R06_0960_2240,1
GEO_R06_2240_0640,1
GEO_R06_1472_0672,1
GEO_R06_0384_0384,1
GEO_R06_0672_0544,4
GEO_R06_1376_1376,4
GEO_R06_1344_2240,1
GEO_R06_0256_1504,1
GEO_R06_2016_0160,1
GEO_R06_2176_0384,1
GEO_R06_0320_2368,1
GEO_R06_1152_1920,1
GEO_R06_0352_1216,1
GEO_R06_1952_1824,1
GEO_R06_2048_0576,1
GEO_R06_0480_0128,1
GEO_R06_2336_1792,1
GEO_R06_1792_2144,1
GEO_R06_1312_2240,1
GEO_R06_1216_0256,1
GEO_R06_0544_0032,1
GEO_R06_1184_0512,1
GEO_R06_1952_0576,1
GEO_R06_1312_2304,1
GEO_R06_0896_0672,1
GEO_R06_1344_0000,1
GEO_R06_0256_1248,1
GEO_R06_0768_1504,1
GEO_R06_1920_0288,1
GEO_R06_0576_0736,4
GEO_R06_0512_1984,1
GEO_R06_0064_0000,1
GEO_R06_0512_1600,1
GEO_R06_1408_0128,1
GEO_R06_1056_0320,1
GEO_R06_2144_0896,1
GEO_R06_1536_0064,1
GEO_R06_1344_1728,1
GEO_R06_1056_0576,1
GEO_R06_1696_2368,1
GEO_R06_0736_1120,4
GEO_R06_1664_0576,1
GEO_R06_1792_0448,1
GEO_R06_1728_0640,1
GEO_R06_1280_2112,1
GEO_R06_2176_0832,1
GEO_R06_1760_0352,1
GEO_R06_0128_0192,1
GEO_R06_0000_2240,1
GEO_R06_0832_1952,1
GEO_R06_0640_0608,4
GEO_R06_0448_1504,1
GEO_R06_0736_1920,1
GEO_R06_1792_0416,1
GEO_R06_2336_0288,1
GEO_R06_2112_1120,1
GEO_R06_1920_1664,1
GEO_R06_0096_2016,1
GEO_R06_1888_0704,1
GEO_R06_0608_2272,1
GEO_R06_1344_1184,4
GEO_R06_0512_2304,1
GEO_R06_0576_2112,1
GEO_R06_0864_0416,1
GEO_R06_0928_0576,1
GEO_R06_2208_0800,1
GEO_R06_0224_2368,1
GEO_R06_1088_1280,4
GEO_R06_1632_0352,1
GEO_R06_1696_1952,1
GEO_R06_1696_2240,1
GEO_R06_0544_1888,1
GEO_R06_0352_1760,1
GEO_R06_1408_1568,1
GEO_R06_0640_2144,1
GEO_R06_1216_1248,4
GEO_R06_2336_1920,1
GEO_R06_0000_1056,1
GEO_R06_0704_1600,1
GEO_R06_0704_0608,4
GEO_R06_1376_2016,1
GEO_R06_1824_0864,1
GEO_R06_1952_1216,1
GEO_R06_1504_0576,1
GEO_R06_1376_0480,1
GEO_R06_0096_1504,1
GEO_R06_0992_1952,1
GEO_R06_1856_0096,1
GEO_R06_0160_1952,1
GEO_R06_1856_0224,1
GEO_R06_1920_2304,1
GEO_R06_2176_1248,1
GEO_R06_1856_2016,1
GEO_R06_0384_2208,1
GEO_R06_0608_1888,1
GEO_R06_2048_2016,1
GEO_R06_1408_2048,1
GEO_R06_0608_2080,1
GEO_R06_2176_2176,1
GEO_R06_1472_0000,1
GEO_R06_1696_0000,1
GEO_R06_0736_0288,1
GEO_R06_1920_0608,1
GEO_R06_1632_1056,1
GEO_R06_0192_1728,1
GEO_R06_2016_1760,1
GEO_R06_0768_2016,1
GEO_R06_0512_0672,4
GEO_R06_0608_0992,4
GEO_R06_0576_2016,1
GEO_R06_0896_2304,1
GEO_R06_0160_0672,1
GEO_R06_0832_0096,1
GEO_R06_0096_0224,1
GEO_R06_0608_0032,1
GEO_R06_2112_0672,1
GEO_R06_2272_1696,1
GEO_R06_0928_0640,1
GEO_R06_2240_1344,1
GEO_R06_0288_0000,1
GEO_R06_1600_1920,1
GEO_R06_0768_0096,1
GEO_R06_0320_2208,1
GEO_R06_1504_1952,1
GEO_R06_1792_1984,1
GEO_R06_0672_0928,4
GEO_R06_0352_0288,1
GEO_R06_1696_2304,1
GEO_R06_2176_2144,1
GEO_R06_2336_0576,1
GEO_R06_2144_1472,1
GEO_R06_0192_0640,1
GEO_R06_0000_0064,1
GEO_R06_2208_2304,1
GEO_R06_1984_0768,1
GEO_R06_0960_1824,1
GEO_R06_1248_0192,1
GEO_R06_0448_0064,1
GEO_R07_2336_2336,3
GEO_R07_2336_2272,3
GEO_R07_2272_2336,3
GEO_R07_2272_2304,3
GEO_R07_2368_2272,3
GEO_R07_2368_2304,3
GEO_R07_2336_2304,3
GEO_R07_2368_2336,3
GEO_R07_2304_2336,3
GEO_R07_2208_2368,3
GEO_R07_2304_2304,3
GEO_R07_1984_2368,3
GEO_R08_2400_0768,0
GEO_R08_0256_1664,0
GEO_R08_0576_1696,4
GEO_R08_0288_2368,5
GEO_R08_2048_0160,0
GEO_R08_1952_0448,0
GEO_R08_1280_2368,3
GEO_R08_1856_0384,0
GEO_R08_1248_1408,4
GEO_R08_0224_2368,5
GEO_R08_1888_0096,0
GEO_R08_2144_2240,3
GEO_R08_2048_2368,0
GEO_R08_0256_0544,3
GEO_R08_0480_2304,3
GEO_R08_0992_1280,0
GEO_R08_0576_2304,3
GEO_R08_1984_2400,0
GEO_R08_0160_2208,3
GEO_R08_0096_2400,3
GEO_R08_0800_1440,0
GEO_R08_0768_1472,0
GEO_R08_2240_0960,0
GEO_R08_0896_0544,0
GEO_R08_2144_1632,3
GEO_R08_1216_1056,4
GEO_R08_0672_1952,3
GEO_R08_0256_2048,3
GEO_R08_1152_1216,4
GEO_R08_1248_1184,4
GEO_R08_1728_1184,0
GEO_R08_1280_2400,3
GEO_R08_0288_1696,0
GEO_R08_2304_0256,0
GEO_R08_0128_0736,3
GEO_R08_0032_1792,0
GEO_R08_1952_1312,0
GEO_R08_2176_1664,3
GEO_R08_0960_0992,4
GEO_R08_1632_0256,0
GEO_R08_2048_0352,0
GEO_R08_1760_1120,0
GEO_R08_0576_2240,3
GEO_R08_2304_1632,3
GEO_R08_1024_1184,4
GEO_R08_1088_0352,4
GEO_R08_1344_1408,4
GEO_R08_0032_1248,0
GEO_R08_2304_0512,0
GEO_R08_1920_0288,0
GEO_R08_0128_2240,3
GEO_R08_1664_2336,0
GEO_R08_0608_1952,3
GEO_R08_1056_0864,4
GEO_R08_1920_2336,0
GEO_R08_0640_0992,4
GEO_R08_1984_1216,0
GEO_R08_2240_0320,0
GEO_R08_2240_2304,0
GEO_R08_2080_0224,0
GEO_R08_0928_2016,3
GEO_R08_0000_1856,0
GEO_R08_1536_0608,0
GEO_R08_2048_0288,0
GEO_R08_1536_1920,0
GEO_R08_1760_0096,0
GEO_R08_2080_0288,0
GEO_R08_2336_2112,0
GEO_R08_1888_1024,0
GEO_R08_1408_0288,0
GEO_R08_0704_1024,4
GEO_R08_2176_2336,0
GEO_R08_1152_1024,4
GEO_R08_1984_1280,0
GEO_R08_1312_1440,4
GEO_R08_2080_2176,3
GEO_R08_1952_2368,0
GEO_R08_1824_0128,0
GEO_R08_0640_1216,4
GEO_R08_1920_1088,0
GEO_R08_1408_0320,0
GEO_R08_1728_1376,0
GEO_R08_2112_1184,0
GEO_R08_2080_0192,0
GEO_R08_0352_1632,0
GEO_R08_0480_2080,3
GEO_R08_2304_2304,3
GEO_R08_1600_0544,0
GEO_R08_0768_1376,0
GEO_R08_1856_0128,0
GEO_R08_0576_1024,4
GEO_R08_2368_1568,3
GEO_R08_2016_0128,0
GEO_R08_1056_1056,4
GEO_R08_0192_0992,0
GEO_R08_0128_0928,0
GEO_R08_1280_1152,4
GEO_R08_0288_1120,2
GEO_R08_1248_1376,4
GEO_R08_2304_2336,3
GEO_R08_2048_1408,3
GEO_R08_2368_1760,0
GEO_R08_1920_0128,0
GEO_R08_1664_0256,0
GEO_R08_1152_1408,4
GEO_R08_0832_0736,0
GEO_R08_0480_2336,3
GEO_R08_0608_1024,4
GEO_R08_2176_1952,0
GEO_R08_2240_2400,0
GEO_R08_1824_1344,0
GEO_R08_2080_1120,0
GEO_R08_0064_2048,3
GEO_R08_1824_0000,0
GEO_R08_0256_2336,5
GEO_R08_1120_0992,4
GEO_R08_1824_0288,0
GEO_R08_2112_0384,0
GEO_R08_0416_0704,3
GEO_R08_2368_0480,0
GEO_R08_1024_2368,4
GEO_R08_0960_2080,3
GEO_R08_1856_1312,0
GEO_R08_1216_1152,4
GEO_R08_1088_0896,4
GEO_R08_2208_0928,0
GEO_R08_0608_1344,4
GEO_R08_1312_1344,4
GEO_R08_0704_1088,4
GEO_R08_0896_1344,0
GEO_R08_1728_1216,0
GEO_R08_0608_1088,4
GEO_R08_1600_1920,0
GEO_R08_0000_1568,3
GEO_R08_2048_1248,0
GEO_R08_2208_1728,3
GEO_R08_1952_0000,0
GEO_R08_0960_2176,3
GEO_R08_2208_2400,0
GEO_R08_1856_0352,0
GEO_R08_1792_0160,0
GEO_R08_0224_0448,4
GEO_R08_2048_1376,3
GEO_R08_1120_2080,4
GEO_R08_2272_0448,0
GEO_R08_2368_1088,0
GEO_R08_0096_0768,3
GEO_R08_0160_2400,3
GEO_R08_1696_1920,0
GEO_R08_1824_1152,0
GEO_R08_0608_1888,3
GEO_R08_0352_1664,0
GEO_R08_2208_1056,0
GEO_R08_1152_2336,3
GEO_R08_1024_1024,4
GEO_R08_0992_2112,3
GEO_R08_0256_2368,5
GEO_R08_0640_1920,3
GEO_R08_1856_0448,0
GEO_R08_1216_1472,4
GEO_R08_0544_2272,3
GEO_R08_2304_0576,0
GEO_R08_2048_0448,0
GEO_R08_1728_1152,0
GEO_R08_0704_1952,3
GEO_R08_2208_0256,0
GEO_R08_1152_1376,4
GEO_R08_0320_1600,0
GEO_R08_1952_1280,0
GEO_R08_2304_1760,0
GEO_R08_1952_1216,0
GEO_R08_0544_2336,3
GEO_R08_1984_0096,0
GEO_R08_1984_1472,4
GEO_R08_1152_2400,3
GEO_R08_0160_0672,3
GEO_R08_1920_0960,0
GEO_R08_0832_1376,0
GEO_R08_2176_0512,0
GEO_R08_1728_1248,0
GEO_R08_2400_0864,0
GEO_R08_1632_2016,0
GEO_R08_1984_2272,0
GEO_R08_2304_1120,0
GEO_R08_2112_0224,0
GEO_R08_0320_1664,0
GEO_R08_2048_1312,0
GEO_R08_2336_1056,0
GEO_R08_2400_1888,0
GEO_R08_0192_1728,0
GEO_R08_1664_0416,0
GEO_R08_0288_2304,5
GEO_R08_2336_0480,0
GEO_R08_0128_1728,0
GEO_R08_1920_1056,0
GEO_R08_2080_2208,3
GEO_R08_0192_1024,0
GEO_R08_1888_0064,0
GEO_R08_0832_2048,3
GEO_R08_1056_1184,4
GEO_R08_1120_0416,4
GEO_R08_2112_1216,0
GEO_R08_0096_1376,2
GEO_R08_0256_1376,2
GEO_R08_0256_2080,3
GEO_R08_1056_0896,4
GEO_R08_0224_2144,3
GEO_R08_2208_0320,0
GEO_R08_1600_2208,0
GEO_R08_2272_0480,0
GEO_R08_1280_1344,4
GEO_R08_1056_1120,4
GEO_R08_0000_1216,0
GEO_R08_2208_2368,0
GEO_R08_1632_0320,0
GEO_R08_1024_0832,4
GEO_R08_1856_1184,0
GEO_R08_2176_1248,0
GEO_R08_0704_0608,4
GEO_R08_2368_1056,0
GEO_R08_0832_0480,0
GEO_R08_1920_0352,0
GEO_R08_0512_2176,3
GEO_R08_2016_0160,0
GEO_R08_0480_1536,0
GEO_R08_0064_1056,2
GEO_R08_1888_1216,0
GEO_R08_1600_0256,0
GEO_R08_1984_0224,0
GEO_R08_0864_0480,0
GEO_R08_0992_0576,0
GEO_R08_1824_2240,4
GEO_R08_1856_0992,0
GEO_R08_2144_1088,0
GEO_R08_2144_1056,0
GEO_R08_0448_2272,3
GEO_R08_1280_1056,4
GEO_R08_0320_1088,2
GEO_R08_0352_2176,5
GEO_R08_2208_1664,3
GEO_R08_0736_0800,4
GEO_R08_1536_2208,0
GEO_R08_2240_2368,0
GEO_R08_1664_0352,0
GEO_R08_2144_1888,0
GEO_R08_1856_1056,0
GEO_R08_1824_0256,0
GEO_R08_0192_1984,3
GEO_R08_1696_1216,0
GEO_R08_0992_1024,4
GEO_R08_0896_2400,3
GEO_R08_1568_2400,0
GEO_R08_2208_1088,0
GEO_R08_0288_0160,3
GEO_R08_2272_2400,0
GEO_R08_1760_0224,0
GEO_R08_2080_0256,0
GEO_R08_2080_1248,0
GEO_R08_0896_1216,4
GEO_R08_0416_0128,3
GEO_R08_0064_1120,2
GEO_R08_0384_0128,3
GEO_R08_0224_0512,3
GEO_R08_1824_1184,0
GEO_R08_2016_2240,0
GEO_R08_1056_0832,4
GEO_R08_0608_1216,4
GEO_R08_0224_2048,3
GEO_R08_1152_1248,4
GEO_R08_0800_0480,0
GEO_R08_1344_2368,3
GEO_R08_1952_2272,0
GEO_R08_1184_2016,4
GEO_R08_0448_1568,0
GEO_R08_1760_0192,0
GEO_R08_0160_1728,0
GEO_R08_1088_2112,4
GEO_R08_1952_1088,0
GEO_R08_0576_1056,4
GEO_R08_1216_2016,4
GEO_R08_0672_1856,3
GEO_R08_1184_1152,4
GEO_R08_2016_0320,0
GEO_R08_0192_1216,0
GEO_R08_2144_1024,0
GEO_R08_0384_2368,3
GEO_R08_2176_1696,3
GEO_R08_0160_2272,3
GEO_R08_0448_2304,3
GEO_R08_0032_1824,0
GEO_R08_2016_1216,0
GEO_R08_2304_1664,3
GEO_R08_2208_1632,3
GEO_R08_1504_1344,4
GEO_R08_1088_1184,4
GEO_R08_0928_1824,3
GEO_R08_2240_0288,0
GEO_R08_1184_2304,3
GEO_R08_1312_2336,3
GEO_R08_1024_0992,4
GEO_R08_0096_1824,0
GEO_R08_0320_1152,2
GEO_R08_1696_0192,0
GEO_R08_1856_1024,0
GEO_R08_0480_2240,3
GEO_R08_1152_0544,4
GEO_R08_0896_2176,3
GEO_R08_1152_0608,4
GEO_R08_2368_0448,0
GEO_R08_2304_1856,0
GEO_R08_0096_0704,3
GEO_R08_2240_1312,0
GEO_R08_1984_2368,0
GEO_R08_1984_0192,0
GEO_R08_0992_1152,4
GEO_R08_0256_2112,3
GEO_R08_1312_1408,4
GEO_R08_0096_2208,3
GEO_R08_1952_0384,0
GEO_R08_1984_2240,0
GEO_R08_1696_0224,0
GEO_R08_0224_2080,3
GEO_R08_0064_1792,0
GEO_R08_0736_1024,4
GEO_R08_0224_1056,0
GEO_R08_1152_1120,4
GEO_R08_2304_0416,0
GEO_R08_2016_1120,0
GEO_R08_1920_0320,0
GEO_R08_0736_0832,4
GEO_R08_1088_0768,4
GEO_R08_0032_1120,2
GEO_R08_2304_1056,0
GEO_R08_1120_2112,4
GEO_R08_0512_1088,4
GEO_R08_2176_2400,0
GEO_R08_2144_0224,0
GEO_R08_1824_1248,0
GEO_R08_1312_2368,3
GEO_R08_1024_0864,4
GEO_R08_0128_1440,2
GEO_R08_1952_0256,0
GEO_R08_0000_0832,3
GEO_R08_0032_1056,2
GEO_R08_1920_1248,0
GEO_R08_0800_2112,3
GEO_R08_2336_1024,0
GEO_R08_1984_0064,0
GEO_R08_2208_2048,3
GEO_R08_0064_2400,3
GEO_R08_2240_1056,0
GEO_R08_1184_0768,4
GEO_R08_1152_2272,3
GEO_R08_1632_1984,0
GEO_R08_0960_0512,0
GEO_R08_2368_0960,0
GEO_R08_1952_0128,0
GEO_R08_2336_2080,0
GEO_R08_2016_0960,0
GEO_R08_1760_2144,3
GEO_R08_1888_0416,0
GEO_R08_1600_2016,0
GEO_R08_1216_2304,3
GEO_R08_0288_1184,2
GEO_R08_2208_1312,0
GEO_R08_1600_0576,0
GEO_R08_0928_1152,4
GEO_R08_1888_0992,0
GEO_R08_1760_1376,0
GEO_R08_0032_2208,3
GEO_R08_0416_2304,3
GEO_R08_1376_0320,0
GEO_R08_0608_1280,4
GEO_R08_0160_0000,3
GEO_R08_0736_0608,4
GEO_R08_2240_1920,0
GEO_R08_0000_0864,3
GEO_R08_2080_1056,0
GEO_R08_2016_1184,0
GEO_R08_0000_1536,3
GEO_R08_1696_1888,0
GEO_R08_0608_1920,3
GEO_R08_0896_1824,3
GEO_R08_1600_0352,0
GEO_R08_1920_0416,0
GEO_R08_0096_1728,0
GEO_R08_0960_1056,4
GEO_R08_2272_1088,0
GEO_R08_2144_2400,0
GEO_R08_0224_1696,0
GEO_R08_1600_0288,0
GEO_R08_1888_0192,0
GEO_R08_2080_0416,0
GEO_R08_2272_0576,0
GEO_R08_2240_2112,3
GEO_R08_0512_2112,3
GEO_R08_0096_0672,3
GEO_R08_0192_1408,2
GEO_R08_2240_1120,0
GEO_R08_1216_0768,4
GEO_R08_0160_0608,3
GEO_R08_1824_0224,0
GEO_R08_2368_2272,3
GEO_R08_2016_1088,0
GEO_R08_0736_1056,4
GEO_R08_0032_1536,3
GEO_R08_1152_0672,4
GEO_R08_2080_2048,3
GEO_R08_0960_1376,0
GEO_R08_0224_2400,5
GEO_R08_1184_2080,4
GEO_R08_1248_1088,4
GEO_R08_2112_1056,0
GEO_R08_0256_1312,2
GEO_R08_0960_2112,3
GEO_R08_1856_0320,0
GEO_R08_0928_0512,0
GEO_R08_2016_2272,0
GEO_R08_2144_0448,0
GEO_R08_0256_2016,3
GEO_R08_1856_0416,0
GEO_R08_2208_0416,0
GEO_R08_0832_2112,3
GEO_R08_0224_1984,3
GEO_R08_2016_2400,0
GEO_R08_1920_1024,0
GEO_R08_1280_2272,3
GEO_R08_0864_1152,4
GEO_R08_2112_0352,0
GEO_R08_2112_0320,0
GEO_R08_1920_1184,0
GEO_R08_2176_1088,0
GEO_R08_2144_1280,0
GEO_R08_1760_0160,0
GEO_R08_1728_1536,3
GEO_R08_0128_2176,3
GEO_R08_2272_1920,0
GEO_R08_1536_1888,0
GEO_R08_2240_0928,0
GEO_R08_1824_0352,0
GEO_R08_2112_2336,0
GEO_R08_1792_0064,0
GEO_R08_2112_0928,0
GEO_R08_1632_0416,0
GEO_R08_0032_0864,3
GEO_R08_1856_1152,0
GEO_R08_1952_1248,0
GEO_R08_0256_1696,0
GEO_R08_1888_0000,0
GEO_R08_2240_1184,0
GEO_R08_1888_1280,0
GEO_R08_2336_1632,3
GEO_R08_2240_0544,0
GEO_R08_0352_1984,3
GEO_R08_0128_0000,3
GEO_R08_0160_1216,0
GEO_R08_1536_2048,0
GEO_R08_2112_1248,0
GEO_R08_1888_0224,0
GEO_R08_0096_1152,2
GEO_R08_1120_0896,4
GEO_R08_1696_1952,0
GEO_R08_0000_2208,3
GEO_R08_2048_0992,0
GEO_R08_0064_1248,0
GEO_R08_1184_2400,3
GEO_R08_1248_1312,4
GEO_R08_2336_2336,3
GEO_R08_1600_1952,0
GEO_R08_1856_0256,0
GEO_R08_0928_1440,0
GEO_R08_0704_0992,4
GEO_R08_2048_0224,0
GEO_R08_0096_2176,3
GEO_R08_1536_0576,0
GEO_R08_2208_1152,0
GEO_R08_0384_1632,0
GEO_R08_2368_2080,0
GEO_R08_1920_0448,0
GEO_R08_1664_1952,0
GEO_R08_2080_2400,0
GEO_R08_0640_1472,0
GEO_R08_1856_1216,0
GEO_R08_2368_0992,0
GEO_R08_2240_1152,0
GEO_R08_1632_2112,0
GEO_R08_1664_1984,0
GEO_R08_1632_1856,0
GEO_R08_0032_1856,0
GEO_R08_0576_1120,4
GEO_R08_1888_2208,3
GEO_R08_2208_0480,0
GEO_R08_0128_0704,3
GEO_R08_1952_1152,0
GEO_R08_0608_1984,3
GEO_R08_0416_0736,3
GEO_R08_1120_2272,3
GEO_R08_0544_2368,3
GEO_R08_1088_0384,4
GEO_R08_1120_0864,4
GEO_R08_0864_2112,3
GEO_R08_2144_1216,0
GEO_R08_1568_1984,0
GEO_R08_0928_0928,4
GEO_R08_0672_1056,4
GEO_R08_1984_1152,0
GEO_R08_1312_1312,4
GEO_R08_1760_2208,3
GEO_R08_1920_2304,0
GEO_R08_0960_1120,4
GEO_R08_1184_1056,4
GEO_R08_1888_0288,0
GEO_R08_0288_2048,3
GEO_R08_0160_2336,3
GEO_R08_2112_2400,0
GEO_R08_2272_1696,3
GEO_R08_0128_1248,0
GEO_R08_0224_1088,0
GEO_R08_0992_2368,4
GEO_R08_2016_0224,0
GEO_R08_1952_0416,0
GEO_R08_2336_1792,0
GEO_R08_2400_1600,3
GEO_R08_1984_0032,0
GEO_R08_2080_2336,0
GEO_R08_1760_1280,0
GEO_R08_1248_1152,4
GEO_R08_0352_2208,5
GEO_R08_0832_0544,0
GEO_R08_0640_0960,4
GEO_R08_1216_1344,4
GEO_R08_2176_0288,0
GEO_R08_2336_0608,0
GEO_R08_1984_1184,0
GEO_R08_0032_0512,0
GEO_R08_1312_1376,4
GEO_R08_2336_0448,0
GEO_R08_0704_1984,3
GEO_R08_2208_2336,0
GEO_R08_2016_1280,0
GEO_R08_1568_2048,0
GEO_R08_2048_1696,3
GEO_R08_1056_0992,4
GEO_R08_0544_2240,3
GEO_R08_0768_0832,4
GEO_R08_1824_0064,0
GEO_R08_2080_1664,3
GEO_R08_1664_1920,0
GEO_R08_2176_2368,0
GEO_R08_2112_1632,3
GEO_R08_0320_2208,5
GEO_R08_0608_0832,0
GEO_R08_2080_2304,0
GEO_R08_0320_2176,5
GEO_R08_0288_2400,5
GEO_R08_1568_2240,0
GEO_R08_1952_0192,0
GEO_R08_2336_0576,0
GEO_R08_1696_2048,3
GEO_R08_1984_2304,0
GEO_R08_0864_1184,4
GEO_R08_2272_0320,0
GEO_R08_1536_2240,0
GEO_R08_0064_1280,0
GEO_R08_2336_1728,0
GEO_R08_1984_0416,0
GEO_R08_0192_0512,3
GEO_R08_0256_0576,3
GEO_R08_1184_2112,4
GEO_R08_0640_1824,3
GEO_R08_2144_0256,0
GEO_R08_0256_2304,5
GEO_R08_1248_1440,4
GEO_R08_0800_0512,0
GEO_R08_2016_0096,0
GEO_R08_0288_0512,3
GEO_R08_0896_1184,4
GEO_R08_0864_1344,0
GEO_R08_2240_0256,0
GEO_R08_1856_0224,0
GEO_R08_2144_1728,3
GEO_R08_2304_0448,0
GEO_R08_0576_1184,4
GEO_R08_1856_0960,0
GEO_R08_0224_1120,0
GEO_R08_0928_1088,4
GEO_R08_0704_1472,0
GEO_R08_2336_1088,0
GEO_R08_1152_0800,4
GEO_R08_2048_0384,0
GEO_R08_1280_2336,3
GEO_R08_2144_0320,0
GEO_R08_2016_0416,0
GEO_R08_0096_1888,4
GEO_R08_2304_1824,0
GEO_R08_1952_2304,0
GEO_R08_1984_0256,0
GEO_R08_2208_2144,3
GEO_R08_0928_2080,3
GEO_R08_1664_0384,0
GEO_R08_0320_0800,4
GEO_R08_1184_0928,4
GEO_R08_1664_0448,0
GEO_R08_1568_2016,0
GEO_R08_0800_0736,0
GEO_R08_0224_2016,3
GEO_R08_2368_2240,3
GEO_R08_0480_2112,3
GEO_R08_0096_1760,0
GEO_R08_1088_1024,4
GEO_R08_0512_2400,3
GEO_R08_2336_1824,0
GEO_R08_2240_0512,0
GEO_R08_0672_1472,0
GEO_R08_0128_0672,3
GEO_R08_0256_1184,2
GEO_R08_0832_2080,3
GEO_R08_2144_0992,0
GEO_R08_1664_0288,0
GEO_R08_1952_1024,0
GEO_R08_2336_1856,0
GEO_R08_2368_1696,0
GEO_R08_1920_1344,0
GEO_R08_2400_1120,0
GEO_R08_1024_1088,4
GEO_R08_0064_1696,3
GEO_R08_1056_0800,4
GEO_R08_1632_0352,0
GEO_R08_2208_2176,3
GEO_R08_2176_0384,0
GEO_R08_0544_1088,4
GEO_R08_0512_1568,0
GEO_R08_1696_2336,0
GEO_R08_2208_1920,0
GEO_R08_0928_0896,4
GEO_R08_2144_1600,3
GEO_R08_2368_0544,0
GEO_R08_0320_1984,3
GEO_R08_0480_2176,3
GEO_R08_1280_2304,3
GEO_R08_1952_1056,0
GEO_R08_0704_1056,4
GEO_R08_2176_1632,3
GEO_R08_0576_1280,4
GEO_R08_0064_2016,3
GEO_R08_1280_1312,4
GEO_R08_1952_0032,0
GEO_R08_1184_0960,4
GEO_R08_0896_1152,4
GEO_R08_0320_0192,3
GEO_R08_0544_2144,3
GEO_R08_2368_2208,3
GEO_R08_1824_1088,0
GEO_R08_0160_1280,0
GEO_R08_1792_0256,0
GEO_R08_2080_1184,0
GEO_R08_0064_2208,3
GEO_R08_1888_1664,2
GEO_R08_1632_0448,0
GEO_R08_1984_0000,0
GEO_R08_0064_1024,2
GEO_R08_1120_0800,4
GEO_R08_2304_0544,0
GEO_R08_1504_1920,0
GEO_R08_1088_1152,4
GEO_R08_1536_1376,4
GEO_R08_1888_0384,0
GEO_R08_1888_1056,0
GEO_R08_1728_0064,0
GEO_R08_2272_1888,0
GEO_R08_0320_2016,3
GEO_R08_0544_2176,3
GEO_R08_2048_0320,0
GEO_R08_1184_1024,4
GEO_R08_0192_1056,0
GEO_R08_2400_0896,0
GEO_R08_0992_1088,4
GEO_R08_1664_1856,0
GEO_R08_0192_0416,4
GEO_R08_2272_0512,0
GEO_R08_1952_2336,0
GEO_R08_0864_1472,0
GEO_R08_1824_0960,0
GEO_R08_1184_1088,4
GEO_R08_1664_0192,0
GEO_R08_0160_2304,3
GEO_R08_1024_1056,4
GEO_R08_2080_0992,0
GEO_R08_2368_0256,0
GEO_R08_0128_1760,0
GEO_R08_1600_2048,0
GEO_R08_1888_0448,0
GEO_R08_1824_0160,0
GEO_R08_1568_0608,0
GEO_R08_1664_0320,0
GEO_R08_2400_1728,0
GEO_R08_0576_1088,4
GEO_R08_1856_0032,0
GEO_R08_0960_0928,4
GEO_R08_2272_0544,0
GEO_R08_2240_1216,0
GEO_R08_0160_2368,3
GEO_R08_0128_1280,0
GEO_R08_1920_0992,0
GEO_R08_2048_1184,0
GEO_R08_0192_0448,4
GEO_R08_1152_1184,4
GEO_R08_0704_0800,4
GEO_R08_0288_1664,0
GEO_R08_0256_2144,3
GEO_R08_2368_0608,0
GEO_R08_0448_1536,0
GEO_R08_2240_0352,0
GEO_R08_2016_1056,0
GEO_R08_1120_1120,4
GEO_R08_1536_1984,0
GEO_R08_0000_1184,0
GEO_R08_2368_1728,0
GEO_R08_1984_0160,0
GEO_R08_2272_1120,0
GEO_R08_1792_2176,3
GEO_R08_2112_1088,0
GEO_R08_0608_1792,3
GEO_R08_2048_1056,0
GEO_R08_1088_0832,4
GEO_R08_1920_1312,0
GEO_R08_1760_2272,3
GEO_R08_0064_2080,3
GEO_R08_1568_2144,0
GEO_R08_1184_1408,4
GEO_R08_0576_1920,3
GEO_R08_0416_2368,3
GEO_R08_1632_2048,0
GEO_R08_0544_2400,3
GEO_R08_0192_1184,0
GEO_R08_0064_1536,3
GEO_R08_0032_1216,0
GEO_R08_2112_0256,0
GEO_R08_2176_1152,0
GEO_R08_0288_1216,2
GEO_R08_1760_1184,0
GEO_R08_0928_2048,3
GEO_R08_0128_2272,3
GEO_R08_2016_1408,3
GEO_R08_0192_2112,3
GEO_R08_2112_0480,0
GEO_R08_0928_0960,4
GEO_R08_0288_1632,0
GEO_R08_1664_2304,0
GEO_R08_1888_0352,0
GEO_R08_0224_1152,0
GEO_R08_1984_2208,0
GEO_R08_2048_2144,3
GEO_R08_2240_0992,0
GEO_R08_0288_1984,3
GEO_R08_1216_2112,4
GEO_R08_1984_0320,0
GEO_R08_0416_1632,0
GEO_R08_0384_0736,3
GEO_R08_2400_1664,0
GEO_R08_0704_0832,4
GEO_R08_0480_1568,0
GEO_R08_2016_1376,3
GEO_R08_1184_2048,4
GEO_R08_1856_0192,0
GEO_R08_2208_1696,3
GEO_R08_1536_1344,4
GEO_R08_0096_0736,3
GEO_R08_1888_1152,0
GEO_R08_2208_1248,0
GEO_R08_0608_1120,4
GEO_R08_0512_2144,3
GEO_R08_2336_1600,3
GEO_R08_0416_1600,0
GEO_R08_1824_0032,0
GEO_R08_2240_0480,0
GEO_R08_1824_1120,0
GEO_R08_1824_2016,0
GEO_R08_2240_0576,0
GEO_R08_1280_1440,4
GEO_R08_0544_1344,4
GEO_R08_0000_2240,3
GEO_R08_2080_0384,0
GEO_R08_2400_1856,0
GEO_R08_1664_1888,0
GEO_R08_1024_0896,4
GEO_R08_0608_1152,4
GEO_R08_0480_2144,3
GEO_R08_2272_1408,3
GEO_R08_1472_0416,4
GEO_R08_0480_2208,3
GEO_R08_0928_1952,3
GEO_R08_0224_1312,2
GEO_R08_1856_1280,0
GEO_R08_1792_0224,0
GEO_R08_0512_2304,3
GEO_R08_1792_1120,0
GEO_R08_1920_0192,0
GEO_R08_0768_2080,3
GEO_R08_1216_2080,4
GEO_R08_1248_2304,3
GEO_R08_1984_1056,0
GEO_R08_1920_1152,0
GEO_R08_0576_1312,4
GEO_R08_0352_1824,3
GEO_R08_0032_2016,3
GEO_R08_1792_2016,0
GEO_R08_1120_0736,4
GEO_R08_2176_1888,0
GEO_R08_0224_0416,4
GEO_R08_2112_1312,0
GEO_R08_2016_0352,0
GEO_R08_1824_1280,0
GEO_R08_0416_2400,3
GEO_R08_0640_1056,4
GEO_R08_0736_1888,3
GEO_R08_0128_1376,2
GEO_R08_0416_0096,3
GEO_R08_1920_0032,0
GEO_R08_2112_1024,0
GEO_R08_0256_1408,2
GEO_R08_0064_1312,0
GEO_R08_2304_1568,3
GEO_R08_0960_0960,4
GEO_R08_2208_0448,0
GEO_R08_2144_0928,0
GEO_R08_0608_0960,4
GEO_R08_1920_0064,0
GEO_R08_0800_1472,0
GEO_R08_1984_1376,3
GEO_R08_0448_0704,3
GEO_R08_0000_1888,0
GEO_R08_2112_2368,0
GEO_R08_1824_1216,0
GEO_R08_0800_2080,3
GEO_R08_1568_0544,0
GEO_R08_2144_1120,0
GEO_R08_2400_0800,0
GEO_R08_1792_1248,0
GEO_R08_2048_2400,0
GEO_R08_0064_0992,2
GEO_R08_1856_1344,0
GEO_R08_1824_1056,0
GEO_R08_0672_1504,0
GEO_R08_1696_1984,0
GEO_R08_1952_1184,0
GEO_R08_2336_2304,3
GEO_R08_2400_0640,0
GEO_R08_1856_0160,0
GEO_R08_0640_1888,3
GEO_R08_0288_1344,2
GEO_R08_2144_0384,0
GEO_R08_0640_1856,3
GEO_R08_1632_0384,0
GEO_R08_1152_0960,4
GEO_R08_1120_2304,3
GEO_R08_1632_0480,0
GEO_R08_0608_1248,4
GEO_R08_0960_1184,4
GEO_R08_0224_1728,0
GEO_R08_2176_0416,0
GEO_R08_1760_2176,3
GEO_R08_1056_1088,4
GEO_R08_0448_2208,3
GEO_R08_0480_2400,3
GEO_R08_2048_0032,0
GEO_R08_1760_0064,0
GEO_R08_1600_1984,0
GEO_R08_0128_0768,3
GEO_R08_0448_2336,3
GEO_R08_0832_0448,0
GEO_R08_2048_1088,0
GEO_R08_2240_1664,3
GEO_R08_0256_1344,2
GEO_R08_0032_1184,0
GEO_R08_2208_0384,0
GEO_R08_1152_2304,3
GEO_R08_2048_0256,0
GEO_R08_1600_0384,0
GEO_R08_1216_1024,4
GEO_R08_1888_1344,0
GEO_R08_0544_2304,3
GEO_R08_1088_1120,4
GEO_R08_1536_1952,0
GEO_R08_0640_2400,3
GEO_R08_0512_2240,3
GEO_R08_2016_0256,0
GEO_R08_0704_1920,3
GEO_R08_1632_0512,0
GEO_R08_2144_0416,0
GEO_R08_2112_1728,3
GEO_R08_0320_2048,3
GEO_R08_2208_1024,0
GEO_R08_1152_0928,4
GEO_R08_2080_1152,0
GEO_R08_2368_0928,0
GEO_R08_2144_0352,0
GEO_R08_0096_2144,3
GEO_R08_0096_2240,3
GEO_R08_1920_0096,0
GEO_R08_2016_0288,0
GEO_R08_1696_1280,0
GEO_R08_0608_1824,3
GEO_R08_1472_2016,0
GEO_R08_0736_1472,0
GEO_R08_1760_1984,0
GEO_R08_2240_1248,0
GEO_R08_0928_1792,3
GEO_R08_1856_0288,0
GEO_R08_2336_1152,0
GEO_R08_1600_0320,0
GEO_R08_1600_2400,0
GEO_R08_0032_0992,2
GEO_R08_1312_2304,3
GEO_R08_2144_1152,0
GEO_R08_0192_1152,0
GEO_R08_1184_2336,3
GEO_R08_1792_1024,0
GEO_R08_0288_2272,5
GEO_R08_1920_0000,0
GEO_R08_1248_1344,4
GEO_R08_1152_0736,4
GEO_R08_1696_1504,3
GEO_R08_1216_1440,4
GEO_R08_1824_0096,0
GEO_R08_2048_0960,0
GEO_R08_0672_2336,3
GEO_R08_1632_0224,0
GEO_R08_1920_0384,0
GEO_R08_1280_1120,4
GEO_R08_2272_1152,0
GEO_R08_2112_2208,3
GEO_R08_1568_0384,0
GEO_R08_2336_0960,0
GEO_R08_0192_1696,0
GEO_R08_1792_1152,0
GEO_R08_2368_0896,0
GEO_R08_2048_1024,0
GEO_R08_1888_0960,0
GEO_R08_2048_1152,0
GEO_R08_2112_1280,0
GEO_R08_0096_1792,0
GEO_R08_0960_2144,3
GEO_R08_2144_0192,0
GEO_R08_0416_1568,0
GEO_R08_0928_2112,3
GEO_R08_0832_1344,0
GEO_R08_2368_1024,0
GEO_R08_1088_0992,4
GEO_R08_0288_2112,3
GEO_R08_1792_0096,0
GEO_R08_0864_0544,0
GEO_R08_1952_0096,0
GEO_R08_0736_1504,0
GEO_R08_1088_1056,4
GEO_R08_1824_0416,0
GEO_R08_0160_2112,3
GEO_R08_2208_1280,0
GEO_R08_1152_0896,4
GEO_R08_0608_1184,4
GEO_R08_1600_0512,0
GEO_R08_1856_1088,0
GEO_R08_1952_0288,0
GEO_R08_1984_1088,0
GEO_R08_1152_1472,4
GEO_R08_2208_0224,0
GEO_R08_1792_2336,3
GEO_R08_0896_2144,3
GEO_R08_1952_0160,0
GEO_R08_0128_1408,2
GEO_R08_2176_0320,0
GEO_R08_1568_2176,0
GEO_R08_1568_2112,0
GEO_R08_2176_1312,0
GEO_R08_2176_1280,0
GEO_R08_1600_0448,0
GEO_R08_1792_1280,0
GEO_R08_2336_1568,3
GEO_R08_0192_2016,3
GEO_R08_0192_2144,3
GEO_R08_0640_1952,3
GEO_R08_0192_2080,3
GEO_R08_0320_1312,2
GEO_R08_2240_1888,0
GEO_R08_1888_1632,2
GEO_R08_2208_0512,0
GEO_R08_0800_1376,0
GEO_R08_0928_1216,4
GEO_R08_1568_2208,0
GEO_R08_1344_2336,3
GEO_R08_1088_0928,4
GEO_R08_2048_2304,0
GEO_R08_0448_1600,0
GEO_R08_1920_1120,0
GEO_R08_0384_0544,3
GEO_R08_1728_1504,3
GEO_R08_2144_1856,0
GEO_R08_1760_1152,0
GEO_R08_0288_0192,3
GEO_R08_1152_2368,3
GEO_R08_1184_0832,4
GEO_R08_1248_2272,3
GEO_R08_0256_0608,3
GEO_R08_0704_2336,3
GEO_R08_1216_0832,4
GEO_R08_2336_2144,0
GEO_R08_0320_2336,5
GEO_R08_0256_2400,5
GEO_R08_0704_1504,0
GEO_R08_2400_2048,0
GEO_R08_0128_2400,3
GEO_R08_0064_1824,0
GEO_R08_0160_0736,3
GEO_R08_2080_0960,0
GEO_R08_1728_1984,0
GEO_R08_1984_2112,0
GEO_R08_1536_2176,0
GEO_R08_2016_2304,0
GEO_R08_2400_1024,0
GEO_R08_1312_2400,3
GEO_R08_0064_1664,3
GEO_R08_1888_1088,0
GEO_R08_1664_2112,0
GEO_R08_1888_2144,0
GEO_R08_2272_0384,0
GEO_R08_0992_0864,4
GEO_R08_1824_0992,0
GEO_R08_0224_2112,3
GEO_R08_1728_0192,0
GEO_R08_0512_1600,0
GEO_R08_0352_0128,3
GEO_R08_2144_1184,0
GEO_R08_0384_1568,0
GEO_R08_0576_2208,3
GEO_R08_0992_1056,4
GEO_R08_1120_1024,4
GEO_R08_0416_2336,3
GEO_R08_0480_2272,3
GEO_R08_0320_1280,2
GEO_R08_0096_1280,0
GEO_R08_0032_2176,3
GEO_R08_1888_1312,0
GEO_R08_1120_1184,4
GEO_R08_0160_0928,0
GEO_R08_1632_1952,0
GEO_R08_0608_2400,3
GEO_R08_2336_0512,0
GEO_R08_0960_1152,4
GEO_R08_0320_1792,3
GEO_R08_2176_1216,0
GEO_R08_1984_0384,0
GEO_R08_0032_1280,0
GEO_R08_2240_2144,3
GEO_R08_2368_1152,0
GEO_R08_1984_0128,0
GEO_R08_1184_1440,4
GEO_R08_1728_1280,0
GEO_R08_2016_2336,0
GEO_R08_0928_1408,0
GEO_R08_0704_1888,3
GEO_R08_2336_1120,0
GEO_R08_2016_0032,0
GEO_R08_0032_1024,2
GEO_R08_0672_2368,3
GEO_R08_0096_1216,0
GEO_R08_0064_2112,3
GEO_R08_1888_1248,0
GEO_R08_1856_1120,0
GEO_R08_1792_0128,0
GEO_R08_0160_1760,0
GEO_R08_2112_1600,3
GEO_R08_0864_1376,0
GEO_R08_0672_1920,3
GEO_R08_0256_2272,5
GEO_R08_1568_1888,0
GEO_R08_2144_2336,0
GEO_R08_0288_1376,2
GEO_R08_2048_0064,0
GEO_R08_1984_0448,0
GEO_R08_0160_1248,0
GEO_R08_0896_1376,0
GEO_R08_0608_0800,0
GEO_R08_0928_1184,4
GEO_R08_0256_1984,3
GEO_R08_2080_1088,0
GEO_R08_1568_1248,4
GEO_R08_0448_2240,3
GEO_R08_1952_2080,0
GEO_R08_1952_2400,0
GEO_R08_1216_1824,4
GEO_R08_0000_1280,0
GEO_R08_2208_0288,0
GEO_R08_1152_0992,4
GEO_R08_2272_1632,3
GEO_R08_1216_1216,4
GEO_R08_2400_0832,0
GEO_R08_2112_0192,0
GEO_R08_0160_0960,0
GEO_R08_1600_1888,0
GEO_R08_2336_0992,0
GEO_R08_0960_0896,4
GEO_R08_0928_1120,4
GEO_R08_2272_2112,3
GEO_R08_0320_2080,3
GEO_R08_1952_0320,0
GEO_R08_1152_1088,4
GEO_R08_1056_1024,4
GEO_R08_2208_0960,0
GEO_R08_2048_1280,0
GEO_R08_0352_1600,0
GEO_R08_1600_2112,0
GEO_R08_0960_1792,3
GEO_R08_2400_1760,0
GEO_R08_1536_2016,0
GEO_R08_2272_1184,0
GEO_R08_0704_1856,3
GEO_R08_2176_1120,0
GEO_R08_2304_1088,0
GEO_R08_2208_0352,0
GEO_R08_1888_1120,0
GEO_R08_0416_2272,3
GEO_R08_0672_0800,4
GEO_R08_0000_1248,0
GEO_R08_1632_2400,0
GEO_R08_0928_2144,3
GEO_R08_1792_0032,0
GEO_R08_0128_1216,0
GEO_R08_0512_1760,3
GEO_R08_0416_2240,3
GEO_R08_2112_1120,0
GEO_R08_0512_2272,3
GEO_R08_0512_2336,3
GEO_R08_0736_1920,3
GEO_R08_1024_0576,0
GEO_R08_2176_0352,0
GEO_R08_0032_1088,2
GEO_R08_0608_0992,4
GEO_R08_2048_2272,0
GEO_R08_2304_0288,0
GEO_R08_0000_0544,0
GEO_R08_1152_2112,4
GEO_R08_2176_1024,0
GEO_R08_1824_0384,0
GEO_R08_0736_1440,0
GEO_R08_1984_1248,0
GEO_R08_1120_0832,4
GEO_R08_1280_1376,4
GEO_R08_2336_0544,0
GEO_R08_2144_1312,0
GEO_R08_0096_1024,2
GEO_R08_2016_1312,0
GEO_R08_2240_0448,0
GEO_R08_0512_2208,3
GEO_R08_2016_2368,0
GEO_R08_0960_0576,0
GEO_R08_2080_1216,0
GEO_R08_1920_0160,0
GEO_R08_0288_1088,2
GEO_R08_1952_2144,0
GEO_R08_0256_2240,5
GEO_R08_1792_1056,0
GEO_R08_2048_1216,0
GEO_R08_0320_0160,3
GEO_R08_2304_0480,0
GEO_R08_2016_0384,0
GEO_R08_1984_0288,0
GEO_R08_0832_0512,0
GEO_R08_1504_0000,0
GEO_R08_2176_2208,3
GEO_R08_0384_1600,0
GEO_R08_1824_1024,0
GEO_R08_1792_0000,0
GEO_R08_0224_1376,2
GEO_R08_1344_0320,0
GEO_R08_1696_0256,0
GEO_R08_1824_0320,0
GEO_R08_2176_0256,0
GEO_R08_1120_1056,4
GEO_R08_1760_0032,0
GEO_R08_2048_0416,0
GEO_R08_1696_1248,0
GEO_R08_1216_1184,4
GEO_R08_1024_1280,0
GEO_R08_1216_1088,4
GEO_R08_2400_0992,0
GEO_R08_0288_0544,3
GEO_R08_0512_1312,4
GEO_R08_2176_0448,0
GEO_R08_1888_1184,0
GEO_R08_2112_2304,0
GEO_R08_0320_1888,0
GEO_R08_0864_0512,0
GEO_R08_1984_1632,3
GEO_R08_2400_0960,0
GEO_R08_1184_1184,4
GEO_R08_2144_0960,0
GEO_R08_2304_0928,0
GEO_R08_0928_1376,0
GEO_R08_2080_1600,3
GEO_R08_0512_1344,4
GEO_R08_2304_0960,0
GEO_R08_0736_2080,3
GEO_R08_2272_1056,0
GEO_R08_1792_0992,0
GEO_R08_0160_1696,0
GEO_R08_1344_2304,3
GEO_R08_1152_0864,4
GEO_R08_0160_0992,0
GEO_R08_1184_1216,4
GEO_R08_0896_1472,0
GEO_R08_1728_2240,3
GEO_R08_0288_2016,3
GEO_R08_2016_0448,0
GEO_R08_0896_0512,0
GEO_R08_1888_0128,0
GEO_R08_0992_1120,4
GEO_R08_1888_0160,0
GEO_R08_1952_0224,0
GEO_R08_0544_1312,4
GEO_R08_0448_2400,3
GEO_R08_0160_0704,3
GEO_R08_2176_1856,0
GEO_R08_2144_1952,0
GEO_R08_0288_1280,2
GEO_R08_0608_1056,4
GEO_R08_0928_1920,3
GEO_R08_2208_1184,0
GEO_R08_0032_0896,3
GEO_R08_1184_1600,4
GEO_R08_1536_0000,0
GEO_R08_1184_0896,4
GEO_R08_0096_1248,0
GEO_R08_2272_0928,0
GEO_R08_2144_1248,0
GEO_R08_0160_2176,3
GEO_R08_1920_2112,0
GEO_R08_0128_0640,3
GEO_R08_0256_0512,3
GEO_R08_2240_0416,0
GEO_R08_2176_0992,0
GEO_R08_1120_0928,4
GEO_R08_1952_0352,0
GEO_R08_2112_1952,0
GEO_R08_1088_2080,4
GEO_R08_1280_2240,3
GEO_R08_0800_1344,0
GEO_R08_1152_1440,4
GEO_R08_0064_2176,3
GEO_R08_0576_2400,3
GEO_R08_1984_1120,0
GEO_R08_2368_0576,0
GEO_R08_0064_1984,3
GEO_R08_1568_1280,4
GEO_R08_2144_2368,0
GEO_R08_0576_2272,3
GEO_R08_2112_1152,0
GEO_R08_0864_1216,4
GEO_R08_2080_0320,0
GEO_R08_1920_0224,0
GEO_R08_0288_1312,2
GEO_R08_1632_0288,0
GEO_R08_1120_0768,4
GEO_R08_1216_1120,4
GEO_R08_2048_2336,0
GEO_R08_0064_1088,2
GEO_R08_1920_1664,2
GEO_R08_0064_2240,3
GEO_R08_0640_1504,0
GEO_R08_1152_0640,4
GEO_R08_2336_1760,0
GEO_R08_1984_2336,0
GEO_R08_0288_2240,5
GEO_R08_0768_1440,0
GEO_R08_1088_0416,4
GEO_R08_0832_1472,0
GEO_R08_1632_0544,0
GEO_R08_1248_1120,4
GEO_R08_0832_0704,0
GEO_R08_1600_0480,0
GEO_R08_1152_0832,4
GEO_R08_1760_2336,3
GEO_R08_1664_0480,0
GEO_R08_2176_0960,0
GEO_R08_2240_2176,3
GEO_R08_1184_1120,4
GEO_R08_1728_2208,3
GEO_R08_0640_1248,4
GEO_R08_1888_0256,0
GEO_R08_1760_1216,0
GEO_R08_0384_1664,0
GEO_R08_0544_1376,4
GEO_R08_2400_1568,3
GEO_R08_1152_0704,4
GEO_R08_0416_0544,3
GEO_R08_0640_2368,3
GEO_R08_1184_0800,4
GEO_R08_2080_1632,3
GEO_R08_1600_1248,4
GEO_R08_0480_2368,3
GEO_R08_2144_2208,3
GEO_R08_1888_0320,0
GEO_R08_0288_0576,3
GEO_R08_2208_0544,0
GEO_R08_0576_1952,3
GEO_R08_1056_0928,4
GEO_R08_2240_1024,0
GEO_R08_2400_2208,3
GEO_R08_1248_1056,4
GEO_R08_0032_2080,3
GEO_R08_2080_1696,3
GEO_R08_1312_2272,3
GEO_R08_1248_2336,3
GEO_R08_1632_1920,0
GEO_R08_0192_0544,3
GEO_R08_0128_2144,3
GEO_R08_1376_2240,3
GEO_R08_1568_0352,0
GEO_R08_1088_0960,4
GEO_R08_2272_0224,0
GEO_R08_2272_1216,0
GEO_R08_0608_2240,3
GEO_R08_2176_0480,0
GEO_R08_0224_0544,3
GEO_R08_1184_0864,4
GEO_R08_0960_0544,0
GEO_R08_1568_0576,0
GEO_R08_0608_1856,3
GEO_R08_2016_1152,0
GEO_R08_2016_0192,0
GEO_R08_2176_1920,0
GEO_R08_1984_1312,0
GEO_R08_1248_1024,4
GEO_R08_0672_1024,4
GEO_R08_1120_0608,4
GEO_R08_2208_0992,0
GEO_R08_0672_1888,3
GEO_R08_1920_0480,0
GEO_R08_0352_0160,3
GEO_R08_2176_0224,0
GEO_R08_1056_0416,4
GEO_R08_0320_2240,5
GEO_R08_2400_1088,0
GEO_R08_1152_1056,4
GEO_R08_0032_2240,3
GEO_R08_1760_1248,0
GEO_R08_1056_1152,4
GEO_R08_1184_1824,4
GEO_R08_1952_2112,0
GEO_R08_1760_0000,0
GEO_R08_1792_1184,0
GEO_R08_2272_0416,0
GEO_R08_1728_0224,0
GEO_R08_0288_1152,2
GEO_R08_1152_1152,4
GEO_R08_0544_1280,4
GEO_R08_2240_1088,0
GEO_R08_1920_1216,0
GEO_R08_2208_1216,0
GEO_R08_0064_1216,0
GEO_R08_0288_2080,3
GEO_R08_1504_0576,0
GEO_R08_0448_2368,3
GEO_R08_2048_1120,0
GEO_R08_0800_0544,0
GEO_R08_1888_0480,0
GEO_R08_2176_1056,0
GEO_R08_1632_1888,0
GEO_R08_0288_2336,5
GEO_R08_0576_1248,4
GEO_R08_2208_1120,0
GEO_R08_2400_1696,0
GEO_R08_0640_1024,4
GEO_R08_0256_1632,0
GEO_R08_2080_1312,0
GEO_R08_1888_0032,0
GEO_R08_0448_0736,3
GEO_R08_0544_2208,3
GEO_R08_2336_0928,0
GEO_R08_2112_0416,0
GEO_R08_1792_1312,0
GEO_R08_0672_0992,4
GEO_R08_1216_0800,4
GEO_R08_2272_2368,0
GEO_R08_1984_1664,3
GEO_R08_1152_2080,4
GEO_R08_2176_1728,3
GEO_R08_1920_2368,0
GEO_R08_2400_1152,0
GEO_R08_2240_2336,0
GEO_R08_1920_1632,2
GEO_R08_2368_0512,0
GEO_R08_2272_0960,0
GEO_R08_0192_2048,3
GEO_R08_2016_0064,0
GEO_R08_1600_0416,0
GEO_R08_1440_1216,4
GEO_R08_0736_1376,0
GEO_R08_2400_1056,0
GEO_R08_0480_1600,0
GEO_R08_0416_1664,0
GEO_R08_1920_1280,0
GEO_R08_0160_0640,3
GEO_R08_0192_2176,3
GEO_R08_1856_1248,0
GEO_R08_0320_1696,0
GEO_R08_2080_1024,0
GEO_R08_2016_1248,0
GEO_R08_2304_1152,0
GEO_R08_2304_1600,3
GEO_R08_2304_1792,0
GEO_R08_0928_0544,0
GEO_R08_2368_1600,3
GEO_R08_1792_0192,0
GEO_R08_2112_0960,0
GEO_R08_1184_1472,4
GEO_R08_0512_2368,3
GEO_R08_2112_0448,0
GEO_R08_0224_1664,0
GEO_R08_1152_2048,4
GEO_R08_2176_2048,3
GEO_R08_0192_0960,0
GEO_R08_0064_1152,2
GEO_R08_0608_1312,4
GEO_R08_0320_1184,2
GEO_R08_1792_1088,0
GEO_R08_1952_0064,0
GEO_R08_0224_1344,2
GEO_R08_0896_1248,4
GEO_R08_0960_1408,0
GEO_R08_2272_1664,3
GEO_R08_1920_2144,0
GEO_R08_1568_2080,0
GEO_R08_0160_2240,3
GEO_R08_2144_1920,0
GEO_R08_0768_1504,0
GEO_R08_0000_1824,0
GEO_R08_2336_0256,0
GEO_R08_0928_1344,0
GEO_R08_1664_2272,0
GEO_R08_0960_1024,4
GEO_R08_2240_2080,3
GEO_R08_1632_2080,0
GEO_R08_1856_0000,0
GEO_R08_0160_2144,3
GEO_R08_2080_1280,0
GEO_R08_2144_2304,0
GEO_R08_1152_0768,4
GEO_R08_1600_2080,0
GEO_R08_2272_1440,3
GEO_R08_1856_0096,0
GEO_R08_0928_1056,4
GEO_R08_1952_1120,0
GEO_R08_2240_0224,0
GEO_R08_0800_2048,3
GEO_R08_0768_1408,0
GEO_R08_0032_2048,3
GEO_R08_0320_1120,2
GEO_R08_1184_0992,4
GEO_R08_1824_1312,0
GEO_R08_0160_1408,2
GEO_R08_0128_2208,3
GEO_R08_2272_1248,0
GEO_R08_1696_2208,3
GEO_R08_2112_0288,0
GEO_R08_2144_0288,0
GEO_R08_1728_0032,0
GEO_R08_1088_0864,4
GEO_R08_0960_1088,4
GEO_R08_1184_1632,4
GEO_R08_2240_1696,3
GEO_R08_2080_2368,0
GEO_R08_2368_1120,0
GEO_R08_2176_0928,0
GEO_R08_2048_0192,0
GEO_R08_1984_0352,0
GEO_R08_1120_1152,4
GEO_R08_1280_1408,4
GEO_R08_1632_2240,0
GEO_R08_0320_1632,0
GEO_R08_0896_2112,3
GEO_R08_0288_1408,2
GEO_R08_1120_0960,4
GEO_R08_0672_0832,4
GEO_R08_2400_0928,0
GEO_R08_1120_0320,4
GEO_R08_1504_1984,0
GEO_R08_2080_0448,0
GEO_R08_1792_1216,0
GEO_R08_0672_2400,3
GEO_R08_2144_0480,0
GEO_R08_1824_0192,0
GEO_R08_1856_0064,0
GEO_R08_0224_1408,2
GEO_R08_2112_0992,0
GEO_R08_1696_2304,0
GEO_R08_0576_1664,4
GEO_R08_0288_2208,5
GEO_R08_0960_1344,0
GEO_R08_2176_1184,0
GEO_R08_2176_2304,0
GEO_R08_2240_0384,0
GEO_R08_2272_0256,0
GEO_R08_1728_1952,0
GEO_R08_1024_1152,4
GEO_R08_1760_2304,3
GEO_R08_1664_0224,0
GEO_R08_1920_0256,0
GEO_R08_2272_0288,0
GEO_R08_1504_2016,0
GEO_R08_2240_1280,0
GEO_R08_2208_1888,0
GEO_R08_2080_0352,0
GEO_R09_1280_1184,4
GEO_R09_1856_0128,3
GEO_R09_2016_0064,3
GEO_R09_1344_1312,4
GEO_R09_1760_0160,3
GEO_R09_2208_0512,3
GEO_R09_2208_2048,3
GEO_R09_0864_1504,4
GEO_R09_0896_1248,4
GEO_R09_1792_2016,3
GEO_R09_0512_0256,4
GEO_R09_1376_0864,4
GEO_R09_2272_1856,3
GEO_R09_1568_0512,4
GEO_R09_1728_2176,3
GEO_R09_1120_0992,4
GEO_R09_1344_2272,3
GEO_R09_2016_1888,3
GEO_R09_0704_1280,4
GEO_R09_2016_1312,3
GEO_R09_2048_1728,4
GEO_R09_1696_0608,4
GEO_R09_1248_2048,3
GEO_R09_1120_1184,4
GEO_R09_2048_1440,3
GEO_R09_2176_0352,3
GEO_R09_1792_1152,3
GEO_R09_0416_1472,4
GEO_R09_0288_1152,4
GEO_R09_1088_1440,4
GEO_R09_1056_1440,4
GEO_R09_0960_1088,4
GEO_R09_2272_1664,3
GEO_R09_1344_1248,4
GEO_R09_1248_1216,4
GEO_R09_1248_1888,4
GEO_R09_2144_1536,3
GEO_R09_1760_2176,3
GEO_R09_1280_0032,3
GEO_R09_1120_1440,4
GEO_R09_1280_1504,4
GEO_R09_0064_0128,4
GEO_R09_1216_2016,3
GEO_R09_0608_2336,4
GEO_R09_0672_2112,3
GEO_R09_1760_0608,4
GEO_R09_2272_0320,3
GEO_R09_1024_1408,4
GEO_R09_1248_1248,4
GEO_R09_1184_1504,4
GEO_R09_1920_0000,3
GEO_R09_0960_2144,4
GEO_R09_0800_2016,4
GEO_R09_1248_0864,4
GEO_R09_1952_0704,3
GEO_R09_1344_1056,4
GEO_R09_1984_0256,3
GEO_R09_1632_2272,3
GEO_R09_1440_2144,3
GEO_R09_2112_1664,3
GEO_R09_1760_2304,3
GEO_R09_1632_0000,3
GEO_R09_1920_1632,4
GEO_R09_1312_2304,3
GEO_R09_0736_1440,4
GEO_R09_1152_1280,4
GEO_R09_2208_0032,3
GEO_R09_1312_0992,4
GEO_R09_0800_1184,4
GEO_R09_1184_1056,4
GEO_R09_1824_0384,3
GEO_R09_0800_1376,4
GEO_R09_1536_2272,3
GEO_R09_2016_0448,3
GEO_R09_0672_1408,4
GEO_R09_0704_1056,4
GEO_R09_0992_1344,4
GEO_R09_2144_0256,3
GEO_R09_1472_1920,4
GEO_R09_1120_0768,4
GEO_R09_0320_1024,4
GEO_R09_0448_0768,4
GEO_R09_1248_1120,4
GEO_R09_1984_0288,3
GEO_R09_1248_2240,3
GEO_R09_2144_2272,3
GEO_R09_2208_0320,3
GEO_R09_0480_0736,4
GEO_R09_0832_0416,3
GEO_R09_2304_1952,3
GEO_R09_0448_1408,4
GEO_R09_2336_0448,3
GEO_R09_0064_0864,4
GEO_R09_1696_0800,3
GEO_R09_1408_2048,3
GEO_R09_1024_0832,4
GEO_R09_1280_2080,3
GEO_R09_0640_1440,4
GEO_R09_1152_1248,4
GEO_R09_1312_0800,4
GEO_R09_2048_0192,3
GEO_R09_1376_2272,3
GEO_R09_0672_1600,4
GEO_R09_2144_2048,3
GEO_R09_2016_0512,3
GEO_R09_2304_0224,3
GEO_R09_0992_1024,4
GEO_R09_0512_0384,4
GEO_R09_1504_1088,4
GEO_R09_0736_1408,4
GEO_R09_0544_0320,4
GEO_R09_1408_2208,3
GEO_R09_1920_0096,3
GEO_R09_0672_2336,4
GEO_R09_2176_1536,3
GEO_R09_2176_1728,3
GEO_R09_0448_0704,4
GEO_R09_1120_1408,4
GEO_R09_1248_1088,4
GEO_R09_1568_0768,3
GEO_R09_2016_0224,3
GEO_R09_1280_1248,4
GEO_R09_2016_1248,3
GEO_R09_1344_1280,4
GEO_R09_1248_2304,3
GEO_R09_2272_2080,3
GEO_R09_2080_0000,3
GEO_R09_2144_0064,3
GEO_R09_0512_0352,4
GEO_R09_0704_1344,4
GEO_R09_2336_1568,3
GEO_R09_2176_1568,3
GEO_R09_2304_1984,3
GEO_R09_0864_0896,4
GEO_R09_0960_1216,4
GEO_R09_1952_0192,3
GEO_R09_0544_0256,4
GEO_R09_0064_1760,4
GEO_R09_0736_1568,4
GEO_R09_0864_1280,4
GEO_R09_1536_0544,4
GEO_R09_1664_2048,3
GEO_R09_2112_1568,3
GEO_R09_2080_1568,3
GEO_R09_1216_2336,3
GEO_R09_2240_1824,3
GEO_R09_1632_0032,3
GEO_R09_1376_0960,4
GEO_R09_0992_1152,4
GEO_R09_1664_1216,3
GEO_R09_1344_2048,3
GEO_R09_0992_2144,4
GEO_R09_0896_1184,4
GEO_R09_1920_1216,3
GEO_R09_1408_2272,3
GEO_R09_1600_2304,3
GEO_R09_0288_1120,4
GEO_R09_0288_1056,4
GEO_R09_1376_0832,4
GEO_R09_2176_0224,3
GEO_R09_1280_0896,4
GEO_R09_1984_0224,3
GEO_R09_2304_1664,3
GEO_R09_2112_1632,3
GEO_R09_2208_0352,3
GEO_R09_1312_1024,4
GEO_R09_1312_1632,4
GEO_R09_1152_1440,4
GEO_R09_0448_1440,4
GEO_R09_1664_0000,3
GEO_R09_0128_1472,4
GEO_R09_2304_2048,3
GEO_R09_2016_1824,3
GEO_R09_0384_1440,4
GEO_R09_1024_1376,4
GEO_R09_0512_0512,4
GEO_R09_0768_1376,4
GEO_R09_1056_1152,4
GEO_R09_1376_0928,4
GEO_R09_1184_1344,4
GEO_R09_2240_0064,3
GEO_R09_1760_1216,3
GEO_R09_1312_1184,4
GEO_R09_2144_0288,3
GEO_R09_1184_1312,4
GEO_R09_1664_1184,3
GEO_R09_0736_2240,4
GEO_R09_0416_0704,4
GEO_R09_1824_0640,4
GEO_R09_0928_1184,4
GEO_R09_1184_1536,4
GEO_R09_1632_2304,3
GEO_R09_2208_0192,3
GEO_R09_1120_1472,4
GEO_R09_1088_1152,4
GEO_R09_2208_0480,3
GEO_R09_2272_1888,3
GEO_R09_2016_0384,3
GEO_R09_1280_1024,4
GEO_R09_2048_0480,3
GEO_R09_2016_2272,3
GEO_R09_0928_1408,4
GEO_R09_2272_1600,3
GEO_R09_0448_0736,4
GEO_R09_0896_1280,4
GEO_R09_1152_1344,4
GEO_R09_0928_1440,4
GEO_R09_1824_1664,3
GEO_R09_1984_0032,3
GEO_R09_1408_1344,4
GEO_R09_0960_1056,4
GEO_R09_1056_1344,4
GEO_R09_1920_0064,3
GEO_R09_2208_2080,3
GEO_R09_0864_0864,4
GEO_R09_0896_1152,4
GEO_R09_0576_0480,4
GEO_R09_1280_1440,4
GEO_R09_1952_1664,4
GEO_R09_0928_1312,4
GEO_R09_0064_1472,4
GEO_R09_0480_1472,4
GEO_R09_0224_2336,4
GEO_R09_1824_0128,3
GEO_R09_1152_1024,4
GEO_R09_1184_1216,4
GEO_R09_2112_0064,3
GEO_R09_1536_0352,4
GEO_R09_2240_1632,3
GEO_R09_0800_1024,4
GEO_R09_0672_1536,4
GEO_R09_1312_0928,4
GEO_R09_2144_2016,3
GEO_R09_0096_1952,4
GEO_R09_0800_0800,4
GEO_R09_1856_0064,3
GEO_R09_0960_0832,4
GEO_R09_2016_2240,3
GEO_R09_0096_0864,4
GEO_R09_0640_0416,4
GEO_R09_0928_1568,4
GEO_R09_1408_2240,3
GEO_R09_1152_0800,4
GEO_R09_0672_0704,4
GEO_R09_1120_0736,4
GEO_R09_1280_2240,3
GEO_R09_0512_0576,4
GEO_R09_0832_1184,4
GEO_R09_2048_0352,3
GEO_R09_0320_1152,4
GEO_R09_0960_1120,4
GEO_R09_1920_0160,3
GEO_R09_1408_2176,3
GEO_R09_2144_0096,3
GEO_R09_2112_0096,3
GEO_R09_0576_1024,4
GEO_R09_1632_0128,4
GEO_R09_2144_1504,3
GEO_R09_1952_0672,3
GEO_R09_1664_0064,3
GEO_R09_1248_1056,4
GEO_R09_1152_0192,4
GEO_R09_2016_0704,3
GEO_R09_0672_0416,4
GEO_R09_0416_1184,4
GEO_R09_1216_1888,4
GEO_R09_1984_0064,3
GEO_R09_0224_2272,4
GEO_R09_1152_1312,4
GEO_R09_2272_1952,3
GEO_R09_0672_2144,3
GEO_R09_0480_0288,4
GEO_R09_2208_1504,3
GEO_R09_1088_1472,4
GEO_R09_0672_2304,4
GEO_R09_0544_1376,4
GEO_R09_1440_1408,4
GEO_R09_1632_0768,3
GEO_R09_0704_1024,4
GEO_R09_0128_0832,4
GEO_R09_0928_1216,4
GEO_R09_1056_0832,4
GEO_R09_0992_1280,4
GEO_R09_1248_0992,4
GEO_R09_0640_2112,3
GEO_R09_1856_1184,3
GEO_R09_1888_1376,3
GEO_R09_0032_0096,4
GEO_R09_0672_1056,4
GEO_R09_1440_1536,4
GEO_R09_0576_1376,4
GEO_R09_1984_1024,4
GEO_R09_1248_0128,3
GEO_R09_0576_1472,4
GEO_R09_0896_1120,4
GEO_R09_0928_1120,4
GEO_R09_2208_0928,3
GEO_R09_0960_1344,4
GEO_R09_1280_1792,2
GEO_R09_1856_1216,3
GEO_R09_1888_0416,3
GEO_R09_1728_1216,3
GEO_R09_1120_0800,4
GEO_R09_1120_1120,4
GEO_R09_2272_1920,3
GEO_R09_2176_2048,3
GEO_R09_2336_0416,3
GEO_R09_1920_0448,3
GEO_R09_1600_2240,3
GEO_R09_1888_1248,3
GEO_R09_1312_1152,4
GEO_R09_2240_1856,3
GEO_R09_1888_0096,3
GEO_R09_0416_0736,4
GEO_R09_2176_0256,3
GEO_R09_2016_0480,3
GEO_R09_0864_1120,4
GEO_R09_1696_0768,3
GEO_R09_1760_1248,3
GEO_R09_2080_1216,3
GEO_R09_1952_1472,3
GEO_R09_0096_1504,4
GEO_R09_2240_2048,3
GEO_R09_1056_1472,4
GEO_R09_1408_1504,4
GEO_R09_0992_1088,4
GEO_R09_1984_0416,3
GEO_R09_1024_1312,4
GEO_R09_2304_0768,3
GEO_R09_0672_1376,4
GEO_R09_1152_0224,4
GEO_R09_2048_1280,3
GEO_R09_0256_0640,4
GEO_R09_2304_0416,3
GEO_R09_1760_2144,3
GEO_R09_1152_1504,4
GEO_R09_0832_1120,4
GEO_R09_1248_1152,4
GEO_R09_0832_1280,4
GEO_R09_0736_1536,4
GEO_R09_1472_1088,4
GEO_R09_2208_1984,3
GEO_R09_2176_1888,3
GEO_R09_2240_0352,3
GEO_R09_2048_0512,3
GEO_R09_0512_0000,4
GEO_R09_2048_0288,3
GEO_R09_1792_0640,4
GEO_R09_0864_1376,4
GEO_R09_2112_1280,3
GEO_R09_2272_0448,3
GEO_R09_1696_1248,3
GEO_R09_1216_1152,4
GEO_R09_1760_1984,3
GEO_R09_1312_1344,4
GEO_R09_1056_1504,4
GEO_R09_1984_0160,3
GEO_R09_2176_1952,3
GEO_R09_1792_0608,4
GEO_R09_0896_1376,4
GEO_R09_0384_1792,4
GEO_R09_2016_0192,3
GEO_R09_0704_1600,4
GEO_R09_1504_0000,3
GEO_R09_2208_0224,3
GEO_R09_2336_1440,4
GEO_R09_1088_0800,4
GEO_R09_1888_1696,4
GEO_R09_2304_1792,3
GEO_R09_2272_0288,3
GEO_R09_2208_1696,3
GEO_R09_1536_1952,4
GEO_R09_0928_0864,4
GEO_R09_1376_2048,3
GEO_R09_2176_2272,3
GEO_R09_1664_0160,4
GEO_R09_0736_1088,4
GEO_R09_1280_2048,3
GEO_R09_2112_1216,3
GEO_R09_2080_1472,3
GEO_R09_2272_0096,3
GEO_R09_1888_1728,4
GEO_R09_0192_1472,4
GEO_R09_1440_0032,4
GEO_R09_2208_1856,3
GEO_R09_1248_1792,2
GEO_R09_2080_0512,3
GEO_R09_0512_1408,4
GEO_R09_2272_2016,3
GEO_R09_1920_0640,3
GEO_R09_2304_1760,3
GEO_R09_1568_0320,4
GEO_R09_1120_1152,4
GEO_R09_2016_0352,3
GEO_R09_0480_1760,4
GEO_R09_0384_2048,3
GEO_R09_2144_1664,3
GEO_R09_0928_1280,4
GEO_R09_2112_0288,3
GEO_R09_1216_0416,4
GEO_R09_2176_0480,3
GEO_R09_0480_0000,4
GEO_R09_2176_0000,3
GEO_R09_0960_1408,4
GEO_R09_2016_0672,3
GEO_R09_2112_0640,3
GEO_R09_0864_1472,4
GEO_R09_0800_1152,4
GEO_R09_2240_0320,3
GEO_R09_1952_1184,3
GEO_R09_1952_0256,3
GEO_R09_1856_1152,3
GEO_R09_2208_1728,3
GEO_R09_2240_1888,3
GEO_R09_2048_0448,3
GEO_R09_1376_0896,4
GEO_R09_2208_1888,3
GEO_R09_1280_1888,4
GEO_R09_1248_2016,3
GEO_R09_1216_1120,4
GEO_R09_0768_1152,4
GEO_R09_1408_0832,4
GEO_R09_1536_0416,4
GEO_R09_1664_0768,3
GEO_R09_2144_0352,3
GEO_R09_0864_1440,4
GEO_R09_0736_1344,4
GEO_R09_2144_1888,3
GEO_R09_1952_0096,3
GEO_R09_2176_1600,3
GEO_R09_1888_1664,4
GEO_R09_1984_2240,3
GEO_R09_2208_1632,3
GEO_R09_1536_0512,4
GEO_R09_2272_0384,3
GEO_R09_1248_2080,3
GEO_R09_1952_0352,3
GEO_R09_0768_1024,4
GEO_R09_1184_0864,4
GEO_R09_0704_2112,3
GEO_R09_0224_1504,4
GEO_R09_1696_1216,3
GEO_R09_0480_2240,4
GEO_R09_2048_0000,3
GEO_R09_0224_1536,4
GEO_R09_0672_1024,4
GEO_R09_1344_0704,4
GEO_R09_1088_0768,4
GEO_R09_1216_1312,4
GEO_R09_1280_1632,4
GEO_R09_1088_1344,4
GEO_R09_1568_0736,3
GEO_R09_1472_1504,4
GEO_R09_2336_0480,3
GEO_R09_2016_0160,3
GEO_R09_1088_1312,4
GEO_R09_1280_2272,3
GEO_R09_1472_1408,4
GEO_R09_2176_0608,3
GEO_R09_2336_0192,3
GEO_R09_0128_1440,4
GEO_R09_0032_0128,4
GEO_R09_1024_1888,4
GEO_R09_1184_1088,4
GEO_R09_2240_1536,3
GEO_R09_1856_0096,3
GEO_R09_0992_0832,4
GEO_R09_0608_0576,4
GEO_R09_2048_1952,3
GEO_R09_1696_0320,4
GEO_R09_2272_0224,3
GEO_R09_2048_0416,3
GEO_R09_1920_1248,3
GEO_R09_0416_2272,4
GEO_R09_0800_1632,0
GEO_R09_1152_1056,4
GEO_R09_2176_0704,3
GEO_R09_1920_1472,3
GEO_R09_2240_1952,3
GEO_R09_2144_1024,4
GEO_R09_1312_2048,3
GEO_R09_2208_0448,3
GEO_R09_1152_1376,4
GEO_R09_0800_0768,4
GEO_R09_0608_1408,4
GEO_R09_1184_1408,4
GEO_R09_2016_1632,3
GEO_R09_0960_0864,4
GEO_R09_1920_1728,4
GEO_R09_1600_0768,3
GEO_R09_0992_0992,4
GEO_R09_0512_1440,4
GEO_R09_0480_1792,4
GEO_R09_1920_0192,3
GEO_R09_1888_1152,3
GEO_R09_0160_1440,4
GEO_R09_0480_1824,4
GEO_R09_1088_0832,4
GEO_R09_1632_1184,3
GEO_R09_1152_1152,4
GEO_R09_2048_0128,3
GEO_R09_0448_1856,4
GEO_R09_2336_1920,3
GEO_R09_2176_0064,3
GEO_R09_0928_1472,4
GEO_R09_2080_0352,3
GEO_R09_2144_1760,3
GEO_R09_1216_1344,4
GEO_R09_1376_2208,3
GEO_R09_1152_1120,4
GEO_R09_0064_0096,4
GEO_R09_1248_0096,3
GEO_R09_2240_0224,3
GEO_R09_2336_0000,3
GEO_R09_0928_1504,4
GEO_R09_0832_1152,4
GEO_R09_0128_1536,4
GEO_R09_0480_1376,4
GEO_R09_0352_1472,4
GEO_R09_0480_2272,4
GEO_R09_1664_0128,4
GEO_R09_1024_2240,3
GEO_R09_2080_1920,3
GEO_R09_0832_1408,4
GEO_R09_2112_0256,3
GEO_R09_0032_0160,4
GEO_R09_0608_2016,4
GEO_R09_0576_0320,4
GEO_R09_1824_0864,4
GEO_R09_0768_0992,4
GEO_R09_0928_1024,4
GEO_R09_1728_0608,4
GEO_R09_1248_1280,4
GEO_R09_0768_0960,4
GEO_R09_2176_0320,3
GEO_R09_1952_1856,3
GEO_R09_1984_0640,3
GEO_R09_1824_2080,3
GEO_R09_2048_0256,3
GEO_R09_2272_1568,3
GEO_R09_0992_1472,4
GEO_R09_1280_0960,4
GEO_R09_1664_0032,3
GEO_R09_0768_1344,4
GEO_R09_0992_1408,4
GEO_R09_0864_1152,4
GEO_R09_2144_0640,3
GEO_R09_1152_1088,4
GEO_R09_1792_1216,3
GEO_R09_0256_0608,4
GEO_R09_1152_0928,4
GEO_R09_0928_1344,4
GEO_R09_0352_0992,4
GEO_R09_1792_0288,3
GEO_R09_1952_1440,3
GEO_R09_2304_0928,0
GEO_R09_0288_0640,4
GEO_R09_1024_1440,4
GEO_R09_2176_1760,3
GEO_R09_2336_0320,3
GEO_R09_1824_1184,3
GEO_R09_2016_1216,3
GEO_R09_0640_2336,4
GEO_R09_1664_0192,4
GEO_R09_2336_1632,3
GEO_R09_2304_1536,3
GEO_R09_2176_0448,3
GEO_R09_1984_1856,3
GEO_R09_0864_1184,4
GEO_R09_2240_1664,3
GEO_R09_2304_0032,3
GEO_R09_2144_0608,3
GEO_R09_1888_0160,3
GEO_R09_1280_1216,4
GEO_R09_2176_0192,3
GEO_R09_0832_1344,4
GEO_R09_1024_1600,4
GEO_R09_1088_1600,4
GEO_R09_2112_1696,3
GEO_R09_0992_1504,4
GEO_R09_1280_1152,4
GEO_R09_1792_1984,3
GEO_R09_2112_1536,3
GEO_R09_1952_1216,3
GEO_R09_1696_1408,3
GEO_R09_1248_1344,4
GEO_R09_0768_0704,4
GEO_R09_2240_1568,3
GEO_R09_1536_0384,4
GEO_R09_1600_0224,4
GEO_R09_1088_0736,4
GEO_R09_0416_1536,4
GEO_R09_0960_0960,4
GEO_R09_1216_1280,4
GEO_R09_0960_1536,4
GEO_R09_2112_1888,3
GEO_R09_1088_1376,4
GEO_R09_2272_1536,3
GEO_R09_2112_0320,3
GEO_R09_1696_1184,3
GEO_R09_2336_1792,3
GEO_R09_0544_0608,4
GEO_R09_1312_1600,4
GEO_R09_2080_1248,3
GEO_R09_1248_0928,4
GEO_R09_1408_0448,4
GEO_R09_1504_0416,4
GEO_R09_1920_0416,3
GEO_R09_0768_1408,4
GEO_R09_2336_1952,3
GEO_R09_1920_1664,4
GEO_R09_1056_2240,3
GEO_R09_0704_2176,3
GEO_R09_2176_0416,3
GEO_R09_0832_2336,3
GEO_R09_1536_0608,4
GEO_R09_1344_0160,3
GEO_R09_2080_0320,3
GEO_R09_0928_1536,4
GEO_R09_1184_1120,4
GEO_R09_2272_1088,2
GEO_R09_0992_1056,4
GEO_R09_0512_0032,4
GEO_R09_1856_1376,3
GEO_R09_0768_1120,4
GEO_R09_1984_2208,3
GEO_R09_2144_0000,3
GEO_R09_0896_1344,4
GEO_R09_1184_0704,4
GEO_R09_0064_0832,4
GEO_R09_1984_0320,3
GEO_R09_1472_1056,4
GEO_R09_2112_1920,3
GEO_R09_1920_1152,3
GEO_R09_1312_1408,4
GEO_R09_2048_0704,3
GEO_R09_2176_1664,3
GEO_R09_0800_2336,3
GEO_R09_2080_0064,3
GEO_R09_2016_1280,3
GEO_R09_2176_2016,3
GEO_R09_1504_0384,4
GEO_R09_1760_0288,3
GEO_R09_2144_0192,3
GEO_R09_2016_0640,3
GEO_R09_1568_0352,4
GEO_R09_1792_0960,3
GEO_R09_1408_1056,4
GEO_R09_0704_1376,4
GEO_R09_1408_0032,4
GEO_R09_1952_2208,3
GEO_R09_1600_0000,3
GEO_R09_0736_1600,4
GEO_R09_1728_1440,3
GEO_R09_2304_0960,0
GEO_R09_0960_1024,4
GEO_R09_1792_0320,3
GEO_R09_1440_1920,4
GEO_R09_1920_0128,3
GEO_R09_0512_0416,4
GEO_R09_0960_1440,4
GEO_R09_0960_0992,4
GEO_R09_1344_0800,4
GEO_R09_1696_1440,3
GEO_R09_0480_1408,4
GEO_R09_0672_1504,4
GEO_R09_1984_1056,4
GEO_R09_0544_0448,4
GEO_R09_2272_0160,3
GEO_R09_2336_1024,3
GEO_R09_2304_0448,3
GEO_R09_2240_0096,3
GEO_R09_0736_0992,4
GEO_R09_1184_0992,4
GEO_R09_1344_1344,4
GEO_R09_1728_0800,3
GEO_R09_1248_1824,2
GEO_R09_1280_1824,2
GEO_R09_1856_0672,4
GEO_R09_2112_0192,3
GEO_R09_1152_1472,4
GEO_R09_2336_0640,3
GEO_R09_0288_0608,4
GEO_R09_0448_2304,4
GEO_R09_1440_1440,4
GEO_R09_2048_1216,3
GEO_R09_1120_1024,4
GEO_R09_0064_1344,4
GEO_R09_2016_1536,3
GEO_R09_2080_0384,3
GEO_R09_0896_1504,4
GEO_R09_1120_0864,4
GEO_R09_2336_1664,3
GEO_R09_0832_1504,4
GEO_R09_1472_1280,4
GEO_R09_2304_0000,3
GEO_R09_0672_1472,4
GEO_R09_0896_1312,4
GEO_R09_0704_0352,4
GEO_R09_2048_0096,3
GEO_R09_0128_1504,4
GEO_R09_1152_0864,4
GEO_R09_2048_0032,3
GEO_R09_2240_1600,3
GEO_R09_0640_1344,4
GEO_R09_0864_1408,4
GEO_R09_1344_2208,3
GEO_R09_0832_0800,4
GEO_R09_1312_1376,4
GEO_R09_1728_1408,3
GEO_R09_1184_1184,4
GEO_R09_0640_2144,3
GEO_R09_2144_1696,3
GEO_R09_1984_1216,3
GEO_R09_2144_0384,3
GEO_R09_1824_1152,3
GEO_R09_0896_1216,4
GEO_R09_2304_0160,3
GEO_R09_0992_1536,4
GEO_R09_0704_0736,4
GEO_R09_1312_2272,3
GEO_R09_0832_1376,4
GEO_R09_1856_1728,4
GEO_R09_2336_1600,3
GEO_R09_1920_0032,3
GEO_R09_1792_0352,3
GEO_R09_1024_1120,4
GEO_R09_0416_2048,3
GEO_R09_1952_0448,3
GEO_R09_0960_1600,4
GEO_R09_2048_1536,3
GEO_R09_1216_0928,4
GEO_R09_1952_0384,3
GEO_R09_0544_0352,4
GEO_R09_2336_2016,3
GEO_R09_0928_2176,4
GEO_R09_1216_0384,4
GEO_R09_0896_1536,4
GEO_R09_2176_2208,3
GEO_R09_2240_1984,3
GEO_R09_0096_1984,4
GEO_R09_2080_0224,3
GEO_R09_1280_1376,4
GEO_R09_0960_1376,4
GEO_R09_0224_2144,3
GEO_R09_2176_1056,4
GEO_R09_2016_0288,3
GEO_R09_2112_1024,4
GEO_R09_2304_2016,3
GEO_R09_1312_0960,4
GEO_R09_0096_1568,4
GEO_R09_0704_2144,3
GEO_R09_0992_1376,4
GEO_R09_1632_0192,4
GEO_R09_1216_0992,4
GEO_R09_2208_0384,3
GEO_R09_1280_2336,3
GEO_R09_1824_0320,3
GEO_R09_2240_0416,3
GEO_R09_1344_1376,4
GEO_R09_0576_0448,4
GEO_R09_2176_1856,3
GEO_R09_1056_1600,4
GEO_R09_1344_2240,3
GEO_R09_1280_1120,4
GEO_R09_0864_0384,3
GEO_R09_2016_0320,3
GEO_R09_1440_1280,4
GEO_R09_1888_1184,3
GEO_R09_0832_1536,4
GEO_R09_2304_2208,4
GEO_R09_0192_0864,4
GEO_R09_1024_1280,4
GEO_R09_0928_1376,4
GEO_R09_1376_2240,3
GEO_R09_2176_0032,3
GEO_R09_0736_0960,4
GEO_R09_0704_0992,4
GEO_R09_1056_1408,4
GEO_R09_0768_1536,4
GEO_R09_2272_1824,3
GEO_R09_0480_0320,4
GEO_R09_2080_1536,3
GEO_R09_1984_0128,3
GEO_R09_2144_1344,4
GEO_R09_0896_1088,4
GEO_R09_0192_1344,4
GEO_R09_1824_1216,3
GEO_R09_1024_2336,3
GEO_R09_1216_1184,4
GEO_R09_0096_1472,4
GEO_R09_2208_0000,3
GEO_R09_0512_0288,4
GEO_R09_1280_2304,3
GEO_R09_0256_1120,4
GEO_R09_2080_0288,3
GEO_R09_2144_1728,3
GEO_R09_0704_1568,4
GEO_R09_2144_0224,3
GEO_R09_1696_0576,4
GEO_R09_1664_1376,3
GEO_R09_1120_1344,4
GEO_R09_1792_2240,3
GEO_R09_2240_0288,3
GEO_R09_1888_0128,3
GEO_R09_0992_1120,4
GEO_R09_2112_1504,3
GEO_R09_0480_1856,4
GEO_R09_0160_1472,4
GEO_R09_0352_1888,4
GEO_R09_0544_1408,4
GEO_R09_1504_1952,4
GEO_R09_1824_1120,3
GEO_R09_0992_1216,4
GEO_R09_2336_0288,3
GEO_R09_2048_0064,3
GEO_R09_1984_0384,3
GEO_R09_0640_0672,4
GEO_R09_1440_1248,4
GEO_R09_2048_0672,3
GEO_R09_1792_1184,3
GEO_R09_2304_1888,3
GEO_R09_2080_1600,3
GEO_R09_1952_0640,3
GEO_R09_2240_0448,3
GEO_R09_1152_1184,4
GEO_R09_1152_0992,4
GEO_R09_2144_0416,3
GEO_R09_2272_1632,3
GEO_R09_1248_1312,4
GEO_R09_1152_0832,4
GEO_R09_0960_2208,4
GEO_R09_1216_1056,4
GEO_R09_0480_0064,4
GEO_R09_1600_0832,3
GEO_R09_1984_0672,3
GEO_R09_1920_1920,4
GEO_R09_2208_0256,3
GEO_R09_2144_1248,3
GEO_R09_0320_1056,4
GEO_R09_0640_1408,4
GEO_R09_0928_1088,4
GEO_R09_2048_1312,3
GEO_R09_2176_2240,3
GEO_R09_0384_1472,4
GEO_R09_1664_1408,3
GEO_R09_0928_1152,4
GEO_R09_2176_1088,4
GEO_R09_0928_1056,4
GEO_R09_0480_2336,4
GEO_R09_0992_1600,4
GEO_R09_2144_1600,3
GEO_R09_1312_1216,4
GEO_R09_1280_0928,4
GEO_R09_1952_1248,3
GEO_R09_0160_0864,4
GEO_R09_1344_1120,4
GEO_R09_0864_0416,3
GEO_R09_1216_0896,4
GEO_R09_2208_1952,3
GEO_R09_0800_0992,4
GEO_R09_0992_0928,4
GEO_R09_1312_1120,4
GEO_R09_0672_0736,4
GEO_R09_1792_1248,3
GEO_R09_1440_1088,4
GEO_R09_1440_2080,3
GEO_R09_1248_1184,4
GEO_R09_2112_0032,3
GEO_R09_1792_2208,3
GEO_R09_2336_2208,4
GEO_R09_1952_1824,3
GEO_R09_1184_1376,4
GEO_R09_1344_0928,4
GEO_R09_2048_0320,3
GEO_R09_1408_1376,4
GEO_R09_1952_0000,3
GEO_R09_1184_0960,4
GEO_R09_1504_0608,4
GEO_R09_0992_1312,4
GEO_R09_0288_1088,4
GEO_R09_1600_2336,3
GEO_R09_1408_1088,4
GEO_R09_1920_0896,4
GEO_R09_0896_0864,4
GEO_R09_1024_1184,4
GEO_R09_2080_1952,3
GEO_R09_1792_1664,3
GEO_R09_1664_2208,3
GEO_R09_0768_1568,4
GEO_R09_0800_1408,4
GEO_R09_2176_1120,4
GEO_R09_1312_0832,4
GEO_R09_2112_0416,3
GEO_R09_0832_0864,4
GEO_R09_1088_1408,4
GEO_R09_2016_0032,3
GEO_R09_0928_1248,4
GEO_R09_0896_1440,4
GEO_R09_1536_0576,4
GEO_R09_1312_1504,4
GEO_R09_1664_0576,4
GEO_R09_0512_1760,4
GEO_R09_0832_1312,4
GEO_R09_1024_1152,4
GEO_R09_1696_0000,3
GEO_R09_0768_1184,4
GEO_R09_0992_1184,4
GEO_R09_2112_0000,3
GEO_R09_2240_0384,3
GEO_R09_1120_1216,4
GEO_R09_0896_1472,4
GEO_R09_1280_0864,4
GEO_R09_1152_0896,4
GEO_R09_1056_1184,4
GEO_R09_0512_1472,4
GEO_R09_0992_2112,4
GEO_R09_1216_1024,4
GEO_R09_1344_0960,4
GEO_R09_1376_1056,4
GEO_R09_0512_0320,4
GEO_R09_2240_0480,3
GEO_R09_0544_1760,4
GEO_R09_0160_1376,4
GEO_R09_0576_1408,4
GEO_R09_1312_1056,4
GEO_R09_0544_0480,4
GEO_R09_0256_1504,4
GEO_R09_0448_1824,4
GEO_R09_2176_0288,3
GEO_R09_1824_0672,4
GEO_R09_1312_1664,4
GEO_R09_1952_0032,3
GEO_R09_2208_1920,3
GEO_R09_1664_2304,3
GEO_R09_1856_0416,3
GEO_R09_0160_1344,4
GEO_R09_0448_1536,4
GEO_R09_2080_0096,3
GEO_R09_1952_0736,3
GEO_R09_1184_0896,4
GEO_R09_0416_1440,4
GEO_R09_1664_0608,4
GEO_R09_2080_0192,3
GEO_R09_0160_1504,4
GEO_R09_0672_1568,4
GEO_R09_2144_0032,3
GEO_R09_1344_1408,4
GEO_R09_1184_1280,4
GEO_R09_0864_1344,4
GEO_R09_1504_1920,4
GEO_R09_1280_1472,4
GEO_R09_1248_2336,3
GEO_R09_2016_0416,3
GEO_R09_0896_1408,4
GEO_R09_2208_1792,3
GEO_R09_1344_0832,4
GEO_R09_1984_0448,3
GEO_R09_2112_0992,4
GEO_R09_2304_1600,3
GEO_R09_1120_1376,4
GEO_R09_2080_0704,3
GEO_R09_1440_2176,3
GEO_R09_0960_1312,4
GEO_R09_1952_1696,4
GEO_R09_2304_1824,3
GEO_R09_1632_0160,4
GEO_R09_0512_1376,4
GEO_R09_0544_0384,4
GEO_R09_0736_1024,4
GEO_R09_1216_1088,4
GEO_R09_2336_1760,3
GEO_R09_1824_2112,3
GEO_R09_2176_1984,3
GEO_R09_0960_1184,4
GEO_R09_0928_0960,4
GEO_R09_0992_1248,4
GEO_R09_1216_1248,4
GEO_R09_1440_1376,4
GEO_R09_1440_1056,4
GEO_R09_2304_2080,3
GEO_R09_0448_0032,4
GEO_R09_1600_0736,3
GEO_R09_1952_0064,3
GEO_R09_2048_0384,3
GEO_R09_0864_1248,4
GEO_R09_1376_1088,4
GEO_R09_1152_0960,4
GEO_R09_1088_1184,4
GEO_R09_0480_2304,4
GEO_R09_0416_1792,4
GEO_R09_0800_1120,4
GEO_R09_2240_2112,3
GEO_R09_1920_1696,4
GEO_R09_2080_0256,3
GEO_R09_1088_1504,4
GEO_R09_2240_0000,3
GEO_R09_1184_1152,4
GEO_R09_2336_1696,3
GEO_R09_0864_1536,4
GEO_R09_1408_0864,4
GEO_R09_0320_1504,4
GEO_R09_0096_0928,4
GEO_R09_0544_1440,4
GEO_R09_2176_1696,3
GEO_R09_2336_1984,3
GEO_R09_2272_0064,3
GEO_R09_2144_1632,3
GEO_R09_2176_0384,3
GEO_R09_0640_1024,4
GEO_R09_0640_0448,4
GEO_R09_1696_0288,4
GEO_R09_2144_0320,3
GEO_R09_1312_1248,4
GEO_R09_2336_0672,3
GEO_R09_0384_0704,4
GEO_R09_1184_0928,4
GEO_R09_0576_1440,4
GEO_R09_1728_1184,3
GEO_R09_1024_1920,4
GEO_R09_0768_0672,4
GEO_R09_1216_1216,4
GEO_R09_1888_1632,4
GEO_R09_2304_1696,3
GEO_R09_2240_1920,3
GEO_R09_2176_1792,3
GEO_R09_2080_1280,3
GEO_R09_0480_0352,4
GEO_R09_1952_0128,3
GEO_R09_0800_1344,4
GEO_R09_1568_2336,3
GEO_R09_1312_0160,3
GEO_R09_0256_1152,4
GEO_R09_0384_1184,4
GEO_R09_1056_1376,4
GEO_R09_1856_2304,3
GEO_R09_0448_0064,4
GEO_R09_1184_1440,4
GEO_R09_1504_1120,4
GEO_R09_1984_0096,3
GEO_R09_0288_1952,4
GEO_R09_0800_1536,4
GEO_R09_1472_1120,4
GEO_R09_0672_1440,4
GEO_R09_1984_0000,3
GEO_R09_1248_0896,4
GEO_R09_1760_1184,3
GEO_R09_2208_0288,3
GEO_R09_2016_0000,3
GEO_R09_0288_1184,4
GEO_R09_1984_0352,3
GEO_R09_1184_1248,4
GEO_R09_1120_1248,4
GEO_R09_0960_1280,4
GEO_R09_2304_1920,3
GEO_R09_1568_1952,4
GEO_R09_1664_2336,3
GEO_R09_1984_1824,3
GEO_R09_1952_0160,3
GEO_R09_0960_1472,4
GEO_R09_1984_1248,3
GEO_R09_0032_0864,4
GEO_R09_1120_1312,4
GEO_R09_1440_2208,3
GEO_R09_2048_1248,3
GEO_R09_0448_2272,4
GEO_R09_0992_0960,4
GEO_R09_2336_2240,4
GEO_R09_2272_0000,3
GEO_R09_0992_1440,4
GEO_R09_1184_0768,4
GEO_R09_0864_1312,4
GEO_R09_2208_1824,3
GEO_R09_1344_0128,3
GEO_R09_2304_0288,3
GEO_R09_2080_0128,3
GEO_R09_2272_0416,3
GEO_R09_0672_0448,4
GEO_R09_2240_0192,3
GEO_R09_1152_1408,4
GEO_R09_1632_0864,3
GEO_R09_0512_0480,4
GEO_R09_0992_0864,4
GEO_R09_0768_1440,4
GEO_R09_0704_0320,4
GEO_R09_0832_0896,4
GEO_R09_0576_0352,4
GEO_R09_1632_2208,3
GEO_R09_2240_2080,3
GEO_R09_2176_1632,3
GEO_R09_0576_0416,4
GEO_R09_1312_0864,4
GEO_R09_0768_0768,4
GEO_R09_2112_1952,3
GEO_R09_2336_0160,3
GEO_R09_0512_0608,4
GEO_R09_2112_0352,3
GEO_R09_1920_0384,3
GEO_R09_2304_0480,3
GEO_R09_0096_0832,4
GEO_R09_1984_1280,3
GEO_R09_0704_1536,4
GEO_R09_0128_1056,4
GEO_R09_1472_1888,4
GEO_R09_0480_0576,4
GEO_R09_1120_0832,4
GEO_R09_1280_1056,4
GEO_R09_2144_0448,3
GEO_R09_0960_2176,4
GEO_R09_2272_0032,3
GEO_R09_0480_2208,4
GEO_R09_1280_1280,4
GEO_R09_2016_0256,3
GEO_R09_2272_2048,3
GEO_R09_0800_2176,4
GEO_R09_2176_1504,3
GEO_R09_1120_1280,4
GEO_R09_2336_1728,3
GEO_R09_0960_1504,4
GEO_R09_1888_0032,3
GEO_R09_1152_0768,4
GEO_R09_2208_1600,3
GEO_R09_0544_0416,4
GEO_R09_2176_1824,3
GEO_R09_0512_1792,4
GEO_R09_1728_1248,3
GEO_R09_1600_2272,3
GEO_R09_0672_0672,4
GEO_R09_2208_0064,3
GEO_R09_1600_0256,4
GEO_R09_2080_1984,3
GEO_R09_1216_0704,4
GEO_R09_2272_1984,3
GEO_R09_2208_0416,3
GEO_R09_1472_1536,4
GEO_R09_0192_1376,4
GEO_R09_2336_2176,4
GEO_R09_1024_2304,3
GEO_R09_0960_1248,4
GEO_R09_2208_0160,3
GEO_R09_2112_1248,3
GEO_R09_0960_1152,4
GEO_R09_2176_0640,3
GEO_R09_1632_1856,0
GEO_R09_2304_0192,3
GEO_R09_1312_1312,4
GEO_R09_0736_1312,4
GEO_R09_1344_1504,4
GEO_R09_1312_1280,4
GEO_R09_1056_0800,4
GEO_R09_1600_0864,3
GEO_R09_1856_0160,3
GEO_R09_0416_1504,4
GEO_R09_0288_1504,4
GEO_R09_1920_0672,3
GEO_R09_1440_1472,4
GEO_R09_0128_0864,4
GEO_R09_0096_1536,4
GEO_R09_1152_1216,4
GEO_R09_1152_0736,4
GEO_R09_1984_0192,3
GEO_R09_1952_0224,3
GEO_R09_1312_2240,3
GEO_R09_1952_0416,3
GEO_R09_1152_0704,4
GEO_R09_0800_0704,4
GEO_R09_1408_0896,4
GEO_R09_0672_0384,4
GEO_R09_0288_1536,4
GEO_R09_2176_1344,4
GEO_R09_1824_0096,3
GEO_R09_2144_1920,3
GEO_R09_2048_1408,3
GEO_R09_0736_1056,4
GEO_R09_2144_1952,3
GEO_R09_0096_0896,4
GEO_R09_2080_1504,3
GEO_R09_1696_1376,3
GEO_R09_1824_0352,3
GEO_R09_0640_2304,4
GEO_R09_1024_1344,4
GEO_R09_2080_0032,3
GEO_R09_0032_0832,4
GEO_R09_0800_0736,4
GEO_R09_1056_1312,4
GEO_R09_2112_0224,3
GEO_R09_2304_0320,3
GEO_R09_1920_1088,3
GEO_R09_2208_1664,3
GEO_R09_2304_1728,3
GEO_R09_2272_0192,3
GEO_R09_0192_1440,4
GEO_R09_0192_0896,4
GEO_R09_2208_1568,3
GEO_R09_0192_1312,4
GEO_R09_1184_1472,4
GEO_R09_0608_1920,4
GEO_R09_1120_0896,4
GEO_R09_1248_1760,2
GEO_R09_2048_0160,3
GEO_R09_0448_0000,4
GEO_R09_1888_0064,3
GEO_R09_1376_0704,4
GEO_R09_1280_0992,4
GEO_R09_1792_1632,3
GEO_R09_2208_1536,3
GEO_R09_1216_0864,4
GEO_R09_2304_1632,3
GEO_R09_2048_0224,3
GEO_R09_0672_1344,4
GEO_R09_1440_0896,4
GEO_R09_1440_1504,4
GEO_R09_1184_1024,4
GEO_R09_1344_1088,4
GEO_R09_1248_1024,4
GEO_R09_0672_2176,3
GEO_R09_2016_0096,3
GEO_R09_1760_0320,3
GEO_R09_2016_0128,3
GEO_R09_2080_0160,3
GEO_R09_0608_1440,4
GEO_R09_2176_1024,4
GEO_R09_1312_1088,4
GEO_R09_0544_1472,4
GEO_R09_0096_1088,4
GEO_R09_0480_0032,4
GEO_R09_2112_0384,3
GEO_R09_0160_0480,0
GEO_R09_0064_0896,4
GEO_R09_1440_2112,3
GEO_R09_2240_0032,3
GEO_R09_0928_0992,4
GEO_R09_1856_1344,3
GEO_R09_0544_0288,4
GEO_R09_1120_1504,4
GEO_R09_2080_0416,3
GEO_R09_1920_1184,3
GEO_R09_1632_2240,3
GEO_R09_1888_1216,3
GEO_R09_2176_1920,3
GEO_R09_2112_1600,3
GEO_R09_1920_1440,3
GEO_R09_0480_1440,4
GEO_R10_2112_1920,3
GEO_R10_2176_1792,3
GEO_R10_1600_0448,0
GEO_R10_0768_0896,0
GEO_R10_0128_2240,3
GEO_R10_2080_1888,3
GEO_R10_2048_2176,3
GEO_R10_1728_1856,3
GEO_R10_0000_2144,3
GEO_R10_0992_0736,0
GEO_R10_0384_2240,4
GEO_R10_1248_0608,0
GEO_R10_1760_0960,4
GEO_R10_0288_1984,3
GEO_R10_1440_0864,0
GEO_R10_0032_0640,0
GEO_R10_1856_1920,3
GEO_R10_1472_1088,0
GEO_R10_2336_1184,3
GEO_R10_0288_1664,3
GEO_R10_2304_2176,3
GEO_R10_1728_2208,3
GEO_R10_0000_1920,3
GEO_R10_0928_0352,0
GEO_R10_0512_0800,0
GEO_R10_2208_1216,3
GEO_R10_1280_0896,0
GEO_R10_1152_0256,0
GEO_R10_0864_1120,0
GEO_R10_1152_1280,4
GEO_R10_0640_1024,0
GEO_R10_1440_1536,0
GEO_R10_1120_1184,4
GEO_R10_0192_1888,3
GEO_R10_2048_0512,3
GEO_R10_2208_1280,3
GEO_R10_0544_0992,0
GEO_R10_0128_2336,3
GEO_R10_0000_2208,3
GEO_R10_2112_0160,3
GEO_R10_0128_0480,3
GEO_R10_1184_1312,4
GEO_R10_0640_0896,0
GEO_R10_0224_0896,0
GEO_R10_2240_2048,0
GEO_R10_0992_0640,2
GEO_R10_0768_0736,0
GEO_R10_1152_1184,4
GEO_R10_2272_0224,2
GEO_R10_0672_1120,0
GEO_R10_0160_0448,3
GEO_R10_1664_2208,3
GEO_R10_2208_0512,3
GEO_R10_0736_0672,0
GEO_R10_1312_0608,0
GEO_R10_0640_1088,0
GEO_R10_0128_2144,3
GEO_R10_1696_0224,0
GEO_R10_2240_0512,3
GEO_R10_1504_1312,0
GEO_R10_1568_0928,0
GEO_R10_1280_0640,0
GEO_R10_1760_0320,0
GEO_R10_2144_1760,3
GEO_R10_1152_0288,0
GEO_R10_0832_0928,0
GEO_R10_1952_2336,3
GEO_R10_0544_0800,0
GEO_R10_1280_0608,0
GEO_R10_0192_0864,0
GEO_R10_1280_0864,0
GEO_R10_1248_1184,4
GEO_R10_1536_0480,0
GEO_R10_1504_1760,3
GEO_R10_1120_1152,4
GEO_R10_1312_0800,0
GEO_R10_0096_0992,3
GEO_R10_1472_1280,0
GEO_R10_1504_0896,0
GEO_R10_0032_2240,3
GEO_R10_1888_1920,3
GEO_R10_0096_2144,3
GEO_R10_1728_0800,2
GEO_R10_0640_1120,0
GEO_R10_0160_1920,3
GEO_R10_1664_2240,3
GEO_R10_1728_2176,3
GEO_R10_0320_1760,3
GEO_R10_1440_0192,0
GEO_R10_1728_0928,4
GEO_R10_0416_1984,3
GEO_R10_0960_0384,0
GEO_R10_0800_0896,0
GEO_R10_1760_0992,4
GEO_R10_1152_0576,0
GEO_R10_1536_1312,0
GEO_R10_0928_0896,0
GEO_R10_0000_1888,3
GEO_R10_0448_1824,0
GEO_R10_0736_0800,0
GEO_R10_0160_1024,3
GEO_R10_1856_0480,2
GEO_R10_0736_0640,0
GEO_R10_0800_0832,0
GEO_R10_0864_0896,0
GEO_R10_1280_0768,0
GEO_R10_0896_0896,0
GEO_R10_0992_0800,0
GEO_R10_1184_1056,4
GEO_R10_1536_0448,0
GEO_R10_1184_1120,4
GEO_R10_1152_1152,4
GEO_R10_2112_1856,3
GEO_R10_0768_0864,0
GEO_R10_1824_2336,3
GEO_R10_1568_0736,0
GEO_R10_0224_1024,3
GEO_R10_0960_0768,0
GEO_R10_0608_0960,0
GEO_R10_0096_2304,3
GEO_R10_1760_2304,3
GEO_R10_0608_1024,0
GEO_R10_1664_0384,0
GEO_R10_0480_1952,3
GEO_R10_0512_0704,0
GEO_R10_2144_0000,3
GEO_R10_0320_1952,3
GEO_R10_1472_1216,0
GEO_R10_0032_1792,0
GEO_R10_2176_1760,3
GEO_R10_0672_0544,4
GEO_R10_1440_2336,0
GEO_R10_1920_0672,2
GEO_R10_1760_0832,2
GEO_R10_0000_2304,3
GEO_R10_2240_1536,3
GEO_R10_2208_1536,3
GEO_R10_1184_1184,4
GEO_R10_1248_1216,4
GEO_R10_0576_0992,0
GEO_R10_1664_0480,0
GEO_R10_1248_0832,0
GEO_R10_1760_2272,3
GEO_R10_2048_0864,2
GEO_R10_1888_1376,4
GEO_R10_1280_0832,0
GEO_R10_2240_1280,3
GEO_R10_1152_1312,4
GEO_R10_1280_0736,0
GEO_R10_0064_2304,3
GEO_R10_1472_1120,0
GEO_R10_1856_0512,2
GEO_R10_1280_0704,0
GEO_R10_1056_0736,0
GEO_R10_2240_0064,3
GEO_R10_1984_0224,3
GEO_R10_1216_0672,0
GEO_R10_1952_1984,3
GEO_R10_0096_0480,3
GEO_R10_1440_1120,0
GEO_R10_2208_1696,3
GEO_R10_1344_0800,0
GEO_R10_0192_0992,3
GEO_R10_1152_0544,0
GEO_R10_1696_2208,3
GEO_R10_0544_1024,0
GEO_R10_1824_1920,3
GEO_R10_0736_0512,0
GEO_R10_0096_2336,3
GEO_R10_1536_0960,0
GEO_R10_2240_0096,3
GEO_R10_1568_0288,5
GEO_R10_0320_0768,5
GEO_R10_0096_1952,3
GEO_R10_1536_0384,0
GEO_R10_1920_2112,3
GEO_R10_2208_1728,3
GEO_R10_0736_0544,0
GEO_R10_0672_1024,0
GEO_R10_0640_1408,4
GEO_R10_0864_0832,0
GEO_R10_0768_1088,0
GEO_R10_1408_1376,0
GEO_R10_1152_1120,4
GEO_R10_1632_0448,0
GEO_R10_0768_0512,0
GEO_R10_1472_1056,0
GEO_R10_0160_0480,3
GEO_R10_0672_2144,3
GEO_R10_0192_1024,3
GEO_R10_1664_2144,3
GEO_R10_2176_1728,3
GEO_R10_1152_1088,4
GEO_R10_0352_1664,3
GEO_R10_0736_0704,0
GEO_R10_1568_0480,0
GEO_R10_1504_1664,0
GEO_R10_1312_0640,0
GEO_R10_1312_0704,0
GEO_R10_0832_0896,0
GEO_R10_0960_1248,4
GEO_R10_2112_1792,3
GEO_R10_1632_2176,3
GEO_R10_1760_0352,0
GEO_R10_2112_0192,3
GEO_R10_1344_0768,0
GEO_R10_1056_1216,4
GEO_R10_0928_0032,0
GEO_R10_1920_2336,3
GEO_R10_2016_2176,3
GEO_R10_1056_0096,4
GEO_R10_0928_0000,0
GEO_R10_0896_1088,0
GEO_R10_0320_2016,3
GEO_R10_1792_2304,3
GEO_R10_1504_0160,0
GEO_R10_2272_1504,3
GEO_R10_1024_0128,4
GEO_R10_0896_0320,0
GEO_R10_0032_0672,0
GEO_R10_0896_0832,0
GEO_R10_1056_0224,4
GEO_R10_0896_0736,0
GEO_R10_1408_0160,0
GEO_R10_0640_2112,3
GEO_R10_2304_1216,3
GEO_R10_1888_1952,3
GEO_R10_0256_0992,3
GEO_R10_1248_0864,0
GEO_R10_0192_0832,0
GEO_R10_2144_1472,0
GEO_R10_1248_0896,0
GEO_R10_0512_0896,0
GEO_R10_1760_2240,3
GEO_R10_0128_2304,3
GEO_R10_2240_1312,3
GEO_R10_0704_0800,0
GEO_R10_1472_1312,0
GEO_R10_2240_0000,3
GEO_R10_1504_0416,0
GEO_R10_0640_1888,0
GEO_R10_1984_2304,3
GEO_R10_1344_2336,0
GEO_R10_1504_0480,0
GEO_R10_0320_1632,3
GEO_R10_0032_0864,3
GEO_R10_1952_0224,3
GEO_R10_2176_1824,3
GEO_R10_0256_0960,3
GEO_R10_0544_0768,0
GEO_R10_2304_1568,3
GEO_R10_1184_0672,0
GEO_R10_1600_0640,3
GEO_R10_0832_0832,0
GEO_R10_2208_0544,3
GEO_R10_2336_2080,3
GEO_R10_1664_0192,0
GEO_R10_1184_0640,0
GEO_R10_0064_0672,0
GEO_R10_0896_0352,0
GEO_R10_1568_0096,0
GEO_R10_1216_0704,0
GEO_R10_0800_0864,0
GEO_R10_0000_2176,3
GEO_R10_2144_1952,3
GEO_R10_2048_0480,3
GEO_R10_1248_0640,0
GEO_R10_1248_0928,0
GEO_R10_0896_0928,0
GEO_R10_0000_1952,3
GEO_R10_0128_2112,3
GEO_R10_0896_0960,0
GEO_R10_2240_1568,3
GEO_R10_1344_2272,0
GEO_R10_2272_1536,3
GEO_R10_1792_2272,3
GEO_R10_1600_0480,0
GEO_R10_0960_0640,2
GEO_R10_0864_0928,0
GEO_R10_2048_0576,3
GEO_R10_1184_1152,4
GEO_R10_1376_0736,0
GEO_R10_2144_1888,3
GEO_R10_1600_0288,5
GEO_R10_1312_0896,0
GEO_R10_0608_0992,0
GEO_R10_2080_0576,3
GEO_R10_0064_1120,0
GEO_R10_0640_2144,3
GEO_R10_0064_0704,0
GEO_R10_1248_0960,0
GEO_R10_1664_2176,3
GEO_R10_0352_1632,3
GEO_R10_1568_0448,0
GEO_R10_1856_1888,3
GEO_R10_1376_2208,0
GEO_R10_1504_2336,0
GEO_R10_0096_1888,3
GEO_R10_0000_0640,0
GEO_R10_2112_1888,3
GEO_R10_2272_1568,3
GEO_R10_0416_1952,3
GEO_R10_1536_0416,0
GEO_R10_0960_0576,0
GEO_R10_2144_1568,0
GEO_R10_2272_0832,3
GEO_R10_0032_0704,0
GEO_R10_1312_0672,0
GEO_R10_2240_2016,0
GEO_R10_0096_0960,3
GEO_R10_0768_1536,4
GEO_R10_1824_1888,3
GEO_R10_2272_0480,3
GEO_R10_1856_2304,3
GEO_R10_0960_0736,0
GEO_R10_1056_1184,4
GEO_R10_0672_1056,0
GEO_R10_1248_0160,0
GEO_R10_0896_0864,0
GEO_R10_0352_1952,3
GEO_R10_0032_1952,3
GEO_R10_1792_0640,2
GEO_R10_0096_2112,3
GEO_R10_2048_0544,3
GEO_R10_1632_2208,3
GEO_R10_0192_0960,3
GEO_R10_1536_0864,0
GEO_R10_1280_0800,0
GEO_R10_0064_2272,3
GEO_R10_0608_1088,0
GEO_R10_1856_1856,3
GEO_R10_0960_1856,0
GEO_R10_1312_0768,0
GEO_R10_1888_2336,3
GEO_R10_0512_0736,0
GEO_R10_1568_0864,0
GEO_R10_0832_0864,0
GEO_R10_1088_1184,4
GEO_R10_2144_1536,0
GEO_R10_1792_0992,4
GEO_R10_1696_2144,3
GEO_R10_0192_2304,3
GEO_R10_0608_1120,0
GEO_R10_0992_1920,0
GEO_R10_1472_0864,0
GEO_R10_0800_0960,0
GEO_R10_1376_0672,0
GEO_R10_1056_0128,4
GEO_R10_1344_2240,0
GEO_R10_1152_0672,0
GEO_R10_1440_0160,0
GEO_R10_0192_2336,3
GEO_R10_1440_2208,0
GEO_R10_0064_1760,0
GEO_R10_1248_0768,0
GEO_R10_0160_2272,3
GEO_R10_2080_0544,3
GEO_R10_1344_0640,0
GEO_R10_0096_2272,3
GEO_R10_2208_1568,3
GEO_R10_0800_0928,0
GEO_R10_2176_1696,3
GEO_R10_2016_1664,3
GEO_R10_2208_1248,3
GEO_R10_1792_0320,0
GEO_R10_0064_1632,2
GEO_R10_1568_0896,0
GEO_R10_2080_1920,3
GEO_R10_1632_0480,0
GEO_R10_0160_0800,0
GEO_R10_0928_2304,3
GEO_R10_2112_1824,3
GEO_R10_2112_1952,3
GEO_R10_1280_0160,0
GEO_R10_2208_0000,3
GEO_R10_1792_2336,3
GEO_R10_0160_2336,3
GEO_R10_1280_0672,0
GEO_R10_0736_0832,0
GEO_R10_0640_0544,4
GEO_R10_1184_0576,0
GEO_R10_1504_1280,0
GEO_R10_1472_2336,0
GEO_R10_1152_0608,0
GEO_R10_0480_0896,0
GEO_R10_0672_1088,0
GEO_R10_0064_1792,0
GEO_R10_0160_2304,3
GEO_R10_1888_0512,2
GEO_R10_2208_0064,3
GEO_R10_1696_2272,3
GEO_R10_1600_0960,0
GEO_R10_1600_0096,0
GEO_R10_1376_0640,0
GEO_R10_1568_0064,0
GEO_R10_0320_1984,3
GEO_R10_1056_0160,4
GEO_R10_0800_0448,0
GEO_R10_0864_0064,4
GEO_R10_2112_0000,3
GEO_R10_2304_1600,3
GEO_R10_2208_0096,3
GEO_R10_2240_1504,3
GEO_R10_1696_2240,3
GEO_R10_2176_0000,3
GEO_R10_0256_2272,3
GEO_R10_2016_1696,3
GEO_R10_0128_1024,3
GEO_R10_1632_1344,0
GEO_R10_0416_0896,0
GEO_R10_1184_1216,4
GEO_R10_0800_1280,0
GEO_R10_1504_1248,0
GEO_R10_1408_1536,0
GEO_R10_1696_0192,0
GEO_R10_1952_1952,3
GEO_R10_1088_0576,0
GEO_R10_1024_0064,4
GEO_R10_0992_1888,0
GEO_R10_2144_1920,3
GEO_R10_1600_0928,0
GEO_R10_2272_1600,3
GEO_R10_0000_2272,3
GEO_R10_1088_1856,2
GEO_R10_0224_0992,3
GEO_R10_2272_0608,2
GEO_R10_1664_0224,0
GEO_R10_1376_2240,0
GEO_R10_0160_0992,3
GEO_R10_0768_1504,4
GEO_R10_1824_1952,3
GEO_R10_0000_2336,3
GEO_R10_1856_1376,4
GEO_R10_0448_1952,3
GEO_R10_1152_0640,0
GEO_R10_0128_2272,3
GEO_R10_1824_2272,3
GEO_R10_2272_0800,3
GEO_R10_1248_0704,0
GEO_R10_2176_1856,3
GEO_R10_2144_1504,0
GEO_R10_1504_1792,3
GEO_R10_0928_0448,0
GEO_R10_1888_1824,3
GEO_R10_1280_0128,0
GEO_R10_1408_2240,0
GEO_R10_2336_2144,3
GEO_R10_1728_0832,2
GEO_R10_1472_0832,0
GEO_R10_1696_0256,0
GEO_R10_1952_1376,0
GEO_R10_2144_1792,3
GEO_R10_1632_0064,0
GEO_R10_1568_1056,2
GEO_R10_0640_0992,0
GEO_R10_1696_1216,0
GEO_R10_0864_0864,0
GEO_R10_2080_0480,3
GEO_R10_1440_1504,0
GEO_R10_1312_0832,0
GEO_R10_0416_1024,5
GEO_R10_1152_0704,0
GEO_R10_2208_1312,3
GEO_R10_1728_1216,0
GEO_R10_0960_0832,0
GEO_R10_2272_0864,3
GEO_R10_1600_0064,0
GEO_R10_1696_1664,0
GEO_R10_1216_0640,0
GEO_R10_0096_2080,3
GEO_R10_1088_1152,4
GEO_R10_2144_1824,3
GEO_R10_0992_0768,0
GEO_R10_1728_2240,3
GEO_R10_0928_0864,0
GEO_R10_1728_2144,3
GEO_R10_2336_1216,3
GEO_R10_0064_1920,3
GEO_R10_0864_1088,0
GEO_R10_1696_0800,2
GEO_R10_0032_1920,3
GEO_R10_1184_0608,0
GEO_R10_0192_0800,0
GEO_R10_0160_2240,3
GEO_R10_0928_1856,0
GEO_R10_2208_0448,2
GEO_R10_0096_2240,3
GEO_R10_1248_0800,0
GEO_R10_0128_1920,3
GEO_R10_0032_2208,3
GEO_R10_2336_2176,3
GEO_R10_0288_2016,3
GEO_R10_0064_1888,3
GEO_R10_0896_1120,0
GEO_R10_1856_2336,3
GEO_R10_1888_0480,2
GEO_R10_1344_0736,0
GEO_R10_1760_2208,3
GEO_R10_1696_2176,3
GEO_R10_0512_0832,0
GEO_R10_0224_0864,0
GEO_R10_0736_1504,4
GEO_R10_0768_0832,0
GEO_R10_1728_2272,3
GEO_R10_1696_0352,0
GEO_R10_0224_0960,3
GEO_R10_0672_0064,4
GEO_R10_0192_1248,0
GEO_R10_1312_0736,0
GEO_R10_1408_0224,0
GEO_R10_1984_2272,3
GEO_R10_1344_0704,0
GEO_R10_1760_1504,0
GEO_R10_0000_0512,2
GEO_R10_1920_1952,3
GEO_R10_1216_0608,0
GEO_R10_1568_1248,0
GEO_R10_0960_0192,0
GEO_R10_0672_0992,0
GEO_R10_1312_0864,0
GEO_R10_2144_1856,3
GEO_R10_1184_1088,4
GEO_R10_0032_2304,3
GEO_R10_1504_1472,0
GEO_R10_2272_1984,0
GEO_R10_2208_0640,2
GEO_R10_0032_2336,3
GEO_R10_1632_2240,3
GEO_R10_0128_0992,3
GEO_R10_1568_0960,0
GEO_R10_1248_0736,0
GEO_R10_1824_2304,3
GEO_R10_1056_0576,0
GEO_R10_1632_0416,0
GEO_R10_1408_0192,0
GEO_R10_1984_1664,3
GEO_R10_0864_0096,4
GEO_R10_2272_1952,0
GEO_R10_2272_1312,3
GEO_R10_2208_2048,0
GEO_R10_1216_1216,4
GEO_R10_1056_1152,4
GEO_R10_1472_1504,0
GEO_R10_0224_1280,0
GEO_R10_1600_0896,0
GEO_R10_0032_2272,3
GEO_R10_2240_1344,3
GEO_R10_1344_0672,0
GEO_R10_0992_1856,0
GEO_R10_1632_0096,0
GEO_R10_1472_1472,0
GEO_R10_0960_0800,0
GEO_R10_0096_1920,3
GEO_R10_1536_0896,0
GEO_R10_1440_2240,0
GEO_R10_0032_1120,0
GEO_R10_1216_1184,4
GEO_R10_1152_1664,4
GEO_R10_2048_0896,2
GEO_R10_2208_1504,3
GEO_R10_0288_0768,5
GEO_R10_0000_1984,3
GEO_R10_1696_0928,4
GEO_R10_1024_0096,4
GEO_R10_1984_2336,3
GEO_R10_1024_0736,0
GEO_R10_0960_1888,0
GEO_R10_0800_1088,0
GEO_R10_0064_2240,3
GEO_R10_1952_1920,3
GEO_R10_1888_0704,2
GEO_R10_0000_2240,3
GEO_R10_1056_0192,4
GEO_R10_2016_0480,3
GEO_R10_1760_0384,0
GEO_R10_0000_0672,0
GEO_R10_1664_0448,0
GEO_R10_1984_1696,3
GEO_R10_1920_1920,3
GEO_R10_1248_0672,0
GEO_R10_1376_2272,0
GEO_R10_2240_0640,2
GEO_R10_1120_1280,4
GEO_R10_1664_2272,3
GEO_R10_1440_1216,0
GEO_R10_0064_2080,3
GEO_R10_1408_0128,0
GEO_R10_2336_2112,3
GEO_R10_0064_2336,3
GEO_R10_1216_1152,4
GEO_R10_1280_1184,4
GEO_R10_1120_1120,4
GEO_R10_1408_2208,0
GEO_R10_0800_0736,0
GEO_R10_0512_0768,0
GEO_R10_0128_0448,3
GEO_R10_1472_1248,0
GEO_R10_1504_0128,0
GEO_R10_2080_0512,3
GEO_R10_1440_0704,0
GEO_R10_0512_0864,0
GEO_R11_0800_0128,0
GEO_R11_1248_0480,0
GEO_R11_2208_0864,4
GEO_R11_0768_0192,0
GEO_R11_1472_0288,0
GEO_R11_0768_1952,4
GEO_R11_1280_0064,0
GEO_R11_0256_0224,0
GEO_R11_1056_1984,4
GEO_R11_1344_0064,0
GEO_R11_1760_2240,0
GEO_R11_0576_0864,4
GEO_R11_1888_1120,4
GEO_R11_1664_1216,4
GEO_R11_0320_1472,4
GEO_R11_2144_1152,4
GEO_R11_0864_2208,4
GEO_R11_0576_1632,4
GEO_R11_0832_0480,0
GEO_R11_0288_0064,0
GEO_R11_1376_0000,0
GEO_R11_2016_1536,0
GEO_R11_1952_2336,0
GEO_R11_2272_1856,4
GEO_R11_0448_1184,4
GEO_R11_0384_1408,4
GEO_R11_0928_0064,0
GEO_R11_1312_0256,0
GEO_R11_1504_0224,0
GEO_R11_0704_0512,0
GEO_R11_0704_1088,4
GEO_R11_0960_0000,0
GEO_R11_1280_1056,4
GEO_R11_0768_2016,4
GEO_R11_1056_1952,4
GEO_R11_1856_2304,0
GEO_R11_0640_0320,0
GEO_R11_0608_0480,0
GEO_R11_1408_1248,4
GEO_R11_1952_1408,0
GEO_R11_0064_0064,0
GEO_R11_2048_2144,0
GEO_R11_0928_1504,4
GEO_R11_1920_1952,4
GEO_R11_2240_1760,4
GEO_R11_0576_1504,4
GEO_R11_0768_1696,4
GEO_R11_0864_0576,0
GEO_R11_0128_0512,0
GEO_R11_1792_2208,0
GEO_R11_0864_1280,4
GEO_R11_0992_0128,0
GEO_R11_1632_0192,0
GEO_R11_1152_0256,0
GEO_R11_1280_0160,0
GEO_R11_1312_0224,0
GEO_R11_1280_0608,0
GEO_R11_2272_1248,4
GEO_R11_1856_1120,4
GEO_R11_1408_2304,0
GEO_R11_0704_1440,4
GEO_R11_1088_0992,4
GEO_R11_1216_1056,4
GEO_R11_1248_0000,0
GEO_R11_1472_0256,0
GEO_R11_1216_0032,0
GEO_R11_0224_0224,0
GEO_R11_1568_1440,4
GEO_R11_1504_1664,4
GEO_R11_1216_0064,0
GEO_R11_0160_0192,0
GEO_R11_1024_1216,4
GEO_R11_1152_0288,0
GEO_R11_1504_1376,4
GEO_R11_0288_0128,0
GEO_R11_2304_0288,0
GEO_R11_0800_0032,0
GEO_R11_1280_0288,0
GEO_R11_2080_1408,0
GEO_R11_1728_0192,0
GEO_R11_1376_0032,0
GEO_R11_0224_1600,4
GEO_R11_1984_1216,4
GEO_R11_0224_1824,4
GEO_R11_1056_1312,4
GEO_R11_0128_0672,0
GEO_R11_2272_0960,2
GEO_R11_1824_1888,4
GEO_R11_1408_1760,4
GEO_R11_1280_0352,0
GEO_R11_0480_1216,4
GEO_R11_0800_1600,4
GEO_R11_0992_1536,4
GEO_R11_0128_0224,0
GEO_R11_1312_1344,4
GEO_R11_0032_0224,0
GEO_R11_1056_1568,4
GEO_R11_2304_0224,0
GEO_R11_2144_0128,4
GEO_R11_0096_1472,4
GEO_R11_1280_0992,4
GEO_R11_0768_1600,4
GEO_R11_0992_0064,0
GEO_R11_1536_1472,4
GEO_R11_1792_2336,0
GEO_R11_0480_1792,0
GEO_R11_1408_0160,0
GEO_R11_2240_1600,4
GEO_R11_0896_0000,0
GEO_R11_1056_0512,0
GEO_R11_0736_1856,4
GEO_R11_0576_1344,4
GEO_R11_0128_1472,4
GEO_R11_0992_0512,0
GEO_R11_1568_1728,0
GEO_R11_1088_0896,4
GEO_R11_2016_1216,4
GEO_R11_1760_1984,4
GEO_R11_0672_0832,4
GEO_R11_0672_1280,4
GEO_R11_0704_1792,4
GEO_R11_0224_0160,0
GEO_R11_0064_0256,0
GEO_R11_1184_0576,0
GEO_R11_1952_1856,4
GEO_R11_0704_0416,0
GEO_R11_0352_1472,4
GEO_R11_1120_0032,0
GEO_R11_1184_0480,0
GEO_R11_1184_2336,4
GEO_R11_0832_0448,0
GEO_R11_0672_0608,0
GEO_R11_1024_1344,4
GEO_R11_0704_0000,0
GEO_R11_1088_0064,0
GEO_R11_0032_2144,2
GEO_R11_0320_0064,0
GEO_R11_1344_1344,4
GEO_R11_1504_0672,4
GEO_R11_2048_1824,4
GEO_R11_0192_0096,0
GEO_R11_1568_2112,0
GEO_R11_0128_0928,0
GEO_R11_0384_1536,4
GEO_R11_0768_1856,4
GEO_R11_1920_1376,0
GEO_R11_0704_0224,0
GEO_R11_0224_0128,0
GEO_R11_2112_0128,4
GEO_R11_0064_0352,0
GEO_R11_1504_0192,0
GEO_R11_1728_2336,0
GEO_R11_0928_1312,4
GEO_R11_2176_1120,4
GEO_R11_0992_0000,0
GEO_R11_1344_0224,0
GEO_R11_1440_0224,0
GEO_R11_2112_1472,0
GEO_R11_2144_2208,0
GEO_R11_0864_2176,4
GEO_R11_1888_2240,0
GEO_R11_0160_1696,4
GEO_R11_1888_2336,0
GEO_R11_0992_1376,4
GEO_R11_0416_0000,0
GEO_R11_1632_2144,0
GEO_R11_0320_1248,4
GEO_R11_0256_1280,4
GEO_R11_0704_1472,4
GEO_R11_0064_0224,0
GEO_R11_1728_1088,4
GEO_R11_0992_0096,0
GEO_R11_0672_0416,0
GEO_R11_0992_1216,4
GEO_R11_1312_1120,4
GEO_R11_0224_1792,4
GEO_R11_1152_0192,0
GEO_R11_1312_0064,0
GEO_R11_1376_0192,0
GEO_R11_1984_2272,0
GEO_R11_0256_1216,4
GEO_R11_2304_1184,4
GEO_R11_0736_0032,0
GEO_R11_1376_1344,4
GEO_R11_1184_0512,0
GEO_R11_1504_1280,4
GEO_R11_0864_0000,0
GEO_R11_1088_0000,0
GEO_R11_1088_1216,4
GEO_R11_1280_0192,0
GEO_R11_0032_2240,2
GEO_R11_0000_1440,4
GEO_R11_2016_1600,0
GEO_R11_1888_0928,4
GEO_R11_2112_1728,4
GEO_R11_1600_2112,0
GEO_R11_1600_1248,4
GEO_R11_0736_1792,4
GEO_R11_0736_0224,0
GEO_R11_0800_0448,0
GEO_R11_0960_1280,4
GEO_R11_2080_2304,0
GEO_R11_1568_1920,4
GEO_R11_1344_1184,4
GEO_R11_0352_1376,4
GEO_R11_2112_1888,4
GEO_R11_2272_1280,4
GEO_R11_1920_2336,0
GEO_R11_0512_0256,0
GEO_R11_0000_0416,0
GEO_R11_0736_1728,4
GEO_R11_0288_1600,4
GEO_R11_1792_2240,0
GEO_R11_1120_0064,0
GEO_R11_0800_0000,0
GEO_R11_1440_1728,4
GEO_R11_2208_0320,4
GEO_R11_1472_1504,4
GEO_R11_1856_0000,0
GEO_R11_1600_2144,0
GEO_R11_1504_1632,4
GEO_R11_0128_0704,0
GEO_R11_0480_0064,0
GEO_R11_1376_0256,0
GEO_R11_1344_1760,4
GEO_R11_0160_1664,4
GEO_R11_0032_1440,4
GEO_R11_0192_0000,0
GEO_R11_1504_0512,0
GEO_R11_1888_1952,4
GEO_R11_0608_0512,0
GEO_R11_0480_1248,4
GEO_R11_1728_0000,0
GEO_R11_2304_0960,2
GEO_R11_1056_0864,4
GEO_R11_1216_1952,0
GEO_R11_1856_1152,4
GEO_R11_0032_0128,0
GEO_R11_1760_0000,0
GEO_R11_1184_0320,0
GEO_R11_0672_1408,4
GEO_R11_0576_1664,4
GEO_R11_0608_0256,0
GEO_R11_1216_0128,0
GEO_R11_1152_0064,0
GEO_R11_2176_0320,4
GEO_R11_1472_1536,4
GEO_R11_0672_0352,0
GEO_R11_1248_0128,0
GEO_R11_2176_1728,4
GEO_R11_1472_1632,4
GEO_R11_1312_1280,4
GEO_R11_0032_2272,2
GEO_R11_1920_1472,0
GEO_R11_1504_1472,4
GEO_R11_0128_0608,0
GEO_R11_1472_1664,4
GEO_R11_0096_0032,0
GEO_R11_2016_2336,0
GEO_R11_1920_1408,0
GEO_R11_0128_0448,0
GEO_R11_2080_2240,0
GEO_R11_0064_0608,0
GEO_R11_0608_0000,0
GEO_R11_1760_1088,4
GEO_R11_1376_1312,4
GEO_R11_1792_2272,0
GEO_R11_0960_1216,4
GEO_R11_1824_2272,0
GEO_R11_2080_1376,0
GEO_R11_1376_1216,4
GEO_R11_0160_1888,2
GEO_R11_1024_0320,0
GEO_R11_1088_0160,0
GEO_R11_1472_0128,0
GEO_R11_1696_2336,0
GEO_R11_1184_0128,0
GEO_R11_1472_0096,0
GEO_R11_0704_1312,4
GEO_R11_1344_1248,4
GEO_R11_0256_1600,4
GEO_R11_2208_0288,4
GEO_R11_0192_1696,4
GEO_R11_1152_0160,0
GEO_R11_0224_1632,4
GEO_R11_0128_0480,0
GEO_R11_1248_0096,0
GEO_R11_1056_0096,0
GEO_R11_1536_1248,4
GEO_R11_1056_1056,4
GEO_R11_0672_0032,0
GEO_R11_2208_0352,4
GEO_R11_0512_2048,2
GEO_R11_0960_1312,4
GEO_R11_1248_0320,0
GEO_R11_1152_0544,0
GEO_R11_0864_1312,4
GEO_R11_1408_0128,0
GEO_R11_2272_0992,2
GEO_R11_0032_0384,0
GEO_R11_0672_0864,4
GEO_R11_2240_0128,0
GEO_R11_1152_0960,4
GEO_R11_1344_0192,0
GEO_R11_0672_1760,4
GEO_R11_0192_1216,4
GEO_R11_0160_0544,0
GEO_R11_0768_1824,4
GEO_R11_0800_0544,0
GEO_R11_2208_0928,4
GEO_R11_1440_0096,0
GEO_R11_0032_0064,0
GEO_R11_2144_0160,4
GEO_R11_0064_0576,0
GEO_R11_0864_0864,4
GEO_R11_1120_0608,0
GEO_R11_0928_1248,4
GEO_R11_1152_1184,4
GEO_R11_0064_1472,4
GEO_R11_1056_0064,0
GEO_R11_2304_1536,4
GEO_R11_0832_0608,0
GEO_R11_2048_0576,0
GEO_R11_0320_2336,5
GEO_R11_1088_0096,0
GEO_R11_1280_1120,4
GEO_R11_0992_1312,4
GEO_R11_0032_1504,4
GEO_R11_0480_1120,4
GEO_R11_0800_0160,0
GEO_R11_1408_0224,0
GEO_R11_1600_1728,0
GEO_R11_2208_1728,4
GEO_R11_2048_2336,0
GEO_R11_0768_0576,0
GEO_R11_0256_0000,0
GEO_R11_0128_0640,0
GEO_R11_0064_2144,2
GEO_R11_2144_2272,0
GEO_R11_1088_0416,0
GEO_R11_0672_0960,4
GEO_R11_1856_1088,4
GEO_R11_1952_1952,4
GEO_R11_1760_1888,4
GEO_R11_2208_1760,4
GEO_R11_0832_0128,0
GEO_R11_1408_2016,4
GEO_R11_1344_1120,4
GEO_R11_0768_0544,0
GEO_R11_1184_0384,0
GEO_R11_1952_1632,0
GEO_R11_0384_0096,0
GEO_R11_0032_0288,0
GEO_R11_1440_1344,4
GEO_R11_0032_0576,0
GEO_R11_1792_0000,0
GEO_R11_1952_1536,0
GEO_R11_1888_1696,4
GEO_R11_1344_0288,0
GEO_R11_0064_0448,0
GEO_R11_2272_0032,2
GEO_R11_1376_0064,0
GEO_R11_0608_0288,0
GEO_R11_1472_0064,0
GEO_R11_0000_1504,4
GEO_R11_1600_0000,0
GEO_R11_2144_0928,4
GEO_R11_0288_1216,4
GEO_R11_1056_0992,4
GEO_R11_0512_1120,4
GEO_R11_1312_0384,0
GEO_R11_0000_0352,0
GEO_R11_0448_0800,4
GEO_R11_0800_1344,4
GEO_R11_0096_1504,4
GEO_R11_1536_0000,0
GEO_R11_1280_0640,0
GEO_R11_1792_1888,4
GEO_R11_1376_0128,0
GEO_R11_0704_0576,0
GEO_R11_0032_0320,0
GEO_R11_1504_1248,4
GEO_R11_1408_1216,4
GEO_R11_1536_1280,4
GEO_R11_1248_0288,0
GEO_R11_1888_2272,0
GEO_R11_1152_1856,4
GEO_R11_0704_1280,4
GEO_R11_0096_0064,0
GEO_R11_1664_2272,0
GEO_R11_1248_0384,0
GEO_R11_0960_0064,0
GEO_R11_0096_0704,0
GEO_R11_0032_0416,0
GEO_R11_0704_1760,4
GEO_R11_0736_1824,4
GEO_R11_1312_0096,0
GEO_R11_0192_0160,0
GEO_R11_1344_0416,0
GEO_R11_0064_2240,2
GEO_R11_0960_0224,0
GEO_R11_1184_0416,0
GEO_R11_0800_2240,4
GEO_R11_1056_0320,0
GEO_R11_1088_1632,4
GEO_R11_1152_1664,4
GEO_R11_2176_2336,0
GEO_R11_0160_0224,0
GEO_R11_1312_0608,0
GEO_R11_1504_1504,4
GEO_R11_1440_0160,0
GEO_R11_1888_2176,0
GEO_R11_1440_1696,4
GEO_R11_1056_1344,4
GEO_R11_2176_2208,0
GEO_R11_1184_0608,0
GEO_R11_1984_2304,0
GEO_R11_0448_1216,4
GEO_R11_0576_1184,4
GEO_R11_0480_1280,4
GEO_R11_0480_2080,2
GEO_R11_1888_0032,0
GEO_R11_0096_2272,2
GEO_R11_1184_0448,0
GEO_R11_1920_1504,0
GEO_R11_1632_1408,4
GEO_R11_0128_1664,4
GEO_R11_1120_0352,0
GEO_R11_0896_1248,4
GEO_R11_0448_2080,2
GEO_R11_1248_1056,4
GEO_R11_0032_0160,0
GEO_R11_1280_1760,0
GEO_R11_1344_1216,4
GEO_R11_0672_0544,0
GEO_R11_1312_1024,4
GEO_R11_0256_0160,0
GEO_R11_1824_2176,0
GEO_R11_0192_0576,0
GEO_R11_1536_1408,4
GEO_R11_1312_0416,0
GEO_R11_1440_1536,4
GEO_R11_1120_1056,4
GEO_R11_0256_1792,4
GEO_R11_1440_1824,4
GEO_R11_1664_0000,0
GEO_R11_1504_0256,0
GEO_R11_1824_1088,4
GEO_R11_0448_1280,4
GEO_R11_1120_0192,0
GEO_R11_0096_0512,0
GEO_R11_0832_0064,0
GEO_R11_1408_1472,4
GEO_R11_2240_1088,4
GEO_R11_2304_2336,0
GEO_R11_1056_0480,0
GEO_R11_1408_1856,4
GEO_R11_1088_0608,0
GEO_R11_1728_0416,0
GEO_R11_2080_0288,4
GEO_R11_0288_0256,0
GEO_R11_1312_0000,0
GEO_R11_0064_1536,4
GEO_R11_0416_0064,0
GEO_R11_0768_1120,4
GEO_R11_0128_0096,0
GEO_R11_2272_0128,0
GEO_R11_1248_0512,0
GEO_R11_0320_0032,0
GEO_R11_2112_0960,4
GEO_R11_0096_0000,0
GEO_R11_0640_0224,0
GEO_R11_1024_0000,0
GEO_R11_0544_1664,4
GEO_R11_1920_2144,0
GEO_R11_1024_0384,0
GEO_R11_1184_1376,4
GEO_R11_0672_0512,0
GEO_R11_1920_1344,0
GEO_R11_1216_0320,0
GEO_R11_1664_1248,4
GEO_R11_1440_0704,4
GEO_R11_0640_0608,0
GEO_R11_1696_0064,0
GEO_R11_0000_0224,0
GEO_R11_0768_0000,0
GEO_R11_1280_0256,0
GEO_R11_0224_0192,0
GEO_R11_1088_0032,0
GEO_R11_0832_0544,0
GEO_R11_0736_0448,0
GEO_R11_0160_0160,0
GEO_R11_0416_0096,0
GEO_R11_1312_1312,4
GEO_R11_0448_1248,4
GEO_R11_0160_0128,0
GEO_R11_1024_0128,0
GEO_R11_0672_1056,4
GEO_R11_0992_0192,0
GEO_R11_2240_0992,2
GEO_R11_0096_0672,0
GEO_R11_1280_0512,0
GEO_R11_1216_0096,0
GEO_R11_0352_0064,0
GEO_R11_0832_0192,0
GEO_R11_0224_1696,4
GEO_R11_1600_1472,4
GEO_R11_0672_1440,4
GEO_R11_1184_1824,4
GEO_R11_1120_0576,0
GEO_R11_1952_1920,4
GEO_R11_1216_0000,0
GEO_R11_1344_0096,0
GEO_R11_0992_1248,4
GEO_R11_1056_1504,4
GEO_R11_0608_0896,4
GEO_R11_1408_1504,4
GEO_R11_0736_0544,0
GEO_R11_0320_0224,0
GEO_R11_1056_0416,0
GEO_R11_1952_0736,4
GEO_R11_1216_0544,0
GEO_R11_0672_0384,0
GEO_R11_1632_1472,4
GEO_R11_0192_0256,0
GEO_R11_2240_1696,4
GEO_R11_0224_0096,0
GEO_R11_1120_1696,4
GEO_R11_1024_1280,4
GEO_R11_2144_1216,4
GEO_R11_1984_1472,0
GEO_R11_0704_0768,4
GEO_R11_1184_0224,0
GEO_R11_0032_0192,0
GEO_R11_1280_0000,0
GEO_R11_0960_1344,4
GEO_R11_0288_1248,4
GEO_R11_1472_1792,4
GEO_R11_0480_1536,4
GEO_R11_0000_1472,4
GEO_R11_0448_1536,4
GEO_R11_1760_2304,0
GEO_R11_0032_0000,0
GEO_R11_0384_1472,4
GEO_R11_1824_1120,4
GEO_R11_0640_0576,0
GEO_R11_1376_2176,4
GEO_R11_0928_0000,0
GEO_R11_0704_0096,0
GEO_R11_2048_1472,0
GEO_R11_1504_1536,4
GEO_R11_2016_1440,0
GEO_R11_1056_0224,0
GEO_R11_1632_2112,0
GEO_R11_2048_2240,0
GEO_R11_0768_0032,0
GEO_R11_0768_0096,0
GEO_R11_1824_0000,0
GEO_R11_0608_0864,4
GEO_R11_1696_1280,4
GEO_R11_1440_1760,4
GEO_R11_1888_1280,0
GEO_R11_0416_1504,4
GEO_R11_0352_1248,4
GEO_R11_1184_0256,0
GEO_R11_0032_1536,4
GEO_R11_1184_0160,0
GEO_R11_0096_0384,0
GEO_R11_0384_0032,0
GEO_R11_0256_1184,4
GEO_R11_1440_1472,4
GEO_R11_1312_0576,0
GEO_R11_0128_0192,0
GEO_R11_1984_1408,0
GEO_R11_1312_0160,0
GEO_R11_1888_2208,0
GEO_R11_0736_0000,0
GEO_R11_0096_0160,0
GEO_R11_2048_1504,0
GEO_R11_0128_0320,0
GEO_R11_2208_1120,4
GEO_R11_1120_0544,0
GEO_R11_2144_2336,0
GEO_R11_0768_0512,0
GEO_R11_0768_0608,0
GEO_R11_0768_1216,4
GEO_R11_0672_1312,4
GEO_R11_0992_0224,0
GEO_R11_0192_0064,0
GEO_R11_1088_0576,0
GEO_R11_1888_0736,4
GEO_R11_0384_0000,0
GEO_R11_0672_1792,4
GEO_R11_0320_0000,0
GEO_R11_0512_0032,0
GEO_R11_2176_1632,4
GEO_R11_0128_1920,2
GEO_R11_1920_1280,0
GEO_R11_1024_0992,4
GEO_R11_0672_0320,0
GEO_R11_0480_2048,2
GEO_R11_1664_1280,4
GEO_R11_0896_0032,0
GEO_R11_1120_1152,4
GEO_R11_0512_1984,2
GEO_R11_1408_0544,0
GEO_R11_1184_0096,0
GEO_R11_1120_0416,0
GEO_R11_1952_1664,0
GEO_R11_2176_1760,4
GEO_R11_0704_0736,4
GEO_R11_2080_1504,0
GEO_R11_0992_0576,0
GEO_R11_1664_2336,0
GEO_R11_0000_0192,0
GEO_R11_0800_1664,4
GEO_R11_1280_1312,4
GEO_R11_1024_0192,0
GEO_R11_0384_0064,0
GEO_R11_0736_0480,0
GEO_R11_0576_1408,4
GEO_R11_0320_1664,4
GEO_R11_1952_2240,0
GEO_R11_2144_0896,4
GEO_R11_1472_0224,0
GEO_R11_1632_1440,4
GEO_R11_1024_0640,0
GEO_R11_1120_0480,0
GEO_R11_0128_0896,0
GEO_R11_1920_2240,0
GEO_R11_0064_0672,0
GEO_R11_0672_0800,4
GEO_R11_1184_0288,0
GEO_R11_0704_1344,4
GEO_R11_0672_0448,0
GEO_R11_1696_2272,0
GEO_R11_0320_1632,4
GEO_R11_0128_1504,4
GEO_R11_1120_0512,0
GEO_R11_1056_0000,0
GEO_R11_1696_2304,0
GEO_R11_0704_1984,4
GEO_R11_1248_0064,0
GEO_R11_1632_1728,0
GEO_R11_1408_0512,0
GEO_R11_0960_1536,4
GEO_R11_1216_0512,0
GEO_R11_0704_0192,0
GEO_R11_0672_0576,0
GEO_R11_1184_0064,0
GEO_R11_0640_0928,4
GEO_R11_1440_2336,0
GEO_R11_1088_0352,0
GEO_R11_1088_1600,4
GEO_R11_1760_0736,4
GEO_R11_1280_2336,4
GEO_R11_1152_1536,4
GEO_R11_1440_1504,4
GEO_R11_0640_1408,4
GEO_R11_0000_0064,0
GEO_R11_1056_0192,0
GEO_R11_1536_0032,0
GEO_R11_0736_0064,0
GEO_R11_2240_1568,4
GEO_R11_1056_0288,0
GEO_R11_2304_0992,2
GEO_R11_0064_0128,0
GEO_R11_2112_2240,0
GEO_R11_0032_0096,0
GEO_R11_1120_1600,4
GEO_R11_0960_1248,4
GEO_R11_1024_0096,0
GEO_R11_1952_1568,0
GEO_R11_1472_1248,4
GEO_R11_0608_1376,4
GEO_R11_1152_0128,0
GEO_R11_1024_0896,4
GEO_R11_0832_0096,0
GEO_R11_0992_1504,4
GEO_R11_0800_1760,4
GEO_R11_0704_2176,5
GEO_R11_1248_0544,0
GEO_R11_1504_0000,0
GEO_R11_1184_1184,4
GEO_R11_0736_1888,4
GEO_R11_1344_0960,4
GEO_R11_0640_0512,0
GEO_R11_0384_1504,4
GEO_R11_1728_0064,0
GEO_R11_1760_0352,0
GEO_R11_0224_1568,4
GEO_R11_0992_1344,4
GEO_R11_2144_1760,4
GEO_R11_0832_2240,4
GEO_R11_1248_0160,0
GEO_R11_0160_0896,0
GEO_R11_1472_1440,4
GEO_R11_1056_1248,4
GEO_R11_1312_1152,4
GEO_R11_1696_1088,4
GEO_R11_0416_0032,0
GEO_R11_1280_0096,0
GEO_R11_1952_1888,4
GEO_R11_1088_1024,4
GEO_R11_0224_0064,0
GEO_R11_0800_0192,0
GEO_R11_0960_1504,4
GEO_R11_1280_0224,0
GEO_R11_1056_0352,0
GEO_R11_1088_0544,0
GEO_R11_0256_2208,2
GEO_R11_0096_0448,0
GEO_R11_1696_0000,0
GEO_R11_0768_1344,4
GEO_R11_1376_0480,0
GEO_R11_1184_0640,0
GEO_R11_1376_2272,0
GEO_R11_1568_1472,4
GEO_R11_1312_0448,0
GEO_R11_1920_1440,0
GEO_R11_1120_0960,4
GEO_R11_1440_0064,0
GEO_R11_1920_0000,0
GEO_R11_0992_1280,4
GEO_R11_2176_0288,4
GEO_R11_1984_1504,0
GEO_R11_1952_1376,0
GEO_R11_1440_1280,4
GEO_R11_0448_0032,0
GEO_R11_1280_0448,0
GEO_R11_1312_0832,4
GEO_R11_0480_1152,4
GEO_R11_0096_0480,0
GEO_R11_1504_0064,0
GEO_R11_1792_0768,4
GEO_R11_0640_1440,4
GEO_R11_0640_1280,4
GEO_R11_1280_1024,4
GEO_R11_1408_1312,4
GEO_R11_0864_1824,2
GEO_R11_1280_0800,4
GEO_R11_0064_2272,2
GEO_R11_0064_2112,2
GEO_R11_2016_1248,4
GEO_R11_1088_0320,0
GEO_R11_1216_0352,0
GEO_R11_1120_1664,4
GEO_R11_1728_1376,4
GEO_R11_1408_1184,4
GEO_R11_0352_0096,0
GEO_R11_2240_1152,4
GEO_R11_0032_1472,4
GEO_R11_1504_1600,4
GEO_R11_1088_1184,4
GEO_R11_0832_0512,0
GEO_R11_1248_0192,0
GEO_R11_0832_0576,0
GEO_R11_1056_1536,4
GEO_R11_1440_1568,4
GEO_R11_1792_1088,4
GEO_R11_2112_2304,0
GEO_R11_0384_0128,0
GEO_R11_2208_0896,4
GEO_R11_0608_1312,4
GEO_R11_0544_1504,4
GEO_R11_1216_0288,0
GEO_R11_1088_0224,0
GEO_R11_0128_0000,0
GEO_R11_0768_1664,4
GEO_R11_0064_1408,4
GEO_R11_0384_1152,4
GEO_R11_2144_1056,4
GEO_R11_1504_1696,4
GEO_R11_1248_0576,0
GEO_R11_0672_0480,0
GEO_R11_0512_1952,2
GEO_R11_1856_0768,4
GEO_R11_0992_0640,0
GEO_R11_0064_1440,4
GEO_R11_1376_0512,0
GEO_R11_0768_0160,0
GEO_R11_1024_0480,0
GEO_R11_0608_1408,4
GEO_R11_0192_0128,0
GEO_R11_2080_0064,4
GEO_R11_2144_0960,4
GEO_R11_1024_0256,0
GEO_R11_2048_1952,4
GEO_R11_1152_0416,0
GEO_R11_1568_2144,0
GEO_R11_0128_0576,0
GEO_R11_1024_0608,0
GEO_R11_2080_1760,4
GEO_R11_0000_2144,2
GEO_R11_0000_1632,0
GEO_R11_1152_0640,0
GEO_R11_0608_1472,4
GEO_R11_1280_0832,4
GEO_R11_1504_0704,4
GEO_R11_0992_1984,4
GEO_R11_1088_1344,4
GEO_R11_0576_1312,4
GEO_R11_0864_0064,0
GEO_R11_0640_1344,4
GEO_R11_1824_1056,4
GEO_R11_1408_1664,4
GEO_R11_0544_0032,0
GEO_R11_0640_0352,0
GEO_R11_0736_1920,4
GEO_R11_1344_0256,0
GEO_R11_0256_1760,4
GEO_R11_0192_0224,0
GEO_R11_1024_0576,0
GEO_R11_0128_0064,0
GEO_R11_0288_0224,0
GEO_R11_0896_2176,4
GEO_R11_2144_2304,0
GEO_R11_0256_0064,0
GEO_R11_2208_0448,4
GEO_R11_0128_0544,0
GEO_R11_1248_1024,4
GEO_R11_0320_1280,4
GEO_R11_1120_0160,0
GEO_R11_1664_2304,0
GEO_R11_1984_1664,0
GEO_R11_0480_0832,4
GEO_R11_0672_2208,5
GEO_R11_2240_1280,4
GEO_R11_1248_0032,0
GEO_R11_2304_0192,0
GEO_R11_1280_1728,0
GEO_R11_1376_0448,0
GEO_R11_0768_0128,0
GEO_R11_0608_1344,4
GEO_R11_0480_1056,4
GEO_R11_0800_0096,0
GEO_R11_1888_0768,4
GEO_R11_0064_0416,0
GEO_R11_0416_0800,4
GEO_R11_0576_2336,5
GEO_R11_1408_1984,4
GEO_R11_1056_0160,0
GEO_R11_2272_1152,4
GEO_R11_0000_1408,4
GEO_R11_0096_0096,0
GEO_R11_0256_0128,0
GEO_R11_1920_1728,4
GEO_R11_1120_1568,4
GEO_R11_0608_1440,4
GEO_R11_1088_0960,4
GEO_R11_1888_0000,0
GEO_R11_1216_0576,0
GEO_R11_1056_0384,0
GEO_R11_1920_1312,0
GEO_R11_1408_2336,0
GEO_R11_2112_1760,4
GEO_R11_1472_1600,4
GEO_R11_1536_1440,4
GEO_R11_2208_1568,4
GEO_R11_1344_0000,0
GEO_R11_1888_1664,4
GEO_R11_0288_0192,0
GEO_R11_0736_0512,0
GEO_R11_1088_0256,0
GEO_R11_1120_0992,4
GEO_R11_0192_1632,4
GEO_R11_1024_0448,0
GEO_R11_0224_1248,4
GEO_R11_1024_0160,0
GEO_R11_2208_1184,4
GEO_R11_2176_0960,4
GEO_R11_1408_0064,0
GEO_R11_2304_0256,0
GEO_R11_1440_1600,4
GEO_R11_0160_1472,4
GEO_R11_0704_0480,0
GEO_R11_0672_0192,0
GEO_R11_0032_1376,4
GEO_R11_0064_0480,0
GEO_R11_1824_2304,0
GEO_R11_1888_2304,0
GEO_R11_0288_1184,4
GEO_R11_1280_0320,0
GEO_R11_2048_1440,0
GEO_R11_1024_0032,0
GEO_R11_1024_1920,4
GEO_R11_0320_1600,4
GEO_R11_0448_1504,4
GEO_R11_0704_0256,0
GEO_R11_0192_0032,0
GEO_R11_1088_0928,4
GEO_R11_0704_0544,0
GEO_R11_0512_1184,4
GEO_R11_1984_1440,0
GEO_R11_0096_0320,0
GEO_R11_1024_0064,0
GEO_R11_1312_0192,0
GEO_R11_0064_2208,2
GEO_R11_0192_1248,4
GEO_R11_1376_1184,4
GEO_R11_1152_0512,0
GEO_R11_0576_1376,4
GEO_R11_2144_1728,4
GEO_R11_1120_0096,0
GEO_R11_1920_2304,0
GEO_R11_0128_0160,0
GEO_R11_2240_1120,4
GEO_R11_1888_1088,4
GEO_R11_1632_0032,0
GEO_R11_1184_0544,0
GEO_R11_0224_1184,4
GEO_R11_0064_0288,0
GEO_R11_1760_2208,0
GEO_R11_0480_0000,0
GEO_R11_0000_0320,0
GEO_R11_1472_1472,4
GEO_R11_1152_0096,0
GEO_R11_0000_0448,0
GEO_R11_0480_0032,0
GEO_R11_0160_0064,0
GEO_R11_0736_1120,4
GEO_R11_0224_1216,4
GEO_R11_0768_0896,0
GEO_R11_1440_0000,0
GEO_R11_0032_2176,2
GEO_R11_2176_0992,4
GEO_R11_0224_1664,4
GEO_R11_0224_1728,4
GEO_R11_1696_1216,4
GEO_R11_1024_1184,4
GEO_R11_1216_0160,0
GEO_R11_0000_0000,0
GEO_R11_1984_1536,0
GEO_R11_1088_1056,4
GEO_R11_0704_0160,0
GEO_R11_0768_0448,0
GEO_R11_0768_0064,0
GEO_R11_1728_2240,0
GEO_R11_2208_0416,4
GEO_R11_2304_1152,4
GEO_R11_2272_1184,4
GEO_R11_1952_1440,0
GEO_R11_0256_0096,0
GEO_R11_0768_1568,4
GEO_R11_1216_0192,0
GEO_R11_1472_1568,4
GEO_R11_1088_0384,0
GEO_R11_1472_0032,0
GEO_R11_0640_0896,4
GEO_R11_0800_1568,4
GEO_R11_0320_1568,4
GEO_R11_0640_0192,0
GEO_R11_2144_1888,4
GEO_R11_1440_1216,4
GEO_R11_0000_0096,0
GEO_R11_2016_2304,0
GEO_R11_2144_1024,4
GEO_R11_1216_0256,0
GEO_R11_1024_0416,0
GEO_R11_1856_2336,0
GEO_R11_0000_0384,0
GEO_R11_1120_1376,4
GEO_R11_0640_0864,4
GEO_R11_1120_0384,0
GEO_R11_1984_1184,4
GEO_R11_1440_1664,4
GEO_R11_0512_1664,4
GEO_R11_0256_1696,4
GEO_R11_0960_0544,0
GEO_R11_2304_0000,2
GEO_R11_0416_1856,0
GEO_R11_0992_0160,0
GEO_R11_2176_1184,4
GEO_R11_1760_2336,0
GEO_R11_0032_0448,0
GEO_R11_2240_1024,2
GEO_R11_0768_0416,0
GEO_R11_1440_1632,4
GEO_R11_0672_1344,4
GEO_R11_1664_1728,0
GEO_R11_1408_0256,0
GEO_R11_2112_0928,4
GEO_R11_1824_0032,0
GEO_R11_2144_0864,4
GEO_R11_0160_0256,0
GEO_R11_1184_1856,4
GEO_R11_0832_0032,0
GEO_R11_1152_0992,4
GEO_R11_1824_1152,4
GEO_R11_0800_1216,4
GEO_R11_1312_0992,4
GEO_R11_0448_0000,0
GEO_R11_1152_1376,4
GEO_R11_2048_1408,0
GEO_R11_1472_1280,4
GEO_R11_1536_0064,0
GEO_R11_1472_0192,0
GEO_R11_0160_0672,0
GEO_R11_2304_1216,4
GEO_R11_0736_0096,0
GEO_R11_1088_0288,0
GEO_R11_1152_0576,0
GEO_R11_0160_0096,0
GEO_R11_0352_2304,5
GEO_R11_0640_1376,4
GEO_R11_1184_1792,4
GEO_R11_2208_1152,4
GEO_R11_1088_1984,4
GEO_R11_2240_1440,4
GEO_R11_1312_0512,0
GEO_R11_0064_1504,4
GEO_R11_1440_1312,4
GEO_R11_1792_0736,4
GEO_R11_0736_1344,4
GEO_R11_2272_1568,4
GEO_R11_0160_0640,0
GEO_R11_2176_1568,4
GEO_R11_0352_0000,0
GEO_R11_1760_0096,0
GEO_R11_1312_0800,4
GEO_R11_2112_2208,0
GEO_R11_0128_0032,0
GEO_R11_1184_0352,0
GEO_R11_1088_1376,4
GEO_R11_1024_0544,0
GEO_R11_0768_0640,0
GEO_R11_0736_1952,4
GEO_R11_0032_0032,0
GEO_R11_2304_0032,2
GEO_R11_1152_2240,0
GEO_R11_0992_1024,4
GEO_R11_1056_0896,4
GEO_R11_1312_0128,0
GEO_R11_1376_0384,0
GEO_R11_1152_0320,0
GEO_R11_1984_1632,0
GEO_R11_0800_0064,0
GEO_R11_1344_0512,0
GEO_R11_1024_1504,4
GEO_R11_0736_1760,4
GEO_R11_0096_0608,0
GEO_R11_1376_1280,4
GEO_R11_0096_0352,0
GEO_R11_2048_1376,0
GEO_R11_0704_1376,4
GEO_R11_2112_0064,4
GEO_R11_0736_0192,0
GEO_R11_0704_0448,0
GEO_R11_0352_2336,5
GEO_R11_1152_0384,0
GEO_R11_1568_1408,4
GEO_R11_0096_0224,0
GEO_R11_2208_0384,4
GEO_R11_1888_2144,0
GEO_R11_1344_0128,0
GEO_R11_0064_0096,0
GEO_R11_0160_0480,0
GEO_R11_0128_1696,4
GEO_R11_1088_0480,0
GEO_R11_0096_0192,0
GEO_R11_0736_0576,0
GEO_R11_1760_0512,0
GEO_R11_1600_1440,4
GEO_R11_0608_1280,4
GEO_R11_1728_2304,0
GEO_R11_0128_0256,0
GEO_R11_1472_1696,4
GEO_R11_0352_1280,4
GEO_R11_1600_1760,0
GEO_R11_2016_1472,0
GEO_R11_1344_0608,0
GEO_R11_0064_0384,0
GEO_R11_1920_0864,2
GEO_R11_0416_1536,4
GEO_R11_1280_0128,0
GEO_R11_1056_0128,0
GEO_R11_1152_1152,4
GEO_R11_0576_0000,0
GEO_R11_1472_0672,4
GEO_R11_2240_1184,4
GEO_R11_2112_1920,4
GEO_R11_1216_0384,0
GEO_R11_1792_0512,0
GEO_R11_0480_1184,4
GEO_R11_0672_0928,4
GEO_R11_1760_0064,0
GEO_R11_0704_1408,4
GEO_R11_0256_1728,4
GEO_R11_1760_2272,0
GEO_R11_0704_0288,0
GEO_R11_2080_1920,4
GEO_R11_1312_0544,0
GEO_R11_1632_2080,0
GEO_R11_0928_1024,4
GEO_R11_1152_0608,0
GEO_R11_1120_0224,0
GEO_R11_0928_1344,4
GEO_R11_1504_1408,4
GEO_R11_0640_1312,4
GEO_R11_1472_0160,0
GEO_R11_1216_1088,4
GEO_R11_2240_0320,4
GEO_R11_0096_0896,0
GEO_R11_1408_1344,4
GEO_R11_0768_1760,4
GEO_R11_1280_0416,0
GEO_R11_0064_0320,0
GEO_R11_0960_0128,0
GEO_R11_0288_0032,0
GEO_R11_1184_0672,0
GEO_R11_0512_0000,0
GEO_R11_0064_0000,0
GEO_R11_1152_1824,4
GEO_R11_1440_0128,0
GEO_R11_1376_0224,0
GEO_R11_0800_0576,0
GEO_R11_1248_0352,0
GEO_R11_0288_1280,4
GEO_R11_2176_1792,4
GEO_R11_2208_1600,4
GEO_R11_1376_1664,4
GEO_R11_1632_0000,0
GEO_R11_1760_0384,0
GEO_R11_1440_1248,4
GEO_R11_1248_0448,0
GEO_R11_1216_0416,0
GEO_R11_1856_1664,4
GEO_R11_0256_1248,4
GEO_R11_1632_1216,4
GEO_R11_0064_0032,0
GEO_R11_2208_1280,4
GEO_R11_1952_1472,0
GEO_R11_2112_0160,4
GEO_R11_0192_1664,4
GEO_R11_0256_0032,0
GEO_R11_1664_0064,0
GEO_R11_1344_0832,4
GEO_R11_1248_0256,0
GEO_R11_0352_1344,4
GEO_R11_0800_0512,0
GEO_R11_0672_0000,0
GEO_R11_1056_1216,4
GEO_R11_0768_1632,4
GEO_R11_0576_1472,4
GEO_R11_0352_1152,4
GEO_R11_1920_2272,0
GEO_R11_0640_2272,5
GEO_R11_1120_0128,0
GEO_R11_1120_1632,4
GEO_R11_0224_0032,0
GEO_R11_1728_2176,0
GEO_R11_0800_0640,0
GEO_R11_2240_0064,0
GEO_R11_1920_0736,4
GEO_R11_2144_0096,4
GEO_R11_2016_1504,0
GEO_R11_2304_1568,4
GEO_R11_1440_0192,0
GEO_R11_1248_1088,4
GEO_R11_0608_2304,5
GEO_R11_0736_0608,0
GEO_R11_0672_1248,4
GEO_R11_1824_0512,0
GEO_R11_0160_0576,0
GEO_R11_1696_0032,0
GEO_R11_1120_0256,0
GEO_R11_0992_0992,4
GEO_R11_0288_0096,0
GEO_R11_1024_1536,4
GEO_R11_1760_0032,0
GEO_R11_1728_0032,0
GEO_R11_1696_2208,0
GEO_R11_2208_2336,0
GEO_R11_1344_1280,4
GEO_R11_0544_1216,4
GEO_R11_1632_1760,0
GEO_R11_1664_0032,0
GEO_R11_1120_1344,4
GEO_R11_0896_1344,4
GEO_R11_2048_2208,0
GEO_R11_2080_1952,4
GEO_R11_0064_0544,0
GEO_R11_1120_0320,0
GEO_R11_2016_1408,0
GEO_R11_0160_0288,0
GEO_R11_0640_1760,4
GEO_R11_0192_0192,0
GEO_R11_1376_0096,0
GEO_R11_1728_0736,4
GEO_R11_1312_0960,4
GEO_R11_2272_0096,0
GEO_R11_1120_0448,0
GEO_R11_1824_2208,0
GEO_R11_2176_1824,4
GEO_R11_1088_0192,0
GEO_R11_1056_0256,0
GEO_R11_1728_2208,0
GEO_R11_0672_0288,0
GEO_R11_1024_1248,4
GEO_R11_1024_0352,0
GEO_R11_0096_0416,0
GEO_R11_1056_0960,4
GEO_R11_0512_1248,4
GEO_R11_1024_0512,0
GEO_R11_2144_0992,4
GEO_R11_1792_0032,0
GEO_R11_1280_0544,0
GEO_R11_0832_0640,0
GEO_R11_2048_1344,0
GEO_R11_0096_0128,0
GEO_R11_0800_0608,0
GEO_R11_0928_0032,0
GEO_R11_1440_1792,4
GEO_R11_0512_1152,4
GEO_R11_0768_1792,4
GEO_R11_0704_0800,4
GEO_R11_1344_0576,0
GEO_R11_0736_0256,0
GEO_R11_1824_2240,0
GEO_R11_1152_0224,0
GEO_R11_1376_1600,4
GEO_R11_0960_0576,0
GEO_R11_0736_1664,4
GEO_R11_0736_1984,4
GEO_R11_0960_0032,0
GEO_R11_0128_0352,0
GEO_R11_1216_0448,0
GEO_R11_0928_0096,0
GEO_R11_0640_0000,0
GEO_R11_1440_0672,4
GEO_R11_1728_2272,0
GEO_R11_1856_2208,0
GEO_R11_1568_1280,4
GEO_R11_1216_0480,0
GEO_R11_2048_1536,0
GEO_R11_1312_1056,4
GEO_R11_2208_1792,4
GEO_R11_1280_0672,0
GEO_R11_0928_1216,4
GEO_R11_1504_1440,4
GEO_R11_2048_2304,0
GEO_R11_2272_1120,4
GEO_R11_0224_1760,4
GEO_R11_1216_0224,0
GEO_R11_0928_1984,4
GEO_R11_0832_0000,0
GEO_R11_0096_0544,0
GEO_R11_0000_2016,0
GEO_R11_1632_1248,4
GEO_R11_1088_0128,0
GEO_R11_0960_0192,0
GEO_R11_0640_0480,0
GEO_R11_1408_1280,4
GEO_R11_1280_0384,0
GEO_R11_1472_1824,4
GEO_R11_1248_0416,0
GEO_R11_0160_0512,0
GEO_R11_0288_2208,2
GEO_R11_1344_1152,4
GEO_R11_0384_1440,4
GEO_R11_1024_0224,0
GEO_R11_1696_2240,0
GEO_R11_0128_0288,0
GEO_R11_0288_0000,0
GEO_R11_1248_1760,0
GEO_R11_0288_1632,4
GEO_R11_1056_1280,4
GEO_R11_0000_2336,5
GEO_R11_1216_1024,4
GEO_R11_1056_0032,0
GEO_R11_1952_1504,0
GEO_R11_2176_0896,4
GEO_R11_1024_1024,4
GEO_R11_1344_0032,0
GEO_R11_1024_1312,4
GEO_R11_0064_0512,0
GEO_R11_0352_1536,4
GEO_R11_0640_0256,0
GEO_R11_1344_1312,4
GEO_R11_1728_0096,0
GEO_R11_0160_0704,0
GEO_R11_1376_1632,4
GEO_R11_0992_0544,0
GEO_R11_0448_0064,0
GEO_R11_2080_2208,0
GEO_R11_0640_0288,0
GEO_R11_1312_1088,4
GEO_R11_2304_1120,4
GEO_R11_1280_2304,4
GEO_R11_0064_0192,0
GEO_R11_0672_0256,0
GEO_R11_0896_1280,4
GEO_R11_1056_0448,0
GEO_R11_1088_1568,4
GEO_R11_0224_0000,0
GEO_R11_1920_2208,0
GEO_R11_0576_0768,4
GEO_R11_1088_1152,4
GEO_R11_0320_0096,0
GEO_R11_0672_0704,4
GEO_R11_2080_2272,0
GEO_R11_0448_0832,4
GEO_R11_2304_0512,4
GEO_R11_0608_1664,4
GEO_R11_2112_0096,4
GEO_R11_0896_1312,4
GEO_R11_1056_0544,0
GEO_R11_1216_1824,4
GEO_R11_0864_0160,0
GEO_R11_0096_0288,0
GEO_R11_1408_1792,4
GEO_R11_0896_1216,4
GEO_R11_1152_1888,4
GEO_R11_0064_2176,2
GEO_R11_0320_1504,4
GEO_R11_1312_0480,0
GEO_R11_1600_1408,4
GEO_R11_1760_0416,0
GEO_R11_0768_0480,0
GEO_R11_1984_1600,0
GEO_R11_0256_1632,4
GEO_R11_1056_0608,0
GEO_R11_0352_1504,4
GEO_R11_0640_0832,4
GEO_R11_1088_0512,0
GEO_R11_0032_0256,0
GEO_R11_2272_1536,4
GEO_R11_1024_1952,4
GEO_R11_0096_0576,0
GEO_R11_0512_0064,0
GEO_R11_1472_0704,4
GEO_R11_1024_1056,4
GEO_R11_0160_0608,0
GEO_R11_1056_1184,4
GEO_R11_2176_1152,4
GEO_R11_1856_2240,0
GEO_R11_0064_0640,0
GEO_R11_0704_1120,4
GEO_R11_2016_1632,0
GEO_R11_1824_2336,0
GEO_R11_0160_0000,0
GEO_R11_0544_1184,4
GEO_R11_1152_1600,4
GEO_R11_1952_2304,0
GEO_R11_1344_0480,0
GEO_R11_1408_1600,4
GEO_R11_1600_2080,0
GEO_R11_0960_0096,0
GEO_R11_0000_0032,0
GEO_R11_1792_2304,0
GEO_R11_0992_0608,0
GEO_R11_1376_0544,0
GEO_R11_1792_0480,0
GEO_R11_1408_0096,0
GEO_R11_1152_0480,0
GEO_R11_1984_1248,4
GEO_R11_0128_0128,0
GEO_R11_0000_0288,0
GEO_R11_0736_2112,5
GEO_R11_0544_0672,4
GEO_R11_1984_1280,4
GEO_R11_0544_1632,4
GEO_R11_2304_0544,4
GEO_R11_1440_1440,4
GEO_R11_1280_0480,0
GEO_R11_0288_0160,0
GEO_R11_0000_0160,0
GEO_R11_1984_2336,0
GEO_R11_2112_2272,0
GEO_R11_0640_0544,0
GEO_R11_0960_0160,0
GEO_R11_0064_0160,0
GEO_R11_0192_1600,4
GEO_R11_1952_1824,4
GEO_R11_0704_0128,0
GEO_R11_2048_2176,0
GEO_R11_1120_1024,4
GEO_R11_1056_0576,0
GEO_R11_2144_0192,4
GEO_R11_0704_0032,0
GEO_R11_0160_1920,2
GEO_R11_1312_0032,0
GEO_R11_0512_1216,4
GEO_R11_1344_0448,0
GEO_R11_0768_1728,4
GEO_R11_0800_1632,4
GEO_R11_0832_0160,0
GEO_R11_0160_0448,0
GEO_R11_1536_1920,4
GEO_R11_2272_0224,0
GEO_R11_1184_0192,0
GEO_R11_0768_1888,4
GEO_R11_1152_0448,0
GEO_R11_1376_1248,4
GEO_R11_0224_1280,4
GEO_R11_2016_1376,0
GEO_R11_1856_2176,0
GEO_R11_0768_2080,5
GEO_R11_0160_1632,4
GEO_R11_0704_0704,4
GEO_R11_0800_1728,4
GEO_R11_2176_0928,4
GEO_R11_1440_0256,0
GEO_R11_0320_0128,0
GEO_R11_0704_0064,0
GEO_R11_0576_1440,4
GEO_R11_0736_0160,0
GEO_R11_1696_1248,4
GEO_R11_2304_0320,0
GEO_R11_2304_1856,4
GEO_R11_1344_1376,4
GEO_R11_1120_1184,4
GEO_R11_0736_0128,0
GEO_R11_0960_1696,4
GEO_R11_1376_0416,0
GEO_R11_2240_0096,0
GEO_R11_2304_1280,4
GEO_R11_0032_0352,0
GEO_R11_0832_2208,4
GEO_R11_0000_0256,0
GEO_R11_0000_0128,0
GEO_R11_0320_1344,4
GEO_R11_1344_0928,4
GEO_R11_0096_0928,0
GEO_R11_1344_0384,0
GEO_R11_2144_1600,4
GEO_R11_1664_0128,0
GEO_R11_0896_1024,4
GEO_R11_2240_1728,4
GEO_R11_1376_0160,0
GEO_R11_1312_0288,0
GEO_R11_1856_0032,0
GEO_R11_1888_1312,0
GEO_R11_2304_0576,4
GEO_R11_1760_0768,4
GEO_R11_1600_1280,4
GEO_R11_0992_0032,0
GEO_R11_0480_1088,4
GEO_R11_2176_1600,4
GEO_R11_0096_0640,0
GEO_R11_0096_1696,4
GEO_R11_1344_0544,0
GEO_R11_0768_1920,4
GEO_R11_0704_0608,0
GEO_R11_2176_2304,0
GEO_R11_1728_1888,4
GEO_R11_1280_0576,0
GEO_R11_2240_0736,4
GEO_R11_1152_0352,0
GEO_R11_1408_1632,4
GEO_R11_0800_0480,0
GEO_R11_0032_1408,4
GEO_R11_1952_1600,0
GEO_R11_0736_0416,0
GEO_R11_0864_0032,0
GEO_R11_0672_1376,4
GEO_R11_2176_0864,4
GEO_R11_1120_0288,0
GEO_R11_0160_0032,0
GEO_R11_0256_0192,0
GEO_R11_0352_0032,0
GEO_R11_0928_1280,4
GEO_R11_1344_0160,0
GEO_R11_1056_1152,4
GEO_R11_1248_0224,0
GEO_R11_0672_0224,0
GEO_R11_0032_0544,0
GEO_R11_2144_1184,4
GEO_R11_1088_0448,0
GEO_R11_1952_2272,0
GEO_R11_1504_0032,0
GEO_R11_0800_1792,4
GEO_R11_1408_0192,0
GEO_R11_0768_1984,4
GEO_R11_1376_0576,0
GEO_R11_1152_1632,4
GEO_R11_1856_2272,0
GEO_R12_0256_0640,4
GEO_R12_0704_0800,4
GEO_R12_2144_1504,0
GEO_R12_1312_1792,4
GEO_R12_1728_1472,4
GEO_R12_1376_1568,4
GEO_R12_2176_1600,0
GEO_R12_0352_1088,4
GEO_R12_0256_2080,3
GEO_R12_0512_0416,4
GEO_R12_1696_0544,0
GEO_R12_0704_2080,3
GEO_R12_0480_0992,4
GEO_R12_0608_1344,4
GEO_R12_1248_2208,4
GEO_R12_2112_0800,0
GEO_R12_1152_1024,4
GEO_R12_1120_0672,4
GEO_R12_2016_0832,4
GEO_R12_0736_1984,3
GEO_R12_0096_2144,3
GEO_R12_1248_1088,4
GEO_R12_0672_2016,3
GEO_R12_0832_0096,0
GEO_R12_0896_1344,4
GEO_R12_1344_0832,0
GEO_R12_0992_0000,0
GEO_R12_0640_0384,4
GEO_R12_1760_0032,0
GEO_R12_0768_0928,4
GEO_R12_0800_0192,0
GEO_R12_0736_1632,4
GEO_R12_0832_1664,4
GEO_R12_1312_1856,4
GEO_R12_1568_0832,0
GEO_R12_1536_0416,0
GEO_R12_0256_0544,4
GEO_R12_1792_0320,0
GEO_R12_1504_1248,4
GEO_R12_1632_2080,4
GEO_R12_0832_0864,4
GEO_R12_1536_0512,0
GEO_R12_0736_1760,4
GEO_R12_1792_0128,0
GEO_R12_2112_2080,4
GEO_R12_0960_1760,4
GEO_R12_1824_1792,4
GEO_R12_0704_1440,4
GEO_R12_2112_1376,0
GEO_R12_0608_0832,4
GEO_R12_1376_1600,4
GEO_R12_0192_0672,4
GEO_R12_1440_1632,4
GEO_R12_1280_1280,4
GEO_R12_0896_0800,4
GEO_R12_1600_0704,0
GEO_R12_0416_0256,4
GEO_R12_0800_1216,4
GEO_R12_0864_0576,4
GEO_R12_1024_0736,4
GEO_R12_0928_0160,0
GEO_R12_0288_1184,4
GEO_R12_1184_0896,4
GEO_R12_1792_1472,4
GEO_R12_0064_1472,4
GEO_R12_2336_0256,0
GEO_R12_0992_1248,4
GEO_R12_0192_0608,4
GEO_R12_1280_1728,4
GEO_R12_1120_0992,4
GEO_R12_1888_0736,0
GEO_R12_1408_0128,0
GEO_R12_1856_1920,4
GEO_R12_1568_0064,0
GEO_R12_0096_2240,3
GEO_R12_0608_0128,0
GEO_R12_1440_0352,0
GEO_R12_1280_1568,4
GEO_R12_0416_1600,4
GEO_R12_1824_0672,0
GEO_R12_0352_0960,4
GEO_R12_0768_0672,4
GEO_R12_2080_0480,0
GEO_R12_1760_0224,0
GEO_R12_1568_1760,4
GEO_R12_0448_0800,4
GEO_R12_1440_0544,0
GEO_R12_0480_0768,4
GEO_R12_1504_1632,4
GEO_R12_1536_0800,0
GEO_R12_1216_1248,4
GEO_R12_1280_0096,0
GEO_R12_1344_0576,0
GEO_R12_1760_0096,0
GEO_R12_0960_1216,4
GEO_R12_0992_0896,4
GEO_R12_0672_0512,4
GEO_R12_0128_1440,4
GEO_R12_1088_1280,4
GEO_R12_2016_0480,0
GEO_R12_2304_0320,0
GEO_R12_0608_0928,4
GEO_R12_1984_0416,0
GEO_R12_2144_0224,0
GEO_R12_0256_0192,4
GEO_R12_0736_0992,4
GEO_R12_2144_0384,0
GEO_R12_1152_0576,0
GEO_R12_0064_1600,4
GEO_R12_1408_2304,4
GEO_R12_1824_1184,4
GEO_R12_0640_0992,4
GEO_R12_0608_0704,4
GEO_R12_1728_1056,0
GEO_R12_1920_2016,4
GEO_R12_0992_0352,0
GEO_R12_1120_0704,4
GEO_R12_1376_1696,4
GEO_R12_0064_1440,4
GEO_R12_1760_0352,0
GEO_R12_2016_0128,0
GEO_R12_1760_1280,4
GEO_R12_0000_2080,3
GEO_R12_2304_0736,4
GEO_R12_0704_1408,4
GEO_R12_0448_0384,4
GEO_R12_0576_0544,4
GEO_R12_2048_1280,0
GEO_R12_1952_1920,4
GEO_R12_1664_1792,4
GEO_R12_1696_0864,0
GEO_R12_1888_0096,0
GEO_R12_1440_0192,0
GEO_R12_0480_2048,3
GEO_R12_0928_0800,4
GEO_R12_1408_2016,4
GEO_R12_2048_0704,0
GEO_R12_1440_2272,4
GEO_R12_0608_0896,4
GEO_R12_2016_1888,4
GEO_R12_1376_1952,4
GEO_R12_1536_1568,4
GEO_R12_1888_0512,0
GEO_R12_0896_0096,0
GEO_R12_1312_0832,0
GEO_R12_1376_1824,4
GEO_R12_2304_1312,0
GEO_R12_1120_0512,4
GEO_R12_1184_1824,4
GEO_R12_2016_0704,0
GEO_R12_1600_0960,0
GEO_R12_1376_1536,4
GEO_R12_1248_0128,0
GEO_R12_0224_0608,4
GEO_R12_0768_0032,0
GEO_R12_0896_0320,0
GEO_R12_1184_1120,4
GEO_R12_2016_0896,4
GEO_R12_0576_0448,4
GEO_R12_2112_0384,0
GEO_R12_0864_0320,0
GEO_R12_0768_1760,4
GEO_R12_1984_1888,4
GEO_R12_2016_0448,0
GEO_R12_1632_0064,0
GEO_R12_2208_0416,0
GEO_R12_1088_1408,4
GEO_R12_0576_1088,4
GEO_R12_1856_0736,0
GEO_R12_1888_0416,0
GEO_R12_1312_1152,4
GEO_R12_0512_0768,4
GEO_R12_0672_1152,4
GEO_R12_0768_1664,4
GEO_R12_1120_1152,4
GEO_R12_1504_0832,0
GEO_R12_0672_0640,4
GEO_R12_1664_1856,4
GEO_R12_1120_0064,0
GEO_R12_2112_0352,0
GEO_R12_1024_0224,0
GEO_R12_2048_0544,0
GEO_R12_0064_2144,3
GEO_R12_1408_1504,4
GEO_R12_1088_1632,4
GEO_R12_1024_0928,4
GEO_R12_1280_0896,4
GEO_R12_1472_2176,4
GEO_R12_1824_0320,0
GEO_R12_0576_0256,4
GEO_R12_1664_0448,0
GEO_R12_0000_0128,5
GEO_R12_2080_1536,0
GEO_R12_1376_0512,0
GEO_R12_1728_0896,0
GEO_R12_1824_0352,0
GEO_R12_0576_0800,4
GEO_R12_0384_0992,4
GEO_R12_1280_0800,0
GEO_R12_1344_2336,0
GEO_R12_0672_2048,3
GEO_R12_0352_0000,4
GEO_R12_2080_1568,0
GEO_R12_0768_0768,4
GEO_R12_0800_0768,4
GEO_R12_1536_2016,4
GEO_R12_1632_0032,0
GEO_R12_1312_1824,4
GEO_R12_1408_2080,4
GEO_R12_0960_0576,4
GEO_R12_0544_0928,4
GEO_R12_1792_2304,0
GEO_R12_1696_2144,4
GEO_R12_2144_0544,0
GEO_R12_0672_0128,0
GEO_R12_0832_0576,4
GEO_R12_1024_0352,0
GEO_R12_0608_0544,4
GEO_R12_1088_0448,4
GEO_R12_1920_0608,0
GEO_R12_1920_0704,0
GEO_R12_0480_0352,4
GEO_R12_0736_0480,4
GEO_R12_2208_1536,0
GEO_R12_0960_0000,0
GEO_R12_1472_1056,4
GEO_R12_1408_2240,4
GEO_R12_2144_1632,0
GEO_R12_0096_1792,3
GEO_R12_0960_1728,4
GEO_R12_2112_1248,0
GEO_R12_1632_0192,0
GEO_R12_1216_1888,4
GEO_R12_2080_0992,4
GEO_R12_0576_0064,0
GEO_R12_1664_1696,4
GEO_R12_0672_2176,3
GEO_R12_1152_1568,4
GEO_R12_1312_2208,4
GEO_R12_0928_0096,0
GEO_R12_1920_0576,0
GEO_R12_1344_0000,0
GEO_R12_2080_0576,0
GEO_R12_1984_2112,4
GEO_R12_0896_1440,4
GEO_R12_1632_2016,4
GEO_R12_0928_0288,0
GEO_R12_1056_0512,4
GEO_R12_1024_1632,4
GEO_R12_1600_0000,0
GEO_R12_1696_1728,4
GEO_R12_1312_0128,0
GEO_R12_0960_0832,4
GEO_R12_0736_0832,4
GEO_R12_0160_0832,4
GEO_R12_1472_1632,4
GEO_R12_0896_1600,4
GEO_R12_2336_0704,4
GEO_R12_2080_1376,0
GEO_R12_1152_1600,4
GEO_R12_1728_2240,0
GEO_R12_0064_1760,3
GEO_R12_1568_1504,4
GEO_R12_0576_0000,0
GEO_R12_1696_0128,0
GEO_R12_1216_1664,4
GEO_R12_0640_0032,0
GEO_R12_1408_0672,0
GEO_R12_1280_1824,4
GEO_R12_0960_0256,0
GEO_R12_1120_0896,4
GEO_R12_1376_1312,4
GEO_R12_2112_1728,0
GEO_R12_2016_0224,0
GEO_R12_0384_1152,4
GEO_R12_1216_1344,4
GEO_R12_1120_1312,4
GEO_R12_1760_0544,0
GEO_R12_0704_1120,4
GEO_R12_1312_0256,0
GEO_R12_1056_0064,0
GEO_R12_2336_1920,0
GEO_R12_1216_0896,4
GEO_R12_1120_0736,4
GEO_R12_1984_0160,0
GEO_R12_0832_1504,4
GEO_R12_0416_1152,4
GEO_R12_0800_0096,0
GEO_R12_1824_0832,0
GEO_R12_0096_1504,4
GEO_R12_2112_2144,4
GEO_R12_1184_1344,4
GEO_R12_1120_2176,4
GEO_R12_1984_0032,0
GEO_R12_1600_0160,0
GEO_R12_0864_0288,0
GEO_R12_0480_0032,4
GEO_R12_0448_0064,4
GEO_R12_1408_0064,0
GEO_R12_0512_0384,4
GEO_R12_0448_0192,4
GEO_R12_1568_0352,0
GEO_R12_0992_1312,4
GEO_R12_1312_2336,0
GEO_R12_1280_1984,4
GEO_R12_1248_1728,4
GEO_R12_2304_2048,0
GEO_R12_2176_0160,0
GEO_R12_1888_0608,0
GEO_R12_1088_0096,0
GEO_R12_1056_0960,4
GEO_R12_0768_1536,4
GEO_R12_2080_0608,0
GEO_R12_0384_1088,4
GEO_R12_0544_0864,4
GEO_R12_2144_0736,0
GEO_R12_1760_0256,0
GEO_R12_1760_0384,0
GEO_R12_0000_2208,3
GEO_R12_1120_0960,4
GEO_R12_0352_0288,4
GEO_R12_0416_0096,4
GEO_R12_2304_1952,0
GEO_R12_1248_1440,4
GEO_R12_0224_1888,3
GEO_R12_0960_2336,4
GEO_R12_0544_0256,4
GEO_R12_1600_1280,4
GEO_R12_1632_0160,0
GEO_R12_1440_0672,0
GEO_R12_1600_0032,0
GEO_R12_1472_1952,4
GEO_R12_0864_0608,4
GEO_R12_2144_0320,0
GEO_R12_2048_1952,4
GEO_R12_1184_0960,4
GEO_R12_1120_0288,0
GEO_R12_1216_0800,4
GEO_R12_0768_1312,4
GEO_R12_0800_1696,4
GEO_R12_1376_0960,4
GEO_R12_0864_0128,0
GEO_R12_1376_1088,4
GEO_R12_1664_0608,0
GEO_R12_2016_0256,0
GEO_R12_0224_2336,3
GEO_R12_0480_1152,4
GEO_R12_2080_0096,0
GEO_R12_1152_0608,0
GEO_R12_0096_1760,3
GEO_R12_0000_0096,5
GEO_R12_2080_0544,0
GEO_R12_1280_0640,0
GEO_R12_1952_1760,4
GEO_R12_1504_0064,0
GEO_R12_0544_1248,4
GEO_R12_1728_1920,4
GEO_R12_1312_0640,0
GEO_R12_2048_0512,0
GEO_R12_1024_1376,4
GEO_R12_1568_2080,4
GEO_R12_2336_1952,0
GEO_R12_1888_1408,4
GEO_R12_0992_0128,0
GEO_R12_0288_2112,3
GEO_R12_1248_0192,0
GEO_R12_1088_0928,4
GEO_R12_0640_2112,3
GEO_R12_0352_1056,4
GEO_R12_0992_0768,4
GEO_R12_0640_2016,3
GEO_R12_0800_1056,4
GEO_R12_1696_0480,0
GEO_R12_1632_1408,4
GEO_R12_1728_2080,4
GEO_R12_0800_1536,4
GEO_R12_0768_1472,4
GEO_R12_1824_1440,4
GEO_R12_0544_0448,4
GEO_R12_1344_1504,4
GEO_R12_1536_0960,0
GEO_R12_1216_1632,4
GEO_R12_0640_1248,4
GEO_R12_2240_1152,0
GEO_R12_0832_1440,4
GEO_R12_1280_1312,4
GEO_R12_0832_0832,4
GEO_R12_1248_0032,0
GEO_R12_1216_1152,4
GEO_R12_0512_0480,4
GEO_R12_2240_1728,0
GEO_R12_1056_0448,4
GEO_R12_1184_1248,4
GEO_R12_2048_0128,0
GEO_R12_0992_0640,4
GEO_R12_2112_0448,0
GEO_R12_0288_1152,4
GEO_R12_2144_0288,0
GEO_R12_0576_0288,4
GEO_R12_1824_1920,4
GEO_R12_2048_1664,0
GEO_R12_2080_1024,4
GEO_R12_1568_0160,0
GEO_R12_1312_1760,4
GEO_R12_1632_1600,4
GEO_R12_0832_0160,0
GEO_R12_2304_0704,4
GEO_R12_1504_1120,4
GEO_R12_0064_1504,4
GEO_R12_0960_1440,4
GEO_R12_1536_1856,4
GEO_R12_0768_0480,4
GEO_R12_0448_0256,4
GEO_R12_1760_1824,4
GEO_R12_1088_0352,0
GEO_R12_1312_0288,0
GEO_R12_0672_1312,4
GEO_R12_1376_1856,4
GEO_R12_1632_0512,0
GEO_R12_1088_0128,0
GEO_R12_1280_0544,0
GEO_R12_1696_0640,0
GEO_R12_1632_1984,4
GEO_R12_1920_0288,0
GEO_R12_0416_2080,3
GEO_R12_0512_0736,4
GEO_R12_2176_0672,0
GEO_R12_1440_0960,4
GEO_R12_0800_1664,4
GEO_R12_1664_0192,0
GEO_R12_1952_2048,4
GEO_R12_1120_2208,4
GEO_R12_1664_0416,0
GEO_R12_0096_1568,4
GEO_R12_1536_0896,0
GEO_R12_1504_0576,0
GEO_R12_1888_0320,0
GEO_R12_0288_1088,4
GEO_R12_0544_1024,4
GEO_R12_2016_2080,4
GEO_R12_0896_0064,0
GEO_R12_2016_0096,0
GEO_R12_0288_1120,4
GEO_R12_2112_1344,0
GEO_R12_1184_2208,4
GEO_R12_1248_0352,4
GEO_R12_1440_1824,4
GEO_R12_2208_1344,0
GEO_R12_1952_0160,0
GEO_R12_1376_0096,0
GEO_R12_0000_2336,3
GEO_R12_1888_0448,0
GEO_R12_1472_0640,0
GEO_R12_1344_0288,0
GEO_R12_1856_1312,4
GEO_R12_0384_0096,4
GEO_R12_0640_0448,4
GEO_R12_1248_0000,0
GEO_R12_1792_0768,0
GEO_R12_1856_0480,0
GEO_R12_1664_0672,0
GEO_R12_1632_1856,4
GEO_R12_2272_1952,0
GEO_R12_1792_0256,0
GEO_R12_0768_1120,4
GEO_R12_0832_0544,4
GEO_R12_1792_0672,0
GEO_R12_1216_0576,0
GEO_R12_1696_1504,4
GEO_R12_0992_1504,4
GEO_R12_1952_0096,0
GEO_R12_0928_0320,0
GEO_R12_1088_0768,4
GEO_R12_1792_1312,4
GEO_R12_0032_2112,3
GEO_R12_1536_0640,0
GEO_R12_0768_1408,4
GEO_R12_2304_0256,0
GEO_R12_1376_0352,0
GEO_R12_1568_0256,0
GEO_R12_2016_2048,4
GEO_R12_1024_1280,4
GEO_R12_2176_0832,0
GEO_R12_0992_0064,0
GEO_R12_2304_1824,0
GEO_R12_0992_0256,0
GEO_R12_0544_1088,4
GEO_R12_2016_0352,0
GEO_R12_0864_1696,4
GEO_R12_1344_1024,4
GEO_R12_1024_0000,0
GEO_R12_2016_1248,0
GEO_R12_0736_0736,4
GEO_R12_1504_0640,0
GEO_R12_0768_1376,4
GEO_R12_1440_0992,4
GEO_R12_0480_1024,4
GEO_R12_2336_0992,0
GEO_R12_0800_0992,4
GEO_R12_2080_1984,4
GEO_R12_0576_1056,4
GEO_R12_1248_2176,4
GEO_R12_0832_0128,0
GEO_R12_1472_0096,0
GEO_R12_0672_0544,4
GEO_R12_2016_1984,4
GEO_R12_1248_1152,4
GEO_R12_1824_2336,0
GEO_R12_0224_1280,4
GEO_R12_1760_1920,4
GEO_R12_0640_1376,4
GEO_R12_2080_0832,0
GEO_R12_1024_1408,4
GEO_R12_2336_0192,0
GEO_R12_0672_1952,3
GEO_R12_2048_2016,4
GEO_R12_1888_1376,4
GEO_R12_0448_2144,3
GEO_R12_1376_0736,0
GEO_R12_0960_0096,0
GEO_R12_0384_0384,4
GEO_R12_2272_1312,0
GEO_R12_1632_1440,4
GEO_R12_0288_1248,4
GEO_R12_1728_0064,0
GEO_R12_1344_1664,4
GEO_R12_0672_1088,4
GEO_R12_0864_0704,4
GEO_R12_1760_0832,0
GEO_R12_1728_0736,0
GEO_R12_1184_0192,0
GEO_R12_2112_0576,0
GEO_R12_1472_1792,4
GEO_R12_0960_1344,4
GEO_R12_1344_1792,4
GEO_R12_2048_1504,0
GEO_R12_1472_0832,0
GEO_R12_2208_0256,0
GEO_R12_1408_0096,0
GEO_R12_1632_1824,4
GEO_R12_0736_1088,4
GEO_R12_0672_1792,4
GEO_R12_1600_0608,0
GEO_R12_2240_1632,0
GEO_R12_0800_0032,0
GEO_R12_1216_0192,0
GEO_R12_0832_1024,4
GEO_R12_1504_0480,0
GEO_R12_1696_0096,0
GEO_R12_2016_0736,0
GEO_R12_2208_0192,0
GEO_R12_0832_1184,4
GEO_R12_0768_1440,4
GEO_R12_1344_1344,4
GEO_R12_0768_0704,4
GEO_R12_0832_0352,0
GEO_R12_1984_0544,0
GEO_R12_1920_0320,0
GEO_R12_0352_0224,4
GEO_R12_2336_2048,0
GEO_R12_1728_0288,0
GEO_R12_0768_0288,0
GEO_R12_2208_1632,0
GEO_R12_1952_0128,0
GEO_R12_0672_0864,4
GEO_R12_0672_0928,4
GEO_R12_1760_0512,0
GEO_R12_2016_0160,0
GEO_R12_1312_0000,0
GEO_R12_1280_1120,4
GEO_R12_0736_1376,4
GEO_R12_2112_0320,0
GEO_R12_1216_1376,4
GEO_R12_1216_2208,4
GEO_R12_2304_1376,0
GEO_R12_0352_2208,3
GEO_R12_1760_1216,4
GEO_R12_0160_0736,4
GEO_R12_0096_1472,4
GEO_R12_2336_0128,0
GEO_R12_2176_2304,0
GEO_R12_1600_0064,0
GEO_R12_1600_0928,0
GEO_R12_1056_0992,4
GEO_R12_0352_2176,3
GEO_R12_1472_1760,4
GEO_R12_1600_1216,4
GEO_R12_1824_2240,0
GEO_R12_1120_0416,4
GEO_R12_0288_1216,4
GEO_R12_1824_0000,0
GEO_R12_1760_0608,0
GEO_R12_0128_2176,3
GEO_R12_0864_0672,4
GEO_R12_2144_1568,0
GEO_R12_1024_1536,4
GEO_R12_1280_0992,4
GEO_R12_1824_0480,0
GEO_R12_2112_1664,0
GEO_R12_0096_1536,4
GEO_R12_1600_2016,4
GEO_R12_0640_2272,3
GEO_R12_2144_0480,0
GEO_R12_0032_0256,0
GEO_R12_0608_0160,0
GEO_R12_2048_2048,4
GEO_R12_0256_1248,4
GEO_R12_0704_1344,4
GEO_R12_1024_0800,4
GEO_R12_0704_0960,4
GEO_R12_1568_1824,4
GEO_R12_0896_0512,4
GEO_R12_0800_0800,4
GEO_R12_1312_1952,4
GEO_R12_1664_0064,0
GEO_R12_0672_1216,4
GEO_R12_1824_0448,0
GEO_R12_0256_0224,4
GEO_R12_2016_0320,0
GEO_R12_1792_0288,0
GEO_R12_1216_1408,4
GEO_R12_1568_0288,0
GEO_R12_0064_1536,4
GEO_R12_1856_0672,0
GEO_R12_2144_0576,0
GEO_R12_2208_0352,0
GEO_R12_0768_1056,4
GEO_R12_0256_2112,3
GEO_R12_1600_0320,0
GEO_R12_1408_0320,0
GEO_R12_2272_1344,0
GEO_R12_0384_0000,4
GEO_R12_0512_2016,3
GEO_R12_2112_1440,0
GEO_R12_0608_0800,4
GEO_R12_0320_0608,4
GEO_R12_0160_0640,4
GEO_R12_0704_0384,4
GEO_R12_0672_1056,4
GEO_R12_1664_0032,0
GEO_R12_0608_2304,3
GEO_R12_0352_0320,4
GEO_R12_0160_1216,4
GEO_R12_2112_0768,0
GEO_R12_1216_0128,0
GEO_R12_0992_0704,4
GEO_R12_0864_1056,4
GEO_R12_0768_0544,4
GEO_R12_0096_2208,3
GEO_R12_2336_1056,0
GEO_R12_1088_1216,4
GEO_R12_0192_1152,4
GEO_R12_1472_1984,4
GEO_R12_2176_2336,0
GEO_R12_2304_1696,0
GEO_R12_1376_0032,0
GEO_R12_1568_1376,4
GEO_R12_1376_2176,4
GEO_R12_1280_0032,0
GEO_R12_0832_0032,0
GEO_R12_1760_1792,4
GEO_R12_1472_1728,4
GEO_R12_1792_0064,0
GEO_R12_1440_1120,4
GEO_R12_0960_0224,0
GEO_R12_2080_0416,0
GEO_R12_0352_0896,4
GEO_R12_0480_0896,4
GEO_R12_1952_1472,0
GEO_R12_0576_1280,4
GEO_R12_1792_0224,0
GEO_R12_1728_0096,0
GEO_R12_0512_0800,4
GEO_R12_1440_1600,4
GEO_R12_1696_0000,0
GEO_R12_0896_1248,4
GEO_R12_0736_1312,4
GEO_R12_1120_1184,4
GEO_R12_0640_0352,4
GEO_R12_1664_0384,0
GEO_R12_0448_0416,4
GEO_R12_1376_0576,0
GEO_R12_1632_1120,4
GEO_R12_1216_0544,0
GEO_R12_1376_1664,4
GEO_R12_1280_0160,0
GEO_R12_1568_0320,0
GEO_R12_0544_0544,4
GEO_R12_1312_1344,4
GEO_R12_0800_1248,4
GEO_R12_1760_2304,0
GEO_R12_0064_0768,4
GEO_R12_1152_0096,0
GEO_R12_1472_2016,4
GEO_R12_0800_1728,4
GEO_R12_1568_0896,0
GEO_R12_0032_2240,3
GEO_R12_0608_1216,4
GEO_R12_1664_0704,0
GEO_R12_1984_0192,0
GEO_R12_1664_0320,0
GEO_R12_1408_0032,0
GEO_R12_0448_0544,4
GEO_R12_1408_1728,4
GEO_R12_1280_1536,4
GEO_R12_2304_0992,0
GEO_R12_1536_1952,4
GEO_R12_1760_0128,0
GEO_R12_1696_1024,0
GEO_R12_1088_0896,4
GEO_R12_1728_0704,0
GEO_R12_0448_0960,4
GEO_R12_0992_2336,4
GEO_R12_1792_1024,0
GEO_R12_1184_0768,4
GEO_R12_0992_0384,0
GEO_R12_0032_0832,4
GEO_R12_1376_1792,4
GEO_R12_1792_1376,4
GEO_R12_2048_1440,0
GEO_R12_1472_1280,4
GEO_R12_0192_1216,4
GEO_R12_2144_1664,0
GEO_R12_1696_1984,4
GEO_R12_2112_0064,0
GEO_R12_1184_0992,4
GEO_R12_1984_0128,0
GEO_R12_1888_0160,0
GEO_R12_0608_1152,4
GEO_R12_0736_1024,4
GEO_R12_1152_1280,4
GEO_R12_0288_0960,4
GEO_R12_1664_0128,0
GEO_R12_1920_0384,0
GEO_R12_2016_1440,0
GEO_R12_0736_1344,4
GEO_R12_1664_2048,4
GEO_R12_2144_1728,0
GEO_R12_1184_0576,0
GEO_R12_0832_1568,4
GEO_R12_0704_0192,0
GEO_R12_1024_0896,4
GEO_R12_1568_1344,4
GEO_R12_0608_0864,4
GEO_R12_0512_2048,3
GEO_R12_0864_1440,4
GEO_R12_2144_0448,0
GEO_R12_2016_0416,0
GEO_R12_2080_1216,0
GEO_R12_2176_1344,0
GEO_R12_2240_0288,0
GEO_R12_0672_0608,4
GEO_R12_1024_2272,4
GEO_R12_2176_1440,0
GEO_R12_1088_1760,4
GEO_R12_0992_0288,0
GEO_R12_1568_0768,0
GEO_R12_0864_0000,0
GEO_R12_2208_2144,4
GEO_R12_0768_0512,4
GEO_R12_1600_1792,4
GEO_R12_1376_2240,4
GEO_R12_2176_1632,0
GEO_R12_1952_0192,0
GEO_R12_2112_0512,0
GEO_R12_2112_2240,4
GEO_R12_1216_0160,0
GEO_R12_1152_0192,0
GEO_R12_1056_0320,0
GEO_R12_1152_0928,4
GEO_R12_0448_1600,4
GEO_R12_1824_0128,0
GEO_R12_2048_0608,0
GEO_R12_0992_1696,4
GEO_R12_0192_1184,4
GEO_R12_2048_0192,0
GEO_R12_1408_1472,4
GEO_R12_0896_0352,0
GEO_R12_0672_0576,4
GEO_R12_1408_1344,4
GEO_R12_0704_1760,4
GEO_R12_0768_0096,0
GEO_R12_1120_0448,4
GEO_R12_0960_0608,4
GEO_R12_0608_2336,3
GEO_R12_0160_0800,4
GEO_R12_0640_1728,4
GEO_R12_0928_1504,4
GEO_R12_0640_0416,4
GEO_R12_1536_0736,0
GEO_R12_1504_0192,0
GEO_R12_0416_0000,4
GEO_R12_1120_1120,4
GEO_R12_1408_1248,4
GEO_R12_2144_0000,0
GEO_R12_2144_1760,0
GEO_R12_0960_0960,4
GEO_R12_0800_1120,4
GEO_R12_1664_0576,0
GEO_R12_0448_0832,4
GEO_R12_0288_0224,4
GEO_R12_1664_1600,4
GEO_R12_0768_0960,4
GEO_R12_2176_0352,0
GEO_R12_0352_1248,4
GEO_R12_0064_2240,3
GEO_R12_1856_0448,0
GEO_R12_1728_2304,0
GEO_R12_1056_0640,4
GEO_R12_0576_0928,4
GEO_R12_1824_1152,4
GEO_R12_2112_1824,0
GEO_R12_0736_1664,4
GEO_R12_1248_0736,4
GEO_R12_1856_1184,4
GEO_R12_0640_1152,4
GEO_R12_1344_1088,4
GEO_R12_1216_1088,4
GEO_R12_0640_1184,4
GEO_R12_1632_1568,4
GEO_R12_1376_0704,0
GEO_R12_0352_0256,4
GEO_R12_0928_1312,4
GEO_R12_0960_1408,4
GEO_R12_0928_2336,4
GEO_R12_1856_0768,0
GEO_R12_1408_1824,4
GEO_R12_1536_1536,4
GEO_R12_1440_2112,4
GEO_R12_1344_0096,0
GEO_R12_1248_1632,4
GEO_R12_2016_0032,0
GEO_R12_0320_2080,3
GEO_R12_1440_1664,4
GEO_R12_0704_0640,4
GEO_R12_1600_1760,4
GEO_R12_2304_1440,0
GEO_R12_1696_1248,4
GEO_R12_0032_0064,5
GEO_R12_2080_0352,0
GEO_R12_1568_1312,4
GEO_R12_0736_0800,4
GEO_R12_1888_1760,4
GEO_R12_0960_0064,0
GEO_R12_1952_1792,4
GEO_R12_2144_1184,0
GEO_R12_0416_0928,4
GEO_R12_1408_2048,4
GEO_R12_0416_0032,4
GEO_R12_1536_0928,0
GEO_R12_2272_1632,0
GEO_R12_0544_0512,4
GEO_R12_2176_1504,0
GEO_R12_0128_0800,4
GEO_R12_0608_1280,4
GEO_R12_2208_0448,0
GEO_R12_1184_0224,0
GEO_R12_2080_2048,4
GEO_R12_2304_2240,4
GEO_R12_0768_1248,4
GEO_R12_1408_1952,4
GEO_R12_1408_1920,4
GEO_R12_0544_0224,4
GEO_R12_2176_0448,0
GEO_R12_1536_2048,4
GEO_R12_0672_1664,4
GEO_R12_1696_1824,4
GEO_R12_0160_1376,4
GEO_R12_1248_0544,0
GEO_R12_0512_1120,4
GEO_R12_0672_0288,4
GEO_R12_0800_1184,4
GEO_R12_1984_1472,0
GEO_R12_0256_1120,4
GEO_R12_0896_0192,0
GEO_R12_0480_0192,4
GEO_R12_1952_0640,0
GEO_R12_1920_0352,0
GEO_R12_1760_0160,0
GEO_R12_2336_0320,0
GEO_R12_0576_1120,4
GEO_R12_1472_0544,0
GEO_R12_1440_0640,0
GEO_R12_0544_0416,4
GEO_R12_2048_1472,0
GEO_R12_2112_1216,0
GEO_R12_1152_0000,0
GEO_R12_1920_0224,0
GEO_R12_1344_2112,4
GEO_R12_0704_0608,4
GEO_R12_1792_0192,0
GEO_R12_1792_1984,4
GEO_R12_1952_2016,4
GEO_R12_2336_1760,0
GEO_R12_1024_0192,0
GEO_R12_0864_0896,4
GEO_R12_1632_0448,0
GEO_R12_1856_0608,0
GEO_R12_0608_0640,4
GEO_R12_0576_0352,4
GEO_R12_1280_1152,4
GEO_R12_2016_0000,0
GEO_R12_0096_1440,4
GEO_R12_2144_2176,4
GEO_R12_1408_1120,4
GEO_R12_2272_1408,0
GEO_R12_1248_2048,4
GEO_R12_2016_0192,0
GEO_R12_1280_1344,4
GEO_R12_1632_0800,0
GEO_R12_1728_0992,0
GEO_R12_1152_0864,4
GEO_R12_0992_0480,4
GEO_R12_2240_1568,0
GEO_R12_1056_0032,0
GEO_R12_1312_1376,4
GEO_R12_0672_1248,4
GEO_R12_0832_0192,0
GEO_R12_2016_1216,0
GEO_R12_0832_0448,4
GEO_R12_0928_0576,4
GEO_R12_1952_1952,4
GEO_R12_1152_1376,4
GEO_R12_1728_1280,4
GEO_R12_1312_1184,4
GEO_R12_0640_1216,4
GEO_R12_1472_1472,4
GEO_R12_1280_1088,4
GEO_R12_1440_1024,4
GEO_R12_0544_2048,3
GEO_R12_1728_0576,0
GEO_R12_0512_0544,4
GEO_R12_0416_1024,4
GEO_R12_1728_0128,0
GEO_R12_0928_0128,0
GEO_R12_0000_0864,4
GEO_R12_0096_1408,4
GEO_R12_1120_0928,4
GEO_R12_0032_0224,0
GEO_R12_0480_0320,4
GEO_R12_0832_0992,4
GEO_R12_1440_1056,4
GEO_R12_0544_0960,4
GEO_R12_2304_1728,0
GEO_R12_1760_2240,0
GEO_R12_1952_1504,0
GEO_R12_2144_1600,0
GEO_R12_0480_0256,4
GEO_R12_0288_1280,4
GEO_R12_1344_1856,4
GEO_R12_1472_2304,4
GEO_R12_1440_0384,0
GEO_R12_1952_1248,0
GEO_R12_1792_1920,4
GEO_R12_1216_0320,4
GEO_R12_0864_0416,4
GEO_R12_1376_1248,4
GEO_R12_2112_0736,0
GEO_R12_0544_2016,3
GEO_R12_1152_0800,4
GEO_R12_0864_1536,4
GEO_R12_1664_1248,4
GEO_R12_2048_0576,0
GEO_R12_1088_1184,4
GEO_R12_1344_2080,4
GEO_R12_0960_0896,4
GEO_R12_1440_0064,0
GEO_R12_0864_0832,4
GEO_R12_1600_0416,0
GEO_R12_1568_1408,4
GEO_R12_1536_0256,0
GEO_R12_0704_1696,4
GEO_R12_0416_1120,4
GEO_R12_0640_0608,4
GEO_R12_0640_0736,4
GEO_R12_0160_1824,3
GEO_R12_0128_2240,3
GEO_R12_0640_0544,4
GEO_R12_1600_0512,0
GEO_R12_0576_0992,4
GEO_R12_2080_0512,0
GEO_R12_0704_1312,4
GEO_R12_0768_0224,0
GEO_R12_0192_1280,4
GEO_R12_1856_0096,0
GEO_R12_1984_1984,4
GEO_R12_0544_0640,4
GEO_R12_2272_2048,0
GEO_R12_0960_0800,4
GEO_R12_0928_1632,4
GEO_R12_0768_1792,4
GEO_R12_0384_0864,4
GEO_R12_0416_0416,4
GEO_R12_1152_0736,4
GEO_R12_1792_0576,0
GEO_R12_1856_0160,0
GEO_R12_2080_0448,0
GEO_R12_0800_0576,4
GEO_R12_2176_0576,0
GEO_R12_0512_1024,4
GEO_R12_1248_0992,4
GEO_R12_1728_0000,0
GEO_R12_1952_0480,0
GEO_R12_1696_1216,4
GEO_R12_0832_0896,4
GEO_R12_0800_0224,0
GEO_R12_1376_2208,4
GEO_R12_0448_0864,4
GEO_R12_1664_1984,4
GEO_R12_1984_2048,4
GEO_R12_1056_1664,4
GEO_R12_0928_0256,0
GEO_R12_1952_0544,0
GEO_R12_1280_0128,0
GEO_R12_0256_2016,3
GEO_R12_1888_1344,4
GEO_R12_1664_0832,0
GEO_R12_1504_0864,0
GEO_R12_0128_0768,4
GEO_R12_1920_1568,0
GEO_R12_1184_1856,4
GEO_R12_0672_0480,4
GEO_R12_0544_0992,4
GEO_R12_2208_0480,0
GEO_R12_1088_1248,4
GEO_R12_0416_0320,4
GEO_R12_2336_1248,0
GEO_R12_0000_0064,5
GEO_R12_1408_1760,4
GEO_R12_1920_0064,0
GEO_R12_0704_1984,3
GEO_R12_1536_0224,0
GEO_R12_0896_0032,0
GEO_R12_1184_0480,4
GEO_R12_2176_1536,0
GEO_R12_0320_0224,4
GEO_R12_0608_0608,4
GEO_R12_0384_0288,4
GEO_R12_1216_0640,0
GEO_R12_1536_0576,0
GEO_R12_2144_2144,4
GEO_R12_0512_0160,4
GEO_R12_0992_0864,4
GEO_R12_0736_0768,4
GEO_R12_0928_0224,0
GEO_R12_1536_2112,4
GEO_R12_0448_0896,4
GEO_R12_0000_2144,3
GEO_R12_1184_1760,4
GEO_R12_1312_1472,4
GEO_R12_1472_2080,4
GEO_R12_0000_2272,3
GEO_R12_1504_1856,4
GEO_R12_1600_0864,0
GEO_R12_1568_1120,4
GEO_R12_1024_0672,4
GEO_R12_0768_1184,4
GEO_R12_2208_0736,0
GEO_R12_1888_1856,4
GEO_R12_0672_1728,4
GEO_R12_0672_0192,0
GEO_R12_1152_1120,4
GEO_R12_0672_0832,4
GEO_R12_1856_0288,0
GEO_R12_1440_1504,4
GEO_R12_1472_0576,0
GEO_R12_2112_0288,0
GEO_R12_1056_1696,4
GEO_R12_1504_1312,4
GEO_R12_1472_1536,4
GEO_R12_2304_0224,0
GEO_R12_2240_0832,0
GEO_R12_1056_0160,0
GEO_R12_1216_0736,4
GEO_R12_2336_1216,0
GEO_R12_1792_0416,0
GEO_R12_0736_1472,4
GEO_R12_2304_1760,0
GEO_R12_1312_1312,4
GEO_R12_1792_1440,4
GEO_R12_0800_1600,4
GEO_R12_1504_1088,4
GEO_R12_0928_1344,4
GEO_R12_1440_2080,4
GEO_R12_0064_0544,4
GEO_R12_1376_0128,0
GEO_R12_0704_0864,4
GEO_R12_2112_2176,4
GEO_R12_1472_0192,0
GEO_R12_1664_0000,0
GEO_R12_1504_1920,4
GEO_R12_1472_0000,0
GEO_R12_1056_0928,4
GEO_R12_0416_0288,4
GEO_R12_2304_1504,0
GEO_R12_1728_0448,0
GEO_R12_1728_2336,0
GEO_R12_0992_1408,4
GEO_R12_0608_1056,4
GEO_R12_1152_1248,4
GEO_R12_1600_1984,4
GEO_R12_1152_0448,4
GEO_R12_1568_0608,0
GEO_R12_1792_0096,0
GEO_R12_1472_1248,4
GEO_R12_1536_1280,4
GEO_R12_2080_1664,0
GEO_R12_1664_2016,4
GEO_R12_1280_1856,4
GEO_R12_0288_0160,4
GEO_R12_1888_0704,0
GEO_R12_1824_0160,0
GEO_R12_1376_0928,4
GEO_R12_2080_2080,4
GEO_R12_0736_1792,4
GEO_R12_1216_1056,4
GEO_R12_2080_0224,0
GEO_R12_2080_1312,0
GEO_R12_1888_1280,4
GEO_R12_1184_0736,4
GEO_R12_1664_0352,0
GEO_R12_1408_1280,4
GEO_R12_1984_0384,0
GEO_R12_2336_0224,0
GEO_R12_0864_1376,4
GEO_R12_1120_0032,0
GEO_R12_1536_0096,0
GEO_R12_1280_1664,4
GEO_R12_1504_0256,0
GEO_R12_1024_0832,4
GEO_R12_2304_1408,0
GEO_R12_0992_0160,0
GEO_R12_1184_0640,0
GEO_R12_1664_0896,0
GEO_R12_2112_1184,0
GEO_R12_0928_1568,4
GEO_R12_1824_0384,0
GEO_R12_1024_0480,4
GEO_R12_1568_1792,4
GEO_R12_2080_0064,0
GEO_R12_1024_0640,4
GEO_R12_1952_0416,0
GEO_R12_1824_2144,4
GEO_R12_0384_0256,4
GEO_R12_0608_1088,4
GEO_R12_1568_0512,0
GEO_R12_1760_1344,4
GEO_R12_1312_1984,4
GEO_R12_2336_1632,0
GEO_R12_0576_1216,4
GEO_R12_0832_0928,4
GEO_R12_0608_1248,4
GEO_R12_1792_2240,0
GEO_R12_0672_0352,4
GEO_R12_0672_1280,4
GEO_R12_1408_0992,4
GEO_R12_1664_1920,4
GEO_R12_1120_1248,4
GEO_R12_1536_1824,4
GEO_R12_0928_2208,3
GEO_R12_1760_0064,0
GEO_R12_1408_1536,4
GEO_R12_2016_0864,4
GEO_R12_1952_1568,0
GEO_R12_1440_0128,0
GEO_R12_1600_1376,4
GEO_R12_1024_0320,0
GEO_R12_1248_1184,4
GEO_R12_1312_1120,4
GEO_R12_1760_0416,0
GEO_R12_1568_1568,4
GEO_R12_1984_0448,0
GEO_R12_0128_2208,3
GEO_R12_1280_2112,4
GEO_R12_0832_0672,4
GEO_R12_2144_1280,0
GEO_R12_0608_0672,4
GEO_R12_1984_1408,0
GEO_R12_0832_1600,4
GEO_R12_1952_0768,0
GEO_R12_1056_0256,0
GEO_R12_1376_1472,4
GEO_R12_0448_1184,4
GEO_R12_1216_1440,4
GEO_R12_1632_0576,0
GEO_R12_1408_1792,4
GEO_R12_1536_1216,4
GEO_R12_0128_0736,4
GEO_R12_1696_0064,0
GEO_R12_0576_0320,4
GEO_R12_1312_0320,0
GEO_R12_2112_1792,0
GEO_R12_1184_0928,4
GEO_R12_1024_0512,4
GEO_R12_0704_0928,4
GEO_R12_1408_0960,4
GEO_R12_1472_0800,0
GEO_R12_1792_0000,0
GEO_R12_1440_0768,0
GEO_R12_1440_0608,0
GEO_R12_2176_1760,0
GEO_R12_0768_0864,4
GEO_R12_2336_1568,0
GEO_R12_0064_2016,3
GEO_R12_1088_0704,4
GEO_R12_1984_0704,0
GEO_R12_0896_0288,0
GEO_R12_2080_0736,0
GEO_R12_2016_0384,0
GEO_R12_1152_0512,4
GEO_R12_2080_1248,0
GEO_R12_0576_0672,4
GEO_R12_1472_2272,4
GEO_R12_1152_0480,4
GEO_R12_1216_2176,4
GEO_R12_0704_0448,4
GEO_R12_1888_0576,0
GEO_R12_1920_0768,0
GEO_R12_1760_2336,0
GEO_R12_0992_1472,4
GEO_R12_1632_0352,0
GEO_R12_1408_1888,4
GEO_R12_0384_2176,3
GEO_R12_1824_1408,4
GEO_R12_2272_1536,0
GEO_R12_1376_1728,4
GEO_R12_2240_1664,0
GEO_R12_1120_0768,4
GEO_R12_0192_1856,3
GEO_R12_0608_1120,4
GEO_R12_1696_0736,0
GEO_R12_0864_0032,0
GEO_R12_0800_1024,4
GEO_R12_1056_0480,4
GEO_R12_0640_1024,4
GEO_R12_0064_0800,4
GEO_R12_1440_2048,4
GEO_R12_1664_1216,4
GEO_R12_1632_1024,0
GEO_R12_0512_1088,4
GEO_R12_0096_0736,4
GEO_R12_1152_0992,4
GEO_R12_0032_0864,4
GEO_R12_0800_0864,4
GEO_R12_2304_1856,0
GEO_R12_0672_0384,4
GEO_R12_0736_0576,4
GEO_R12_1120_1216,4
GEO_R12_1312_0192,0
GEO_R12_0928_1216,4
GEO_R12_1568_0800,0
GEO_R12_2240_0352,0
GEO_R12_1920_0256,0
GEO_R12_0000_1504,4
GEO_R12_1120_1600,4
GEO_R12_0256_1088,4
GEO_R12_1952_1440,0
GEO_R12_1280_1696,4
GEO_R12_1632_0736,0
GEO_R12_2176_1152,0
GEO_R12_2240_1376,0
GEO_R12_2304_1344,0
GEO_R12_1760_2144,4
GEO_R12_0608_0512,4
GEO_R12_1376_1504,4
GEO_R12_1984_1952,4
GEO_R12_0704_1088,4
GEO_R12_1024_1120,4
GEO_R12_0320_1184,4
GEO_R12_1472_1024,4
GEO_R12_0416_1184,4
GEO_R12_1696_0160,0
GEO_R12_1760_1376,4
GEO_R12_0192_0768,4
GEO_R12_1632_1216,4
GEO_R12_0832_0512,4
GEO_R12_0160_0672,4
GEO_R12_0960_1600,4
GEO_R12_0448_0000,4
GEO_R12_1248_0608,0
GEO_R12_1440_1952,4
GEO_R12_2272_0000,0
GEO_R12_1248_1312,4
GEO_R12_1888_0288,0
GEO_R12_2112_1568,0
GEO_R12_0928_0640,4
GEO_R12_0384_0416,4
GEO_R12_1248_1120,4
GEO_R12_1408_2144,4
GEO_R12_0480_0288,4
GEO_R12_1504_1056,4
GEO_R12_0160_1248,4
GEO_R12_2048_0000,0
GEO_R12_1632_0992,0
GEO_R12_0992_0320,0
GEO_R12_0768_0000,0
GEO_R12_1024_0064,0
GEO_R12_0320_0576,4
GEO_R12_1536_1344,4
GEO_R12_1568_0640,0
GEO_R12_0448_0576,4
GEO_R12_1504_1696,4
GEO_R12_1696_0704,0
GEO_R12_2336_0448,0
GEO_R12_1696_0832,0
GEO_R12_1632_0960,0
GEO_R12_0832_0608,4
GEO_R12_0000_0896,4
GEO_R12_0224_0576,4
GEO_R12_1984_0352,0
GEO_R12_1984_2080,4
GEO_R12_1984_1248,0
GEO_R12_0640_0064,0
GEO_R12_1152_1664,4
GEO_R12_1600_0832,0
GEO_R12_1440_1888,4
GEO_R12_0416_0352,4
GEO_R12_1856_1216,4
GEO_R12_0736_1056,4
GEO_R12_0640_0480,4
GEO_R12_0064_1568,4
GEO_R12_1632_0224,0
GEO_R12_0736_1120,4
GEO_R12_2080_0032,0
GEO_R12_1536_0320,0
GEO_R12_0928_0960,4
GEO_R12_1536_1312,4
GEO_R12_1056_1344,4
GEO_R12_1856_0832,0
GEO_R12_2304_1024,0
GEO_R12_1920_1248,0
GEO_R12_0544_0192,4
GEO_R12_1056_1184,4
GEO_R12_2304_0032,0
GEO_R12_1312_1408,4
GEO_R12_0992_1280,4
GEO_R12_1984_1504,0
GEO_R12_1824_1312,4
GEO_R12_0800_1792,4
GEO_R12_0544_1280,4
GEO_R12_1888_1920,4
GEO_R12_2016_1600,0
GEO_R12_2112_2048,4
GEO_R12_0960_0704,4
GEO_R12_1824_1952,4
GEO_R12_0736_1280,4
GEO_R12_1728_1440,4
GEO_R12_0672_0448,4
GEO_R12_0992_0832,4
GEO_R12_1216_1504,4
GEO_R12_1312_2240,4
GEO_R12_1728_0352,0
GEO_R12_0288_0192,4
GEO_R12_1120_1568,4
GEO_R12_0768_0416,4
GEO_R12_1984_1568,0
GEO_R12_1408_1568,4
GEO_R12_0544_0704,4
GEO_R12_0768_1952,3
GEO_R12_0672_2144,3
GEO_R12_1536_0384,0
GEO_R12_0768_1504,4
GEO_R12_0960_0640,4
GEO_R12_0960_0736,4
GEO_R12_1856_1792,4
GEO_R12_0512_0960,4
GEO_R12_2048_1216,0
GEO_R12_0288_0640,4
GEO_R12_1600_1408,4
GEO_R12_0800_1504,4
GEO_R12_0448_1568,4
GEO_R12_0832_1760,4
GEO_R12_1504_0768,0
GEO_R12_2208_0896,0
GEO_R12_1536_1984,4
GEO_R12_2048_0384,0
GEO_R12_1632_2304,4
GEO_R12_0544_2240,3
GEO_R12_1344_1824,4
GEO_R12_0000_0832,4
GEO_R12_2304_2272,4
GEO_R12_0288_2016,3
GEO_R12_0928_0736,4
GEO_R12_1184_0704,4
GEO_R12_2112_0544,0
GEO_R12_0672_0160,0
GEO_R12_1888_0352,0
GEO_R12_0928_0544,4
GEO_R12_0352_0992,4
GEO_R12_1920_0672,0
GEO_R12_1792_2176,4
GEO_R12_1280_0288,0
GEO_R12_1728_1312,4
GEO_R12_1472_0384,0
GEO_R12_0928_0000,0
GEO_R12_2144_0864,0
GEO_R12_0576_0096,0
GEO_R12_0320_1120,4
GEO_R12_0384_2208,3
GEO_R12_1184_2176,4
GEO_R12_1760_0960,0
GEO_R12_0512_0320,4
GEO_R12_2240_2240,4
GEO_R12_1728_2272,0
GEO_R12_1728_2176,4
GEO_R12_1024_0768,4
GEO_R12_0608_1312,4
GEO_R12_0576_1248,4
GEO_R12_0736_2112,3
GEO_R12_0608_0032,0
GEO_R12_0672_0800,4
GEO_R12_1664_0160,0
GEO_R12_1152_1696,4
GEO_R12_0960_0512,4
GEO_R12_1152_1632,4
GEO_R12_0384_0352,4
GEO_R12_1312_1664,4
GEO_R12_1216_1760,4
GEO_R12_0384_0928,4
GEO_R12_0416_0128,4
GEO_R12_0896_1216,4
GEO_R12_1824_0224,0
GEO_R12_1952_0224,0
GEO_R12_1600_1568,4
GEO_R12_2304_1056,0
GEO_R12_0672_1344,4
GEO_R12_1024_2240,4
GEO_R12_1728_0672,0
GEO_R12_2080_1600,0
GEO_R12_1472_0320,0
GEO_R12_1440_0800,0
GEO_R12_2272_0224,0
GEO_R12_0640_0288,4
GEO_R12_1632_1056,0
GEO_R12_1088_0992,4
GEO_R12_0608_0768,4
GEO_R12_1952_2336,0
GEO_R12_1600_0192,0
GEO_R12_1024_0160,0
GEO_R12_0224_0640,4
GEO_R12_0768_0832,4
GEO_R12_0672_0064,0
GEO_R12_1088_0224,0
GEO_R12_1472_0704,0
GEO_R12_1312_1536,4
GEO_R12_1888_1824,4
GEO_R12_1696_1536,4
GEO_R12_0960_0288,0
GEO_R12_0864_0800,4
GEO_R12_1344_0320,0
GEO_R12_2144_0672,0
GEO_R12_1184_1024,4
GEO_R12_1728_0864,0
GEO_R12_1280_0576,0
GEO_R12_0928_0192,0
GEO_R12_2272_1376,0
GEO_R12_1216_1312,4
GEO_R12_0736_1952,3
GEO_R12_0896_0928,4
GEO_R12_1376_0320,0
GEO_R12_1056_0000,0
GEO_R12_1312_1280,4
GEO_R12_1536_0480,0
GEO_R12_1920_0960,4
GEO_R12_1248_1056,4
GEO_R12_1440_1440,4
GEO_R12_1472_2048,4
GEO_R12_0160_0768,4
GEO_R12_2144_1152,0
GEO_R12_2048_0256,0
GEO_R12_1728_0032,0
GEO_R12_0448_0032,4
GEO_R12_2080_0160,0
GEO_R12_2080_1696,0
GEO_R12_0672_1760,4
GEO_R12_2048_0032,0
GEO_R12_0736_0224,0
GEO_R12_0864_1216,4
GEO_R12_0928_0512,4
GEO_R12_1312_0960,4
GEO_R12_0320_2208,3
GEO_R12_1344_2176,4
GEO_R12_2176_0736,0
GEO_R12_0768_1216,4
GEO_R12_1280_1472,4
GEO_R12_1632_0128,0
GEO_R12_2240_2208,4
GEO_R12_0416_1088,4
GEO_R12_2176_0320,0
GEO_R12_2208_1696,0
GEO_R12_2304_1792,0
GEO_R12_1152_1472,4
GEO_R12_1920_0448,0
GEO_R12_1664_0096,0
GEO_R12_1728_0608,0
GEO_R12_2112_0192,0
GEO_R12_2304_1568,0
GEO_R12_1184_0832,4
GEO_R12_1344_2272,4
GEO_R12_0064_2272,3
GEO_R12_2080_2240,4
GEO_R12_0864_0512,4
GEO_R12_0384_0224,4
GEO_R12_0960_0192,0
GEO_R12_0128_2048,3
GEO_R12_2112_1280,0
GEO_R12_1664_1952,4
GEO_R12_0736_0864,4
GEO_R12_1792_1184,4
GEO_R12_1152_0960,4
GEO_R12_0832_0064,0
GEO_R12_0896_0000,0
GEO_R12_1184_1632,4
GEO_R12_2080_0672,0
GEO_R12_1536_2080,4
GEO_R12_1376_2080,4
GEO_R12_0704_0576,4
GEO_R12_1056_0352,0
GEO_R12_1088_1728,4
GEO_R12_0000_2048,3
GEO_R12_1280_0608,0
GEO_R12_1952_1984,4
GEO_R12_0640_0000,0
GEO_R12_1888_0032,0
GEO_R12_1216_0064,0
GEO_R12_1920_0992,4
GEO_R12_0800_0832,4
GEO_R12_1408_0608,0
GEO_R12_1152_0064,0
GEO_R12_2080_1472,0
GEO_R12_0224_1184,4
GEO_R12_2112_0000,0
GEO_R12_2176_1472,0
GEO_R12_1504_0544,0
GEO_R12_2208_1440,0
GEO_R12_1632_0416,0
GEO_R12_0768_1728,4
GEO_R12_2016_1472,0
GEO_R12_1248_0096,0
GEO_R12_2112_0416,0
GEO_R12_1696_0896,0
GEO_R12_2208_0512,0
GEO_R12_0800_0448,4
GEO_R12_1920_0544,0
GEO_R12_1568_0032,0
GEO_R12_1568_0416,0
GEO_R12_1664_1504,4
GEO_R12_0704_0992,4
GEO_R12_0288_0672,4
GEO_R12_1024_0032,0
GEO_R12_2112_0032,0
GEO_R12_1504_0608,0
GEO_R12_0672_2272,3
GEO_R12_2048_0416,0
GEO_R12_0512_0256,4
GEO_R12_1408_0352,0
GEO_R12_1888_1312,4
GEO_R12_1248_2240,4
GEO_R12_1120_0096,0
GEO_R12_0128_1792,3
GEO_R12_1504_0352,0
GEO_R12_0160_1152,4
GEO_R12_1728_0160,0
GEO_R12_1792_0736,0
GEO_R12_1152_0160,0
GEO_R12_1024_0864,4
GEO_R12_1088_0192,0
GEO_R12_2304_1920,0
GEO_R12_1216_0832,4
GEO_R12_1664_0224,0
GEO_R12_2112_1760,0
GEO_R12_0416_0224,4
GEO_R12_0224_1120,4
GEO_R12_1600_2080,4
GEO_R12_0800_0480,4
GEO_R12_0608_0576,4
GEO_R12_0032_1568,4
GEO_R12_2208_2176,4
GEO_R12_1600_0224,0
GEO_R12_1152_0832,4
GEO_R12_2336_1376,0
GEO_R12_2304_1280,0
GEO_R12_2336_0032,0
GEO_R12_1216_0768,4
GEO_R12_1536_1888,4
GEO_R12_1088_0960,4
GEO_R12_1408_1632,4
GEO_R12_1440_0224,0
GEO_R12_1792_1696,0
GEO_R12_0512_1184,4
GEO_R12_0896_0224,0
GEO_R12_1056_0096,0
GEO_R12_1504_1760,4
GEO_R12_1248_2336,0
GEO_R12_0064_2208,3
GEO_R12_0928_0608,4
GEO_R12_1952_0448,0
GEO_R12_0864_1024,4
GEO_R12_0800_1344,4
GEO_R12_2208_1568,0
GEO_R12_1920_0512,0
GEO_R12_1568_0192,0
GEO_R12_2144_2336,0
GEO_R12_0032_2016,3
GEO_R12_2144_0352,0
GEO_R12_0032_1504,4
GEO_R12_1920_0640,0
GEO_R12_0096_2112,3
GEO_R12_1728_0384,0
GEO_R12_0800_0416,4
GEO_R12_0576_0480,4
GEO_R12_0448_0224,4
GEO_R12_1984_0512,0
GEO_R12_0832_1120,4
GEO_R12_0704_0224,0
GEO_R12_2336_0000,0
GEO_R12_0512_0448,4
GEO_R12_0960_0320,0
GEO_R12_0480_0160,4
GEO_R12_1248_1408,4
GEO_R12_0512_0288,4
GEO_R12_2144_1312,0
GEO_R12_1920_1344,4
GEO_R12_1952_0672,0
GEO_R12_1248_0928,4
GEO_R12_1312_1600,4
GEO_R12_0320_2048,3
GEO_R12_0224_2304,3
GEO_R12_0992_1440,4
GEO_R12_0896_1280,4
GEO_R12_0768_1632,4
GEO_R12_1536_0704,0
GEO_R12_1152_2208,4
GEO_R12_1056_0128,0
GEO_R12_1408_0544,0
GEO_R12_2112_1536,0
GEO_R12_1824_1280,4
GEO_R12_0608_2240,3
GEO_R12_0352_1216,4
GEO_R12_1344_1376,4
GEO_R12_0704_0416,4
GEO_R12_1664_2112,4
GEO_R12_1312_0864,0
GEO_R12_0864_1632,4
GEO_R12_1280_0512,0
GEO_R12_1792_0544,0
GEO_R12_2240_0800,0
GEO_R12_1984_0768,0
GEO_R12_1760_0576,0
GEO_R12_2240_0224,0
GEO_R12_0608_0320,4
GEO_R12_1440_1408,4
GEO_R12_1696_2048,4
GEO_R12_0512_0992,4
GEO_R12_1376_0448,0
GEO_R12_1216_2240,4
GEO_R12_1344_0960,4
GEO_R12_0512_1248,4
GEO_R12_0832_1632,4
GEO_R12_2272_0128,0
GEO_R12_0800_0512,4
GEO_R12_1056_1440,4
GEO_R12_2048_1376,0
GEO_R12_0768_0896,4
GEO_R12_1728_1248,4
GEO_R12_2336_1536,0
GEO_R12_1600_1856,4
GEO_R12_1248_2080,4
GEO_R12_0960_0672,4
GEO_R12_0800_1376,4
GEO_R12_1472_0512,0
GEO_R12_0704_0160,0
GEO_R12_1248_2144,4
GEO_R12_0896_0864,4
GEO_R12_2112_0832,0
GEO_R12_1088_0000,0
GEO_R12_0576_0832,4
GEO_R12_1856_0576,0
GEO_R12_0736_0128,0
GEO_R12_1472_1504,4
GEO_R12_0032_0576,4
GEO_R12_0768_0192,0
GEO_R12_0768_0736,4
GEO_R12_0864_1344,4
GEO_R12_0704_2208,3
GEO_R12_1280_0928,4
GEO_R12_1120_1696,4
GEO_R12_1344_0544,0
GEO_R12_1280_2208,4
GEO_R12_0736_0160,0
GEO_R12_0128_0704,4
GEO_R12_0736_0512,4
GEO_R12_0352_2240,3
GEO_R12_1760_1472,4
GEO_R12_2144_0160,0
GEO_R12_1248_1888,4
GEO_R12_1344_0128,0
GEO_R12_1088_0288,0
GEO_R12_2304_0288,0
GEO_R12_0576_0512,4
GEO_R12_0672_0960,4
GEO_R12_1920_1856,4
GEO_R12_0448_0928,4
GEO_R12_2080_0288,0
GEO_R12_2240_2272,4
GEO_R12_1504_0672,0
GEO_R12_1856_0640,0
GEO_R12_1376_1632,4
GEO_R12_2176_1248,0
GEO_R12_0512_0864,4
GEO_R12_2112_1312,0
GEO_R12_2176_1408,0
GEO_R12_0736_1248,4
GEO_R12_0960_0544,4
GEO_R12_2112_0224,0
GEO_R12_1504_2144,4
GEO_R12_1472_1888,4
GEO_R12_0480_1216,4
GEO_R12_1440_1248,4
GEO_R12_2240_0000,0
GEO_R12_2208_1408,0
GEO_R12_0448_0352,4
GEO_R12_2176_0608,0
GEO_R12_1632_0544,0
GEO_R12_1984_1536,0
GEO_R12_0640_0800,4
GEO_R12_0800_0064,0
GEO_R12_1568_1248,4
GEO_R12_0544_1056,4
GEO_R12_1248_1664,4
GEO_R12_1504_1984,4
GEO_R12_1024_0288,0
GEO_R12_0000_0000,5
GEO_R12_1664_1568,4
GEO_R12_1728_2144,4
GEO_R12_1344_0064,0
GEO_R12_2208_0864,0
GEO_R12_0928_0832,4
GEO_R12_2080_0800,0
GEO_R12_1472_1120,4
GEO_R12_0032_2304,3
GEO_R12_0416_0384,4
GEO_R12_0960_0928,4
GEO_R12_1376_0064,0
GEO_R12_2144_0704,0
GEO_R12_2240_1696,0
GEO_R12_2176_0192,0
GEO_R12_2336_1024,0
GEO_R12_1184_1600,4
GEO_R12_1376_0224,0
GEO_R12_1792_0832,0
GEO_R12_1184_1696,4
GEO_R12_0512_1056,4
GEO_R12_0960_1152,4
GEO_R12_0352_1152,4
GEO_R12_1376_0192,0
GEO_R12_0352_0192,4
GEO_R12_1664_1760,4
GEO_R12_1728_1792,4
GEO_R12_0480_1184,4
GEO_R12_2080_2208,4
GEO_R12_0832_1408,4
GEO_R12_1920_2336,0
GEO_R12_2208_2208,4
GEO_R12_1600_1504,4
GEO_R12_1408_1408,4
GEO_R12_1888_1536,0
GEO_R12_2208_1600,0
GEO_R12_1760_2272,0
GEO_R12_1280_2240,4
GEO_R12_1536_0128,0
GEO_R12_1952_0320,0
GEO_R12_0672_0768,4
GEO_R12_2272_1760,0
GEO_R12_0896_0608,4
GEO_R12_0416_0064,4
GEO_R12_0576_2016,3
GEO_R12_2144_0608,0
GEO_R12_1472_0160,0
GEO_R12_1408_0928,4
GEO_R12_0640_1984,3
GEO_R12_1600_0096,0
GEO_R12_1952_0576,0
GEO_R12_0320_1216,4
GEO_R12_2016_1920,4
GEO_R12_1568_0736,0
GEO_R12_0704_1184,4
GEO_R12_1088_1152,4
GEO_R12_1728_1536,4
GEO_R12_1312_0160,0
GEO_R12_1696_0192,0
GEO_R12_2080_1440,0
GEO_R12_0736_1696,4
GEO_R12_2336_1472,0
GEO_R12_1472_0064,0
GEO_R12_1568_1216,4
GEO_R12_0544_0288,4
GEO_R12_1504_1568,4
GEO_R12_1984_0736,0
GEO_R12_1600_0256,0
GEO_R12_0448_0096,4
GEO_R12_1920_1376,4
GEO_R12_0768_1280,4
GEO_R12_0032_2080,3
GEO_R12_0864_0192,0
GEO_R12_1952_0256,0
GEO_R12_0160_0704,4
GEO_R12_0000_0608,4
GEO_R12_1856_2144,4
GEO_R12_0416_1216,4
GEO_R12_1632_0768,0
GEO_R12_1504_1344,4
GEO_R12_0576_0960,4
GEO_R12_1664_2144,4
GEO_R12_0608_1184,4
GEO_R12_1120_0480,4
GEO_R12_1504_1504,4
GEO_R12_1280_1184,4
GEO_R12_1088_1312,4
GEO_R12_1440_2016,4
GEO_R12_1792_1824,4
GEO_R12_0000_0256,0
GEO_R12_1152_0352,4
GEO_R12_0800_1280,4
GEO_R12_1888_0064,0
GEO_R12_1568_1728,4
GEO_R12_0096_2272,3
GEO_R12_2112_0128,0
GEO_R12_1280_0192,0
GEO_R12_1152_0896,4
GEO_R12_0576_0032,0
GEO_R12_1952_0992,4
GEO_R12_0000_2240,3
GEO_R12_1152_0256,0
GEO_R12_2016_1632,0
GEO_R12_2304_1664,0
GEO_R12_0832_1472,4
GEO_R12_2208_0128,0
GEO_R12_1088_0672,4
GEO_R12_0512_2080,3
GEO_R12_1408_0192,0
GEO_R12_2112_0160,0
GEO_R12_0608_0992,4
GEO_R12_2144_0640,0
GEO_R12_1760_1184,4
GEO_R12_2176_1216,0
GEO_R12_0992_1216,4
GEO_R12_0480_0384,4
GEO_R12_1760_1504,4
GEO_R12_0480_0864,4
GEO_R12_0096_2176,3
GEO_R12_1856_2336,0
GEO_R12_0928_0352,0
GEO_R12_0864_0448,4
GEO_R12_2272_0352,0
GEO_R12_1312_0032,0
GEO_R12_1184_2240,4
GEO_R12_1120_1632,4
GEO_R12_1312_2176,4
GEO_R12_1536_1056,4
GEO_R12_1856_0416,0
GEO_R12_1472_0608,0
GEO_R12_1696_0672,0
GEO_R12_1952_0736,0
GEO_R12_1760_0992,0
GEO_R12_2048_0480,0
GEO_R12_0480_1088,4
GEO_R12_1600_1728,4
GEO_R12_1952_0064,0
GEO_R12_0928_1536,4
GEO_R12_0960_1312,4
GEO_R12_2336_1344,0
GEO_R12_1824_0800,0
GEO_R12_1600_0544,0
GEO_R12_1536_0768,0
GEO_R12_0640_1056,4
GEO_R12_1216_0480,4
GEO_R12_1440_1760,4
GEO_R12_1600_0640,0
GEO_R12_2176_0128,0
GEO_R12_2272_1600,0
GEO_R12_1632_1536,4
GEO_R12_2112_2016,4
GEO_R12_2208_0160,0
GEO_R12_1216_0096,0
GEO_R12_1280_2336,0
GEO_R12_1152_2144,4
GEO_R12_2336_1856,0
GEO_R12_0320_0928,4
GEO_R12_0704_1216,4
GEO_R12_1088_0640,4
GEO_R12_0352_2080,3
GEO_R12_2336_1504,0
GEO_R12_2144_1248,0
GEO_R12_1088_0064,0
GEO_R12_1600_0896,0
GEO_R12_0800_0928,4
GEO_R12_1312_1088,4
GEO_R12_1760_1024,0
GEO_R12_1664_1728,4
GEO_R12_1760_0448,0
GEO_R12_1056_0672,4
GEO_R12_0064_2336,3
GEO_R12_2336_0096,0
GEO_R12_0128_0832,4
GEO_R12_1760_0864,0
GEO_R12_0800_0704,4
GEO_R12_2080_1952,4
GEO_R12_1120_0160,0
GEO_R12_1056_1280,4
GEO_R12_1056_1248,4
GEO_R12_1952_1888,4
GEO_R12_1344_0352,0
GEO_R12_1632_0320,0
GEO_R12_1248_0640,0
GEO_R12_2048_0160,0
GEO_R12_1504_0224,0
GEO_R12_1248_1344,4
GEO_R12_1344_0928,4
GEO_R12_0448_0128,4
GEO_R12_1760_1408,4
GEO_R12_0704_2112,3
GEO_R12_0608_1984,3
GEO_R12_1984_0640,0
GEO_R12_1376_0544,0
GEO_R12_1408_1664,4
GEO_R12_1632_1472,4
GEO_R12_0928_0896,4
GEO_R12_0352_1280,4
GEO_R12_0640_0960,4
GEO_R12_2336_2016,0
GEO_R12_0128_2144,3
GEO_R12_0000_2304,3
GEO_R12_1088_0800,4
GEO_R12_1760_1952,4
GEO_R12_0512_0928,4
GEO_R12_2144_1408,0
GEO_R12_1216_1728,4
GEO_R12_1376_0288,0
GEO_R12_0416_2176,3
GEO_R12_0672_1024,4
GEO_R12_0224_1152,4
GEO_R12_1728_0960,0
GEO_R12_0832_1536,4
GEO_R12_1472_0736,0
GEO_R12_1216_1472,4
GEO_R12_0928_1440,4
GEO_R12_1056_0768,4
GEO_R12_2176_2176,4
GEO_R12_1792_1344,4
GEO_R12_1344_0160,0
GEO_R12_0480_0224,4
GEO_R12_2144_0416,0
GEO_R12_1728_0320,0
GEO_R12_1472_0416,0
GEO_R12_1600_0768,0
GEO_R12_0320_1280,4
GEO_R12_0992_0544,4
GEO_R12_1664_0256,0
GEO_R12_0960_1568,4
GEO_R12_0864_1312,4
GEO_R12_1312_0992,4
GEO_R12_2144_0192,0
GEO_R12_1856_0064,0
GEO_R12_1120_0800,4
GEO_R12_1920_1984,4
GEO_R12_0864_1408,4
GEO_R12_1440_0704,0
GEO_R12_2304_0160,0
GEO_R12_0544_0032,0
GEO_R12_1024_1440,4
GEO_R12_1984_0608,0
GEO_R12_0800_1312,4
GEO_R12_0928_1760,4
GEO_R12_1184_1440,4
GEO_R12_1472_0768,0
GEO_R12_0672_1120,4
GEO_R12_1312_1920,4
GEO_R12_2080_1408,0
GEO_R12_1600_0480,0
GEO_R12_1088_0416,4
GEO_R12_1568_2016,4
GEO_R12_1696_1568,4
GEO_R12_1344_1760,4
GEO_R12_1984_2016,4
GEO_R12_0832_1696,4
GEO_R12_1408_0224,0
GEO_R12_1664_0768,0
GEO_R12_0384_0032,4
GEO_R12_0032_2208,3
GEO_R12_1792_0992,0
GEO_R12_1504_1824,4
GEO_R12_0640_1088,4
GEO_R12_0832_1248,4
GEO_R12_0992_0576,4
GEO_R12_1472_0896,0
GEO_R12_2048_1568,0
GEO_R12_0480_1056,4
GEO_R12_2176_0768,0
GEO_R12_1088_0320,0
GEO_R12_2144_0032,0
GEO_R12_1344_1536,4
GEO_R12_0800_0608,4
GEO_R12_1280_0064,0
GEO_R12_1920_1888,4
GEO_R12_0960_1280,4
GEO_R12_0864_1248,4
GEO_R12_1216_1024,4
GEO_R12_1024_0256,0
GEO_R12_1536_1504,4
GEO_R12_0512_0000,0
GEO_R12_1152_1504,4
GEO_R12_0448_0992,4
GEO_R12_1408_0736,0
GEO_R12_0992_0512,4
GEO_R12_0672_1408,4
GEO_R12_0704_1792,4
GEO_R12_2080_0384,0
GEO_R12_2144_0096,0
GEO_R12_1280_0384,0
GEO_R12_2208_0224,0
GEO_R12_1824_0512,0
GEO_R12_0896_0832,4
GEO_R12_0000_0032,5
GEO_R12_1344_1312,4
GEO_R12_1952_0512,0
GEO_R12_1568_2112,4
GEO_R12_0000_2176,3
GEO_R12_1984_1632,0
GEO_R12_0640_0640,4
GEO_R12_1696_0416,0
GEO_R12_0288_0896,4
GEO_R12_1376_0160,0
GEO_R12_1248_1792,4
GEO_R12_0704_0352,4
GEO_R12_1408_0512,0
GEO_R12_0288_2080,3
GEO_R12_0736_1600,4
GEO_R12_1728_1856,4
GEO_R12_1600_0384,0
GEO_R12_2336_1792,0
GEO_R12_1376_0256,0
GEO_R12_1856_1344,4
GEO_R12_1216_0000,0
GEO_R12_0064_2080,3
GEO_R12_2208_1376,0
GEO_R12_1696_0320,0
GEO_R12_1824_2304,0
GEO_R12_0640_0320,4
GEO_R12_1920_1792,4
GEO_R12_1280_1888,4
GEO_R12_1568_0448,0
GEO_R12_2272_2080,0
GEO_R12_2112_1632,0
GEO_R12_0672_0224,0
GEO_R12_0704_0896,4
GEO_R12_0960_0352,0
GEO_R12_1376_1344,4
GEO_R12_1536_0160,0
GEO_R12_0704_0832,4
GEO_R12_2176_1568,0
GEO_R12_2176_1184,0
GEO_R12_1216_0864,4
GEO_R12_1504_0896,0
GEO_R12_2144_0800,0
GEO_R12_1344_2048,4
GEO_R12_0128_1344,4
GEO_R12_1600_0352,0
GEO_R12_0704_1152,4
GEO_R12_0896_1472,4
GEO_R12_2272_1792,0
GEO_R12_0448_1632,4
GEO_R12_2208_1792,0
GEO_R12_1728_1824,4
GEO_R12_1696_2016,4
GEO_R12_1696_1920,4
GEO_R12_1792_1280,4
GEO_R12_1920_1760,4
GEO_R12_1856_0128,0
GEO_R12_1312_2016,4
GEO_R12_1568_1472,4
GEO_R12_0128_1504,4
GEO_R12_1952_0352,0
GEO_R12_1376_1280,4
GEO_R12_1088_1600,4
GEO_R12_1664_1536,4
GEO_R12_1472_1920,4
GEO_R12_0736_0544,4
GEO_R12_1216_0352,4
GEO_R12_1696_0032,0
GEO_R12_0928_0928,4
GEO_R12_1152_1152,4
GEO_R12_0992_1088,4
GEO_R12_0928_1472,4
GEO_R12_1920_0192,0
GEO_R12_2336_1888,0
GEO_R12_1984_1824,4
GEO_R12_0544_0352,4
GEO_R12_1376_2144,4
GEO_R12_0576_0224,4
GEO_R12_1344_1632,4
GEO_R12_1856_1376,4
GEO_R12_1280_1600,4
GEO_R12_0928_0672,4
GEO_R12_2272_0256,0
GEO_R12_1824_1824,4
GEO_R12_1824_0704,0
GEO_R12_0320_1152,4
GEO_R12_2208_1184,0
GEO_R12_0576_1184,4
GEO_R12_1696_0992,0
GEO_R12_1216_1536,4
GEO_R12_1312_1568,4
GEO_R12_0288_0576,4
GEO_R12_0352_0096,4
GEO_R12_2144_1696,0
GEO_R12_2240_1600,0
GEO_R12_1792_0384,0
GEO_R12_1120_1344,4
GEO_R12_1248_2112,4
GEO_R12_0320_0192,4
GEO_R12_2048_1600,0
GEO_R12_1408_1600,4
GEO_R12_0768_0992,4
GEO_R12_1920_0000,0
GEO_R12_1824_0576,0
GEO_R12_2272_1024,0
GEO_R12_0832_1312,4
GEO_R12_2112_0608,0
GEO_R12_1728_0928,0
GEO_R12_1408_1312,4
GEO_R12_1152_0672,4
GEO_R12_1056_0832,4
GEO_R12_0768_1088,4
GEO_R12_0768_1152,4
GEO_R12_0992_1344,4
GEO_R12_1216_0928,4
GEO_R12_1088_1344,4
GEO_R12_1120_1728,4
GEO_R12_2080_0128,0
GEO_R12_1344_1696,4
GEO_R12_0064_2048,3
GEO_R12_2016_1536,0
GEO_R12_1472_0032,0
GEO_R12_0832_0480,4
GEO_R12_0864_0480,4
GEO_R12_1984_0256,0
GEO_R12_0704_0320,4
GEO_R12_2048_1248,0
GEO_R12_0064_0000,5
GEO_R12_1312_0096,0
GEO_R12_2176_0384,0
GEO_R12_1440_0096,0
GEO_R12_1344_0448,0
GEO_R12_2048_1344,0
GEO_R12_0736_0928,4
GEO_R12_0576_0896,4
GEO_R12_2048_2240,4
GEO_R12_0672_0992,4
GEO_R12_1024_1248,4
GEO_R12_1248_1568,4
GEO_R12_0576_1312,4
GEO_R12_1792_0480,0
GEO_R12_1344_1920,4
GEO_R12_2016_1952,4
GEO_R12_1888_0128,0
GEO_R12_0608_0960,4
GEO_R12_1824_0736,0
GEO_R12_1440_1376,4
GEO_R12_1760_1312,4
GEO_R12_1152_0224,0
GEO_R12_0800_1152,4
GEO_R12_1568_0576,0
GEO_R12_2112_0672,0
GEO_R12_0928_1376,4
GEO_R12_1472_1824,4
GEO_R12_1600_2144,4
GEO_R12_1184_0352,4
GEO_R12_0544_0000,0
GEO_R12_1088_0736,4
GEO_R12_2176_2208,4
GEO_R12_2304_1888,0
GEO_R12_1536_1248,4
GEO_R12_1088_0512,4
GEO_R12_1472_1376,4
GEO_R12_1312_0544,0
GEO_R12_0544_1216,4
GEO_R12_1952_1376,4
GEO_R12_1728_1120,4
GEO_R12_1952_0000,0
GEO_R12_1888_0640,0
GEO_R12_1824_0544,0
GEO_R12_1408_1024,4
GEO_R12_1824_0288,0
GEO_R12_2176_0096,0
GEO_R12_1280_0832,0
GEO_R12_2176_0288,0
GEO_R12_1056_0896,4
GEO_R12_0064_2176,3
GEO_R12_1440_0736,0
GEO_R12_2176_0800,0
GEO_R12_1920_1952,4
GEO_R12_1728_1344,4
GEO_R12_1216_1792,4
GEO_R12_0256_0672,4
GEO_R12_2208_1728,0
GEO_R12_0256_1152,4
GEO_R12_2144_2304,0
GEO_R12_2336_1824,0
GEO_R12_0288_0544,4
GEO_R12_1632_1952,4
GEO_R12_0608_0064,0
GEO_R12_1440_0000,0
GEO_R12_2048_0096,0
GEO_R12_2080_0704,0
GEO_R12_1984_1920,4
GEO_R12_0704_1376,4
GEO_R12_2048_0352,0
GEO_R12_1152_0704,4
GEO_R12_1920_1920,4
GEO_R12_0224_1216,4
GEO_R12_1024_0704,4
GEO_R12_1984_0992,4
GEO_R12_0832_0256,0
GEO_R12_0768_0576,4
GEO_R12_0320_0160,4
GEO_R12_1728_0192,0
GEO_R12_0640_0192,0
GEO_R12_2272_1696,0
GEO_R12_1472_1696,4
GEO_R12_0576_0704,4
GEO_R12_0160_2304,3
GEO_R12_1024_1728,4
GEO_R12_1952_2144,4
GEO_R12_2144_2208,4
GEO_R12_1408_2112,4
GEO_R12_1632_1504,4
GEO_R12_0768_0256,0
GEO_R12_2112_1600,0
GEO_R12_0608_0480,4
GEO_R12_0352_0064,4
GEO_R12_1152_1216,4
GEO_R12_1472_1568,4
GEO_R12_0224_1248,4
GEO_R12_0608_0096,0
GEO_R12_1856_0192,0
GEO_R12_1440_1312,4
GEO_R12_2048_1984,4
GEO_R12_2016_0064,0
GEO_R12_1248_1376,4
GEO_R12_1504_2080,4
GEO_R12_0384_1184,4
GEO_R12_2080_0640,0
GEO_R12_1760_1440,4
GEO_R12_0256_0608,4
GEO_R12_2048_1632,0
GEO_R12_0736_0896,4
GEO_R12_1088_2208,4
GEO_R12_1056_1216,4
GEO_R12_2208_0800,0
GEO_R12_0320_0896,4
GEO_R12_1536_1120,4
GEO_R12_1568_0384,0
GEO_R12_1760_1248,4
GEO_R12_0640_0896,4
GEO_R12_1408_1696,4
GEO_R12_0960_1376,4
GEO_R12_0704_1952,3
GEO_R12_0736_1152,4
GEO_R12_1440_1792,4
GEO_R12_1536_0448,0
GEO_R12_1664_0800,0
GEO_R12_1280_0256,0
GEO_R12_0128_1568,4
GEO_R12_1024_1696,4
GEO_R12_2176_0064,0
GEO_R12_1248_0224,0
GEO_R12_0768_1568,4
GEO_R12_1024_1504,4
GEO_R12_1440_1472,4
GEO_R12_1088_0864,4
GEO_R12_0192_2336,3
GEO_R12_0992_1184,4
GEO_R12_0992_1376,4
GEO_R12_0768_1600,4
GEO_R12_1248_1856,4
GEO_R12_1856_0256,0
GEO_R12_2080_2016,4
GEO_R12_0448_2208,3
GEO_R12_0928_0768,4
GEO_R12_0800_1760,4
GEO_R12_0320_0288,4
GEO_R12_2176_1920,0
GEO_R12_0608_1024,4
GEO_R12_1568_0992,0
GEO_R12_1376_1056,4
GEO_R12_1568_0960,0
GEO_R12_1632_2144,4
GEO_R12_0128_1824,3
GEO_R12_0064_2112,3
GEO_R12_0384_2240,3
GEO_R12_1632_0000,0
GEO_R12_1056_0576,4
GEO_R12_1312_0064,0
GEO_R12_0640_0672,4
GEO_R12_1344_0992,4
GEO_R12_0224_0672,4
GEO_R12_1984_1664,0
GEO_R12_1632_2176,4
GEO_R12_2080_0256,0
GEO_R12_1024_0608,4
GEO_R12_1440_2176,4
GEO_R12_1760_0000,0
GEO_R12_1920_0736,0
GEO_R12_2272_0704,4
GEO_R12_1568_0928,0
GEO_R12_1376_2048,4
GEO_R12_0064_0192,0
GEO_R12_0896_1312,4
GEO_R12_1696_1344,4
GEO_R12_0640_2240,3
GEO_R12_0064_2304,3
GEO_R12_2176_0512,0
GEO_R12_1664_2336,4
GEO_R12_0960_1248,4
GEO_R12_1216_0384,4
GEO_R12_0864_0224,0
GEO_R12_1312_0352,0
GEO_R12_2176_0704,0
GEO_R12_1760_2016,4
GEO_R12_0352_1184,4
GEO_R12_1472_0672,0
GEO_R12_0992_0736,4
GEO_R12_1184_1504,4
GEO_R12_1440_1280,4
GEO_R12_1344_1120,4
GEO_R12_0480_2016,3
GEO_R12_0384_0960,4
GEO_R12_0640_0832,4
GEO_R12_0640_1344,4
GEO_R12_2240_1312,0
GEO_R12_1856_1856,4
GEO_R12_1216_0992,4
GEO_R12_1568_2144,4
GEO_R12_1184_1376,4
GEO_R12_1152_1728,4
GEO_R12_0128_1536,4
GEO_R12_0896_0544,4
GEO_R12_0704_0544,4
GEO_R12_1376_1120,4
GEO_R12_1376_1440,4
GEO_R12_1408_1376,4
GEO_R12_0512_0192,4
GEO_R12_2112_0704,0
GEO_R12_0736_1440,4
GEO_R12_1664_1056,0
GEO_R12_1792_1408,4
GEO_R12_1184_0256,0
GEO_R12_2048_0448,0
GEO_R12_1536_0672,0
GEO_R12_0896_0256,0
GEO_R12_1536_0832,0
GEO_R12_2080_1632,0
GEO_R12_1440_0512,0
GEO_R12_0672_1696,4
GEO_R12_0896_2240,3
GEO_R12_0608_0288,4
GEO_R12_0608_2272,3
GEO_R12_0128_1376,4
GEO_R12_2144_1344,0
GEO_R12_2016_0288,0
GEO_R12_1056_1632,4
GEO_R12_0736_1568,4
GEO_R12_1568_1888,4
GEO_R12_0416_2144,3
GEO_R12_2048_1536,0
GEO_R12_1568_1440,4
GEO_R12_1568_1984,4
GEO_R12_0704_1248,4
GEO_R12_0640_1696,4
GEO_R12_0640_1312,4
GEO_R12_1408_0000,0
GEO_R12_1664_1632,4
GEO_R12_1760_0288,0
GEO_R12_2272_1664,0
GEO_R12_0032_0032,5
GEO_R12_0736_1184,4
GEO_R12_2144_0512,0
GEO_R12_1632_1760,4
GEO_R12_0608_0736,4
GEO_R12_2080_1184,0
GEO_R12_0512_0352,4
GEO_R12_2080_0768,0
GEO_R12_1664_0544,0
GEO_R12_0640_0864,4
GEO_R12_0800_0160,0
GEO_R12_1728_1216,4
GEO_R12_1600_1824,4
GEO_R12_1440_2144,4
GEO_R12_1664_1472,4
GEO_R12_1344_0640,0
GEO_R12_1536_0064,0
GEO_R12_1984_0864,4
GEO_R12_1248_0576,0
GEO_R12_1184_1728,4
GEO_R12_0032_0192,0
GEO_R12_0480_0416,4
GEO_R12_1792_0032,0
GEO_R12_0928_0704,4
GEO_R12_0896_1152,4
GEO_R12_0352_0352,4
GEO_R12_1856_1824,4
GEO_R12_2272_1280,0
GEO_R12_1152_1536,4
GEO_R12_0800_1088,4
GEO_R12_0512_0832,4
GEO_R12_0704_1280,4
GEO_R12_1600_2176,4
GEO_R12_0672_1376,4
GEO_R12_0352_1120,4
GEO_R12_1088_1120,4
GEO_R12_1408_0704,0
GEO_R12_0736_0352,4
GEO_R12_1536_1760,4
GEO_R12_0896_0480,4
GEO_R12_1600_0288,0
GEO_R12_1056_0800,4
GEO_R12_1472_1216,4
GEO_R12_1440_1088,4
GEO_R12_1440_1984,4
GEO_R12_1632_0928,0
GEO_R12_0832_1376,4
GEO_R12_0864_0096,0
GEO_R12_0544_0800,4
GEO_R12_0736_0960,4
GEO_R12_1376_0480,0
GEO_R12_0864_0160,0
GEO_R12_0064_0160,0
GEO_R12_1024_1888,4
GEO_R12_1984_0064,0
GEO_R12_1856_0224,0
GEO_R12_0544_1120,4
GEO_R12_0000_2112,3
GEO_R12_2336_1408,0
GEO_R12_1184_0032,0
GEO_R12_1568_0096,0
GEO_R12_1088_0256,0
GEO_R12_1504_0800,0
GEO_R12_2016_0768,0
GEO_R12_1184_1472,4
GEO_R12_0288_0608,4
GEO_R12_1312_1504,4
GEO_R12_0352_0864,4
GEO_R12_0800_1408,4
GEO_R12_0384_0320,4
GEO_R12_0704_0672,4
GEO_R12_0320_0864,4
GEO_R12_1344_1952,4
GEO_R12_0800_0960,4
GEO_R12_0480_0928,4
GEO_R12_0832_0640,4
GEO_R12_0736_0640,4
GEO_R12_1920_0032,0
GEO_R12_0576_1024,4
GEO_R12_1952_0288,0
GEO_R12_1344_0480,0
GEO_R12_0928_1280,4
GEO_R12_1440_0832,0
GEO_R12_1056_1376,4
GEO_R12_0928_0064,0
GEO_R12_0384_1248,4
GEO_R12_1920_0128,0
GEO_R12_0736_0256,0
GEO_R12_0864_0640,4
GEO_R12_1888_0384,0
GEO_R12_0768_0640,4
GEO_R12_0544_1312,4
GEO_R12_0448_1088,4
GEO_R12_0032_1536,4
GEO_R12_1632_1376,4
GEO_R12_1408_1440,4
GEO_R12_1344_2016,4
GEO_R12_1568_0128,0
GEO_R12_1792_2336,0
GEO_R12_1952_2112,4
GEO_R12_1312_1056,4
GEO_R12_1824_0192,0
GEO_R12_1184_1792,4
GEO_R12_0768_0608,4
GEO_R12_0704_0768,4
GEO_R12_1760_0672,0
GEO_R12_1024_0128,0
GEO_R12_1984_0000,0
GEO_R12_1280_2176,4
GEO_R12_2336_0736,4
GEO_R12_1184_1056,4
GEO_R12_1408_0160,0
GEO_R12_1440_1568,4
GEO_R12_0096_0832,4
GEO_R12_1664_0960,0
GEO_R12_0960_0384,0
GEO_R12_0288_0256,4
GEO_R12_1504_0128,0
GEO_R12_0640_0928,4
GEO_R12_1120_1024,4
GEO_R12_0800_0256,0
GEO_R12_0960_1472,4
GEO_R12_0832_0800,4
GEO_R12_1472_1664,4
GEO_R12_2080_1504,0
GEO_R12_0128_1184,4
GEO_R12_1792_2144,4
GEO_R12_2240_0256,0
GEO_R12_1376_2272,4
GEO_R12_0640_1952,3
GEO_R12_1536_0192,0
GEO_R12_0544_0064,0
GEO_R12_0704_1472,4
GEO_R12_0800_1568,4
GEO_R12_1504_1664,4
GEO_R12_0992_0800,4
GEO_R12_2048_0224,0
GEO_R12_1216_2144,4
GEO_R12_1664_0512,0
GEO_R12_1504_1952,4
GEO_R12_1376_0000,0
GEO_R12_1120_0000,0
GEO_R12_0864_0960,4
GEO_R12_0736_1728,4
GEO_R12_1632_2112,4
GEO_R12_1824_0032,0
GEO_R12_1184_0000,0
GEO_R12_1600_1440,4
GEO_R12_0896_1120,4
GEO_R12_0480_0128,4
GEO_R12_1248_1216,4
GEO_R12_2048_0800,0
GEO_R12_0416_0832,4
GEO_R12_2272_2240,4
GEO_R12_1216_1600,4
GEO_R12_1920_0096,0
GEO_R12_1888_0768,0
GEO_R12_0000_0288,0
GEO_R12_2176_2144,4
GEO_R12_1536_0032,0
GEO_R12_0896_1408,4
GEO_R12_1248_0896,4
GEO_R12_1536_0864,0
GEO_R12_1504_1888,4
GEO_R12_1472_0128,0
GEO_R12_2208_0320,0
GEO_R12_1728_0544,0
GEO_R12_1888_1952,4
GEO_R12_0960_2176,3
GEO_R12_1984_1440,0
GEO_R12_0736_0448,4
GEO_R12_1248_1504,4
GEO_R12_1728_0256,0
GEO_R12_1440_1152,4
GEO_R12_0512_1280,4
GEO_R12_1856_0000,0
GEO_R12_2144_1216,0
GEO_R12_1696_0512,0
GEO_R12_1216_0032,0
GEO_R12_0800_0896,4
GEO_R12_1440_0320,0
GEO_R12_2240_1792,0
GEO_R12_1952_0384,0
GEO_R12_1888_1184,4
GEO_R12_1696_1280,4
GEO_R12_1536_1600,4
GEO_R12_1728_1504,4
GEO_R12_1472_1088,4
GEO_R12_2208_1152,0
GEO_R12_2272_0320,0
GEO_R12_1696_1056,0
GEO_R12_0864_1280,4
GEO_R12_1312_0608,0
GEO_R12_1184_0096,0
GEO_R12_0864_1472,4
GEO_R12_1504_1600,4
GEO_R12_1952_1824,4
GEO_R12_1184_0864,4
GEO_R12_0640_1120,4
GEO_R12_0832_1344,4
GEO_R12_1472_0288,0
GEO_R12_1472_0352,0
GEO_R12_0320_1248,4
GEO_R12_0128_1408,4
GEO_R12_0032_2272,3
GEO_R12_1344_2240,4
GEO_R12_0896_0896,4
GEO_R12_0544_0320,4
GEO_R12_1984_0320,0
GEO_R12_2048_2208,4
GEO_R12_0608_0256,4
GEO_R12_1824_0064,0
GEO_R12_1984_0096,0
GEO_R12_2336_1312,0
GEO_R12_0704_1728,4
GEO_R12_1696_0224,0
GEO_R12_1184_1536,4
GEO_R12_1856_0800,0
GEO_R12_0480_0064,4
GEO_R12_0384_1216,4
GEO_R12_0704_2240,3
GEO_R12_1632_1792,4
GEO_R12_2272_1440,0
GEO_R12_1696_2080,4
GEO_R12_0032_1472,4
GEO_R12_0544_1184,4
GEO_R12_1696_0608,0
GEO_R12_0192_0704,4
GEO_R12_1664_1408,4
GEO_R12_1152_2176,4
GEO_R12_1152_1184,4
GEO_R12_0672_0032,0
GEO_R12_0832_0224,0
GEO_R12_0160_1888,3
GEO_R12_0928_1408,4
GEO_R12_1696_2112,4
GEO_R12_0992_1152,4
GEO_R12_2048_0736,0
GEO_R12_1824_0096,0
GEO_R12_1024_0544,4
GEO_R12_1888_0256,0
GEO_R12_0192_1376,4
GEO_R12_1408_0640,0
GEO_R12_0032_0000,5
GEO_R12_2080_0192,0
GEO_R12_1120_1536,4
GEO_R12_1376_1920,4
GEO_R12_1312_1728,4
GEO_R12_0768_0800,4
GEO_R12_0864_0352,0
GEO_R12_1312_1696,4
GEO_R12_1984_1056,0
GEO_R12_1472_0992,4
GEO_R12_0864_0256,0
GEO_R12_1440_1856,4
GEO_R12_0256_0256,4
GEO_R12_1344_1056,4
GEO_R12_1024_0576,4
GEO_R12_0832_0960,4
GEO_R12_0960_0160,0
GEO_R12_1600_1888,4
GEO_R12_0640_0768,4
GEO_R12_1472_0448,0
GEO_R12_0544_2272,3
GEO_R12_1792_0512,0
GEO_R12_1792_2080,0
GEO_R12_2080_1344,0
GEO_R12_1920_1472,0
GEO_R12_2208_1312,0
GEO_R12_1056_0416,4
GEO_R12_1664_1376,4
GEO_R12_0864_0064,0
GEO_R12_1184_0128,0
GEO_R12_1856_1280,4
GEO_R12_1600_0800,0
GEO_R12_2336_0288,0
GEO_R12_2208_1824,0
GEO_R12_0864_1088,4
GEO_R12_1664_0736,0
GEO_R12_1056_1600,4
GEO_R12_2304_1632,0
GEO_R12_0736_1216,4
GEO_R12_0864_1504,4
GEO_R12_1056_0608,4
GEO_R12_1856_1152,4
GEO_R12_2240_0320,0
GEO_R12_0448_1056,4
GEO_R12_2176_0864,0
GEO_R12_1696_1312,4
GEO_R12_0448_1152,4
GEO_R12_0704_0128,0
GEO_R12_0896_0160,0
GEO_R12_2336_1696,0
GEO_R12_1504_0160,0
GEO_R12_1792_1792,4
GEO_R12_0704_1056,4
GEO_R12_1056_0864,4
GEO_R12_2144_0832,0
GEO_R12_1824_2272,0
GEO_R12_1216_1120,4
GEO_R12_1824_0256,0
GEO_R12_2240_0032,0
GEO_R12_1472_1344,4
GEO_R12_1248_1760,4
GEO_R12_2176_0480,0
GEO_R12_2048_0320,0
GEO_R12_1888_1888,4
GEO_R12_0832_1088,4
GEO_R12_2304_0192,0
GEO_R12_1504_0736,0
GEO_R12_1472_1600,4
GEO_R12_1056_1504,4
GEO_R12_0672_0320,4
GEO_R12_0800_1440,4
GEO_R12_1024_1472,4
GEO_R12_0832_1216,4
GEO_R12_1568_1280,4
GEO_R12_2240_0160,0
GEO_R12_1504_0416,0
GEO_R12_1568_0672,0
GEO_R12_0416_0160,4
GEO_R12_1472_1152,4
GEO_R12_0480_1568,4
GEO_R12_0512_0224,4
GEO_R12_1600_1536,4
GEO_R12_2048_2080,4
GEO_R12_1056_0192,0
GEO_R12_1984_1280,0
GEO_R12_0864_1184,4
GEO_R12_1632_1696,4
GEO_R12_0320_0256,4
GEO_R12_0992_0096,0
GEO_R12_2016_1280,0
GEO_R12_1760_0320,0
GEO_R12_2144_1472,0
GEO_R12_0096_2304,3
GEO_R12_0640_1280,4
GEO_R12_0672_1184,4
GEO_R12_1600_1472,4
GEO_R12_1600_0128,0
GEO_R12_1568_1856,4
GEO_R12_1728_1952,4
GEO_R12_0512_1216,4
GEO_R12_1984_0672,0
GEO_R12_1280_1760,4
GEO_R12_1184_0160,0
GEO_R12_0576_0864,4
GEO_R12_2176_1376,0
GEO_R12_1696_0960,0
GEO_R12_2112_0256,0
GEO_R12_1504_0096,0
GEO_R12_1312_0224,0
GEO_R12_0640_0160,0
GEO_R12_1888_0672,0
GEO_R12_0160_2336,3
GEO_R12_1344_1472,4
GEO_R12_1632_0608,0
GEO_R12_1408_1088,4
GEO_R12_1792_2272,0
GEO_R12_0352_1024,4
GEO_R12_1248_1472,4
GEO_R12_2144_2240,4
GEO_R12_1760_1984,4
GEO_R12_0768_1024,4
GEO_R12_0192_0640,4
GEO_R12_1728_0224,0
GEO_R12_1024_1152,4
GEO_R12_1344_1984,4
GEO_R12_1728_0416,0
GEO_R12_1888_0000,0
GEO_R12_1344_0192,0
GEO_R12_2080_1280,0
GEO_R12_2016_1664,0
GEO_R12_1376_0608,0
GEO_R12_1344_1600,4
GEO_R12_1504_0032,0
GEO_R12_1216_0960,4
GEO_R12_2272_1728,0
GEO_R12_1600_1024,0
GEO_R12_0480_0096,4
GEO_R12_1536_1376,4
GEO_R12_2016_0512,0
GEO_R12_1088_0032,0
GEO_R12_1024_1216,4
GEO_R12_1856_0032,0
GEO_R12_1888_1792,4
GEO_R12_0896_1536,4
GEO_R12_1728_2112,4
GEO_R12_1856_1888,4
GEO_R12_2176_0416,0
GEO_R12_0928_0032,0
GEO_R12_1152_0768,4
GEO_R12_1504_1472,4
GEO_R12_1312_2048,4
GEO_R12_2016_0672,0
GEO_R12_2336_1600,0
GEO_R12_1504_0512,0
GEO_R12_0192_1920,3
GEO_R12_1120_1760,4
GEO_R12_1312_1632,4
GEO_R12_0544_0896,4
GEO_R12_1312_1024,4
GEO_R12_0768_1696,4
GEO_R12_1472_0256,0
GEO_R12_1792_0160,0
GEO_R12_1344_2144,4
GEO_R12_1952_2080,4
GEO_R12_0832_1280,4
GEO_R12_1184_0416,4
GEO_R12_1696_1440,4
GEO_R12_1792_0800,0
GEO_R12_0544_0480,4
GEO_R12_1120_0192,0
GEO_R12_1920_0416,0
GEO_R12_0544_0832,4
GEO_R12_1184_0064,0
GEO_R12_1344_0864,0
GEO_R12_0352_0928,4
GEO_R12_1280_1024,4
GEO_R12_1056_1120,4
GEO_R12_0832_1152,4
GEO_R12_2272_0928,4
GEO_R12_1056_1408,4
GEO_R12_1600_0672,0
GEO_R12_1504_2016,4
GEO_R12_1120_0256,0
GEO_R12_2208_0096,0
GEO_R12_0000_0224,0
GEO_R12_0448_0320,4
GEO_R12_2176_0544,0
GEO_R12_2208_1760,0
GEO_R12_2272_2272,4
GEO_R12_1312_0576,0
GEO_R12_1728_0480,0
GEO_R12_1184_1152,4
GEO_R12_1696_1760,4
GEO_R12_1408_2176,4
GEO_R12_2016_2016,4
GEO_R12_2240_1760,0
GEO_R12_0320_1088,4
GEO_R12_1184_0608,0
GEO_R12_1792_0352,0
GEO_R12_1120_1376,4
GEO_R12_0512_0096,4
GEO_R12_1504_0384,0
GEO_R12_1344_0032,0
GEO_R12_1568_0704,0
GEO_R12_1568_1024,0
GEO_R12_1280_1408,4
GEO_R12_0256_2048,3
GEO_R12_0672_2080,3
GEO_R12_1152_0128,0
GEO_R12_1152_1856,4
GEO_R12_0992_0608,4
GEO_R12_1984_0832,4
GEO_R12_2304_1600,0
GEO_R12_1632_0384,0
GEO_R12_1696_0288,0
GEO_R12_1376_1024,4
GEO_R12_0736_0704,4
GEO_R12_0800_0288,0
GEO_R12_1664_1824,4
GEO_R12_0672_0416,4
GEO_R12_2272_0672,4
GEO_R12_1824_1536,3
GEO_R12_2048_1408,0
GEO_R12_0288_0928,4
GEO_R12_0672_2112,3
GEO_R12_2048_0768,0
GEO_R12_1792_0448,0
GEO_R12_0640_2144,3
GEO_R12_0992_0224,0
GEO_R12_1856_1440,4
GEO_R12_1504_0448,0
GEO_R12_2240_1440,0
GEO_R12_1440_1728,4
GEO_R12_1440_0160,0
GEO_R12_0672_1984,3
GEO_R12_2048_0640,0
GEO_R12_1088_0544,4
GEO_R12_1696_1472,4
GEO_R12_2048_0672,0
GEO_R12_0608_0000,0
GEO_R12_0704_1024,4
GEO_R12_1600_1120,4
GEO_R12_1568_1536,4
GEO_R12_0736_0192,0
GEO_R12_1312_2112,4
GEO_R12_1760_0480,0
GEO_R12_0928_1152,4
GEO_R12_0864_0864,4
GEO_R12_0928_1088,4
GEO_R12_2016_2112,4
GEO_R12_0672_0672,4
GEO_R12_0192_1888,3
GEO_R12_0416_0992,4
GEO_R12_0928_1600,4
GEO_R12_1664_0480,0
GEO_R12_1824_0640,0
GEO_R12_1472_1856,4
GEO_R12_1504_2112,4
GEO_R12_1440_0576,0
GEO_R12_1952_0608,0
GEO_R12_1024_0096,0
GEO_R12_0896_1664,4
GEO_R12_0896_1568,4
GEO_R12_0128_1152,4
GEO_R12_0512_1152,4
GEO_R12_1984_0224,0
GEO_R12_0288_0288,4
GEO_R12_1504_1792,4
GEO_R12_1248_0960,4
GEO_R12_1184_1184,4
GEO_R12_0928_1120,4
GEO_R12_0480_1600,4
GEO_R12_1088_1376,4
GEO_R12_1024_1312,4
GEO_R12_1216_1856,4
GEO_R12_0704_2016,3
GEO_R12_2304_2208,4
GEO_R12_1760_0704,0
GEO_R12_1280_1440,4
GEO_R12_0192_0800,4
GEO_R12_1664_0288,0
GEO_R12_1344_1440,4
GEO_R12_1088_0832,4
GEO_R12_1408_0576,0
GEO_R12_1056_1152,4
GEO_R12_2144_1440,0
GEO_R12_0416_0960,4
GEO_R12_1344_1888,4
GEO_R12_1952_1344,4
GEO_R12_1056_0736,4
GEO_R12_1248_1600,4
GEO_R12_1152_1792,4
GEO_R12_0640_0576,4
GEO_R12_2144_0768,0
GEO_R12_0864_1568,4
GEO_R12_1824_0416,0
GEO_R12_1888_0992,4
GEO_R12_2240_1280,0
GEO_R12_1216_1184,4
GEO_R12_0896_1088,4
GEO_R12_1856_0320,0
GEO_R12_0384_2080,3
GEO_R12_1632_0288,0
GEO_R12_2304_0896,4
GEO_R12_1504_0704,0
GEO_R12_1216_0608,0
GEO_R12_2208_0832,0
GEO_R12_1728_2016,4
GEO_R12_0960_1184,4
GEO_R12_1408_1056,4
GEO_R12_2016_1408,0
GEO_R12_0800_0736,4
GEO_R12_0864_0544,4
GEO_R12_0928_0864,4
GEO_R12_1440_0032,0
GEO_R12_2272_0288,0
GEO_R12_1696_1408,4
GEO_R12_1824_1344,4
GEO_R12_1536_1472,4
GEO_R12_0768_0160,0
GEO_R12_0384_1056,4
GEO_R12_1760_0192,0
GEO_R12_0992_1536,4
GEO_R12_0288_1056,4
GEO_R12_1888_0544,0
GEO_R12_1152_1408,4
GEO_R12_1632_0832,0
GEO_R12_0448_1216,4
GEO_R12_1792_1952,4
GEO_R12_1344_1728,4
GEO_R12_0832_1728,4
GEO_R12_2336_1440,0
GEO_R12_0864_1600,4
GEO_R12_1344_1280,4
GEO_R12_2272_1568,0
GEO_R12_0736_0384,4
GEO_R12_2144_0128,0
GEO_R12_0448_2176,3
GEO_R12_1952_1664,0
GEO_R12_1280_1504,4
GEO_R12_0896_1184,4
GEO_R12_1888_2336,0
GEO_R12_1472_2144,4
GEO_R12_0000_1280,3
GEO_R12_0800_1632,4
GEO_R12_1376_0992,4
GEO_R12_1568_1088,4
GEO_R12_0992_0672,4
GEO_R12_0704_0480,4
GEO_R12_1280_1792,4
GEO_R12_0320_1024,4
GEO_R12_1280_1632,4
GEO_R12_1696_0384,0
GEO_R12_2016_1568,0
GEO_R12_0736_0416,4
GEO_R12_0256_0576,4
GEO_R12_2016_0608,0
GEO_R12_2336_0160,0
GEO_R12_1248_1696,4
GEO_R12_0160_1184,4
GEO_R12_0448_0160,4
GEO_R12_1248_0864,4
GEO_R12_2208_1664,0
GEO_R12_1952_1536,0
GEO_R12_0576_1152,4
GEO_R12_0640_0512,4
GEO_R12_2240_0128,0
GEO_R12_0544_1152,4
GEO_R12_1632_1728,4
GEO_R12_0480_0800,4
GEO_R12_0672_2240,3
GEO_R12_0800_0128,0
GEO_R12_0992_1728,4
GEO_R12_0192_0736,4
GEO_R12_0032_2176,3
GEO_R12_0896_1632,4
GEO_R12_1408_2272,4
GEO_R12_1344_2208,4
GEO_R12_2304_0000,0
GEO_R12_1728_1024,0
GEO_R12_1184_1216,4
GEO_R12_0128_2112,3
GEO_R12_0608_0192,0
GEO_R12_0032_2144,3
GEO_R12_1120_0832,4
GEO_R12_1536_0608,0
GEO_R12_0672_2208,3
GEO_R12_1824_1376,4
GEO_R12_1888_0480,0
GEO_R12_0896_0128,0
GEO_R12_1120_0864,4
GEO_R12_0896_1056,4
GEO_R12_0992_0416,0
GEO_R12_0096_2080,3
GEO_R12_1344_1568,4
GEO_R12_0768_0448,4
GEO_R12_2016_1504,0
GEO_R12_0768_0128,0
GEO_R12_1280_1376,4
GEO_R12_0992_1120,4
GEO_R12_1408_1856,4
GEO_R12_0736_1408,4
GEO_R12_0832_0416,4
GEO_R12_1120_1280,4
GEO_R12_1440_1696,4
GEO_R12_0896_1376,4
GEO_R12_1056_1312,4
GEO_R12_1440_2304,4
GEO_R12_1632_0480,0
GEO_R12_1696_0576,0
GEO_R12_1312_1888,4
GEO_R12_2080_0320,0
GEO_R12_1184_2336,0
GEO_R12_1312_0928,4
GEO_R12_1792_0640,0
GEO_R12_1952_0704,0
GEO_R12_1888_0192,0
GEO_R12_1184_1664,4
GEO_R12_1984_0480,0
GEO_R12_0800_0672,4
GEO_R12_1664_1024,0
GEO_R12_2112_2304,0
GEO_R12_2144_0064,0
GEO_R12_2208_0768,0
GEO_R12_0416_1056,4
GEO_R12_0352_0032,4
GEO_R12_1472_1312,4
GEO_R12_0832_1056,4
GEO_R12_1056_1856,4
GEO_R12_2016_0576,0
GEO_R12_1600_0992,0
GEO_R12_1024_1664,4
GEO_R12_1184_1568,4
GEO_R12_1472_2112,4
GEO_R12_0224_1312,4
GEO_R12_1024_1184,4
GEO_R12_1856_1952,4
GEO_R12_1632_0864,0
GEO_R12_0800_1472,4
GEO_R12_0288_2048,3
GEO_R12_0864_1120,4
GEO_R12_0768_1344,4
GEO_R12_1504_0288,0
GEO_R12_1536_1792,4
GEO_R12_1152_0384,4
GEO_R12_1216_2336,0
GEO_R12_0640_0128,0
GEO_R12_1440_1920,4
GEO_R12_1536_0352,0
GEO_R12_1792_0704,0
GEO_R12_1536_2336,4
GEO_R12_1728_0512,0
GEO_R12_1344_0224,0
GEO_R12_1280_0000,0
GEO_R12_1312_2080,4
GEO_R12_2080_0000,0
GEO_R12_0192_2304,3
GEO_R12_2112_0640,0
GEO_R12_0608_2016,3
GEO_R12_1120_0224,0
GEO_R12_1760_0736,0
GEO_R12_0896_1504,4
GEO_R12_0480_0832,4
GEO_R12_0256_1280,4
GEO_R12_0160_1856,3
GEO_R12_0640_2336,3
GEO_R12_1888_0224,0
GEO_R12_2304_1536,0
GEO_R12_1664_1440,4
GEO_R12_1472_0480,0
GEO_R12_1664_0928,0
GEO_R12_1888_0960,4
GEO_R12_1248_1024,4
GEO_R12_1280_0224,0
GEO_R12_1664_1312,4
GEO_R12_1504_0320,0
GEO_R12_1088_0480,4
GEO_R12_0512_0128,4
GEO_R12_0320_2016,3
GEO_R12_1632_0096,0
GEO_R12_1856_0384,0
GEO_R12_2176_0256,0
GEO_R12_1856_0512,0
GEO_R12_1504_1152,4
GEO_R12_1760_0640,0
GEO_R12_2048_1920,4
GEO_R12_0480_1120,4
GEO_R12_0480_0480,4
GEO_R12_0512_0896,4
GEO_R12_1504_1728,4
GEO_R12_1280_1952,4
GEO_R12_0256_1184,4
GEO_R12_0736_0608,4
GEO_R12_0416_2112,3
GEO_R12_0672_0896,4
GEO_R12_2336_0064,0
GEO_R12_0736_2144,3
GEO_R12_1248_1280,4
GEO_R12_1248_0160,0
GEO_R12_0928_2176,3
GEO_R12_1696_0928,0
GEO_R12_0960_0768,4
GEO_R12_0896_0672,4
GEO_R12_2240_1536,0
GEO_R12_1664_0992,0
GEO_R12_1760_2048,4
GEO_R12_1184_0800,4
GEO_R12_1376_1408,4
GEO_R12_1760_2176,4
GEO_R12_0768_0384,4
GEO_R12_1568_0480,0
GEO_R12_0096_0768,4
GEO_R12_1280_2048,4
GEO_R12_0480_0960,4
GEO_R12_1056_0224,0
GEO_R12_1984_0576,0
GEO_R12_1408_2208,4
GEO_R12_2112_1504,0
GEO_R12_0896_0576,4
GEO_R12_1504_2048,4
GEO_R12_0672_0096,0
GEO_R12_1248_0064,0
GEO_R12_0864_1664,4
GEO_R12_2208_0288,0
GEO_R12_0800_0544,4
GEO_R12_2176_1312,0
GEO_R12_2240_0384,0
GEO_R12_2112_1472,0
GEO_R12_0128_1472,4
GEO_R12_2112_0096,0
GEO_R12_1696_0352,0
GEO_R12_1728_1760,4
GEO_R12_1152_0288,0
GEO_R12_1248_1536,4
GEO_R12_1792_2016,4
GEO_R12_1536_1088,4
GEO_R12_0928_1184,4
GEO_R12_1440_1344,4
GEO_R12_1472_0224,0
GEO_R12_1216_0224,0
GEO_R12_0160_2208,3
GEO_R12_2208_0384,0
GEO_R12_1504_1376,4
GEO_R12_0960_0864,4
GEO_R12_0448_1120,4
GEO_R12_0384_0192,4
GEO_R12_2272_1824,0
GEO_R12_1696_0448,0
GEO_R12_0640_0096,0
GEO_R12_1632_0256,0
GEO_R12_1664_0864,0
GEO_R12_0384_2144,3
GEO_R12_1696_0256,0
GEO_R12_2272_0032,0
GEO_R12_2016_0544,0
GEO_R12_1664_1280,4
GEO_R12_1632_0704,0
GEO_R12_2016_1824,4
GEO_R12_0288_2176,3
GEO_R12_2272_1056,0
GEO_R12_1344_0256,0
GEO_R12_2176_1664,0
GEO_R12_1728_1984,4
GEO_R12_2112_0480,0
GEO_R12_1152_0416,4
GEO_R12_0256_1216,4
GEO_R12_1152_1824,4
GEO_R12_0704_2144,3
GEO_R12_1152_1760,4
GEO_R12_2112_0864,0
GEO_R12_2336_1664,0
GEO_R12_2272_0896,4
GEO_R12_1856_0704,0
GEO_R12_1536_0992,0
GEO_R12_2240_1344,0
GEO_R12_0448_2048,3
GEO_R12_1152_0032,0
GEO_R12_1152_1440,4
GEO_R12_0672_0000,0
GEO_R12_1088_1664,4
GEO_R12_1216_1824,4
GEO_R12_0416_0192,4
GEO_R12_1568_0544,0
GEO_R12_2144_0256,0
GEO_R12_0960_2208,3
GEO_R12_1216_1216,4
GEO_R12_1504_1536,4
GEO_R12_0608_0448,4
GEO_R12_1568_0864,0
GEO_R12_1952_0032,0
GEO_R12_0576_2336,3
GEO_R12_0896_0640,4
GEO_R12_2144_1376,0
GEO_R12_1472_1408,4
GEO_R12_1856_0544,0
GEO_R12_0288_2144,3
GEO_R12_1344_0608,0
GEO_R12_1312_1440,4
GEO_R12_1632_0672,0
GEO_R12_1920_1824,4
GEO_R12_1600_0736,0
GEO_R12_1600_0576,0
GEO_R12_1696_1120,4
GEO_R12_1504_1280,4
GEO_R12_0736_1536,4
GEO_R12_1088_0160,0
GEO_R12_0960_1536,4
GEO_R12_2112_1696,0
GEO_R12_1920_0160,0
GEO_R12_1600_2112,4
GEO_R12_1056_0288,0
GEO_R12_0736_1504,4
GEO_R12_1312_0384,0
GEO_R12_1280_1056,4
GEO_R12_1824_0768,0
GEO_R12_0224_0544,4
GEO_R12_0384_1024,4
GEO_R12_1120_0128,0
GEO_R12_0960_1120,4
GEO_R12_1728_0640,0
GEO_R12_1696_1952,4
GEO_R12_0128_2080,3
GEO_R12_1056_1888,4
GEO_R12_1280_2080,4
GEO_R12_0032_2048,3
GEO_R12_0864_1152,4
GEO_R12_1280_2016,4
GEO_R12_0032_2336,3
GEO_R12_1984_0288,0
GEO_R12_1376_2112,4
GEO_R12_0704_1664,4
GEO_R12_0896_0704,4
GEO_R12_1056_0544,4
GEO_R12_1024_1344,4
GEO_R12_2336_1280,0
GEO_R12_1248_1824,4
GEO_R12_1728_1888,4
GEO_R12_1376_1888,4
GEO_R12_0384_1120,4
GEO_R12_0992_0192,0
GEO_R12_1440_1536,4
GEO_R12_0512_0512,4
GEO_R12_1280_1920,4
GEO_R12_1792_0608,0
GEO_R12_2336_1728,0
GEO_R12_0320_0096,4
GEO_R12_0960_1088,4
GEO_R12_0832_0704,4
GEO_R12_0960_0032,0
GEO_R12_0096_2048,3
GEO_R12_2144_1536,0
GEO_R12_1120_0320,0
GEO_R12_1664_2080,4
GEO_R12_0384_2112,3
GEO_R12_0736_0672,4
GEO_R12_2048_0064,0
GEO_R12_1920_0480,0
GEO_R12_0448_1024,4
GEO_R12_0864_0928,4
GEO_R12_1184_1408,4
GEO_R12_1408_1152,4
GEO_R12_1856_0352,0
GEO_R12_2176_0224,0
GEO_R12_0576_0576,4
GEO_R12_1728_2048,4
GEO_R12_0544_0384,4
GEO_R12_1856_1408,4
GEO_R12_1056_0704,4
GEO_R12_1344_1408,4
GEO_R12_1216_1696,4
GEO_R12_2112_2208,4
GEO_R12_1280_0960,4
GEO_R12_0480_0576,4
GEO_R12_0448_0288,4
GEO_R12_1728_0832,0
GEO_R12_1504_0000,0
GEO_R12_0992_0032,0
GEO_R12_1120_0608,0
GEO_R12_1696_1856,4
GEO_R12_1632_0896,0
GEO_R12_2016_0640,0
GEO_R12_0320_2176,3
GEO_R12_1920_1312,4
GEO_R12_1376_1760,4
GEO_R12_0800_0640,4
GEO_R12_0608_0352,4
GEO_R12_1408_0480,0
GEO_R12_2176_1728,0
GEO_R12_1568_0224,0
GEO_R12_0320_0960,4
GEO_R12_1600_0448,0
GEO_R12_0192_1248,4
GEO_R12_0928_1248,4
GEO_R12_1184_0384,4
GEO_R12_2112_1408,0
GEO_R12_1824_0608,0
GEO_R12_1824_0928,4
GEO_R12_1216_1568,4
GEO_R12_0960_0128,0
GEO_R12_0704_0512,4
GEO_R12_0416_0864,4
GEO_R12_1696_1792,4
GEO_R12_0352_2048,3
GEO_R12_2240_1408,0
GEO_R12_2176_1696,0
GEO_R12_0320_1056,4
GEO_R12_2048_0288,0
GEO_R12_2208_0000,0
GEO_R13_0320_0000,4
GEO_R13_0352_0000,4
GEO_R18_1760_0064,2
GEO_R18_0544_1312,2
GEO_R18_0832_0800,4
GEO_R18_0480_2016,2
GEO_R18_2272_0736,2
GEO_R18_0512_1376,2
GEO_R18_1440_0352,2
GEO_R18_0864_1856,2
GEO_R18_1984_1120,2
GEO_R18_1536_2240,2
GEO_R18_1600_1600,2
GEO_R18_1120_0416,2
GEO_R18_2272_0128,2
GEO_R18_0576_2208,3
GEO_R18_0064_1056,2
GEO_R18_1568_0224,2
GEO_R18_0256_1856,2
GEO_R18_2016_0448,2
GEO_R18_2112_1152,2
GEO_R18_2016_1056,2
GEO_R18_0608_0160,2
GEO_R18_2144_1472,2
GEO_R18_0576_0448,2
GEO_R18_1856_0224,2
GEO_R18_1760_1184,2
GEO_R18_0480_2048,2
GEO_R18_2144_0832,2
GEO_R18_1536_1856,0
GEO_R18_0448_1920,2
GEO_R18_1600_0416,2
GEO_R18_1856_2208,2
GEO_R18_0384_1216,2
GEO_R18_0288_0256,2
GEO_R18_0416_0480,2
GEO_R18_2144_1024,2
GEO_R18_0512_0000,2
GEO_R18_2336_0128,2
GEO_R18_1600_0448,2
GEO_R18_2016_0256,2
GEO_R18_1952_0992,2
GEO_R18_0832_1984,2
GEO_R18_2336_1120,2
GEO_R18_1088_0288,2
GEO_R18_2336_1472,2
GEO_R18_0384_0256,2
GEO_R18_0224_1568,2
GEO_R18_2240_1920,2
GEO_R18_1184_0448,2
GEO_R18_1920_2144,2
GEO_R18_0064_1152,2
GEO_R18_0960_0192,2
GEO_R18_0128_0256,2
GEO_R18_1664_0512,2
GEO_R18_1920_0608,2
GEO_R18_1312_0192,2
GEO_R18_0192_1536,2
GEO_R18_1024_0224,2
GEO_R18_1888_0224,2
GEO_R18_0160_1344,2
GEO_R18_1760_0864,2
GEO_R18_0672_0000,2
GEO_R18_2016_2176,2
GEO_R18_0576_0160,2
GEO_R18_1024_0096,2
GEO_R18_1664_0768,2
GEO_R18_1216_1056,4
GEO_R18_0896_0960,4
GEO_R18_1888_0800,2
GEO_R18_1056_0288,2
GEO_R18_1472_0320,2
GEO_R18_2016_0736,2
GEO_R18_1216_1088,4
GEO_R18_0960_1856,2
GEO_R18_2144_2112,2
GEO_R18_1472_0608,2
GEO_R18_1920_0512,2
GEO_R18_0416_0320,2
GEO_R18_0160_1120,2
GEO_R18_0064_1120,2
GEO_R18_1728_0896,2
GEO_R18_1824_1344,2
GEO_R18_2080_1152,2
GEO_R18_1472_0288,2
GEO_R18_1536_0416,2
GEO_R18_2048_1056,2
GEO_R18_1728_0448,2
GEO_R18_0608_2272,2
GEO_R18_0672_1344,2
GEO_R18_1952_2304,2
GEO_R18_0800_1536,2
GEO_R18_1632_1088,2
GEO_R18_0640_0256,2
GEO_R18_1312_1696,0
GEO_R18_0000_1600,2
GEO_R18_0416_0416,2
GEO_R18_1184_0320,2
GEO_R18_0288_1600,2
GEO_R18_1984_0544,2
GEO_R18_0384_0032,2
GEO_R18_1344_0992,4
GEO_R18_2272_2112,2
GEO_R18_0896_2080,2
GEO_R18_2144_0672,2
GEO_R18_1952_0960,2
GEO_R18_0864_0672,2
GEO_R18_2016_0128,2
GEO_R18_0896_2176,3
GEO_R18_0480_1376,2
GEO_R18_0128_1344,2
GEO_R18_0128_0672,2
GEO_R18_0832_1440,2
GEO_R18_2176_0096,2
GEO_R18_0576_1888,2
GEO_R18_1408_0224,2
GEO_R18_2048_1984,2
GEO_R18_2208_1056,2
GEO_R18_1664_0448,2
GEO_R18_0800_1984,2
GEO_R18_1952_1248,2
GEO_R18_0448_0416,2
GEO_R18_0480_1472,2
GEO_R18_1920_1120,2
GEO_R18_2208_1312,2
GEO_R18_0576_0256,2
GEO_R18_0224_0736,2
GEO_R18_0256_0000,2
GEO_R18_2208_2176,2
GEO_R18_1664_0832,2
GEO_R18_0512_1088,4
GEO_R18_2080_1056,2
GEO_R18_1888_1952,2
GEO_R18_1440_0800,2
GEO_R18_1792_0448,2
GEO_R18_0096_0864,2
GEO_R18_0288_0704,2
GEO_R18_1824_0224,2
GEO_R18_1152_1184,4
GEO_R18_2016_1024,2
GEO_R18_1248_2176,2
GEO_R18_2304_0800,2
GEO_R18_0160_0736,2
GEO_R18_2016_2112,2
GEO_R18_0192_1728,2
GEO_R18_0544_1920,2
GEO_R18_0544_1824,2
GEO_R18_0032_0512,2
GEO_R18_2304_0704,2
GEO_R18_1344_1824,2
GEO_R18_1856_1408,2
GEO_R18_1056_0096,2
GEO_R18_1088_0416,2
GEO_R18_1824_0192,2
GEO_R18_0000_1152,2
GEO_R18_0768_1568,2
GEO_R18_1952_0000,2
GEO_R18_0000_0640,2
GEO_R18_1472_0576,2
GEO_R18_1984_2368,2
GEO_R18_2368_2048,2
GEO_R18_1664_1056,2
GEO_R18_0288_0000,2
GEO_R18_0032_0352,2
GEO_R18_0992_0256,2
GEO_R18_1568_0480,2
GEO_R18_2208_1888,2
GEO_R18_2304_2112,2
GEO_R18_2304_2240,2
GEO_R18_1632_2176,2
GEO_R18_2144_1120,2
GEO_R18_1248_2208,2
GEO_R18_0320_1248,2
GEO_R18_1504_2304,2
GEO_R18_0448_0352,2
GEO_R18_1632_2336,2
GEO_R18_2336_2048,2
GEO_R18_0064_0544,2
GEO_R18_0672_0704,4
GEO_R18_1248_0416,2
GEO_R18_0448_2144,3
GEO_R18_2112_0704,2
GEO_R18_2080_0672,2
GEO_R18_0096_0160,2
GEO_R18_1568_0576,2
GEO_R18_0096_0832,2
GEO_R18_2048_0032,2
GEO_R18_1920_1664,3
GEO_R18_1632_0480,2
GEO_R18_1664_0672,2
GEO_R18_1632_0608,2
GEO_R18_1696_0864,2
GEO_R18_0192_1024,2
GEO_R18_2112_1472,2
GEO_R18_2176_0992,2
GEO_R18_2112_0832,2
GEO_R18_1664_2336,2
GEO_R18_2336_0928,2
GEO_R18_1952_0864,2
GEO_R18_2080_1088,2
GEO_R18_0384_1504,2
GEO_R18_2048_2144,2
GEO_R18_0224_0704,2
GEO_R18_1472_0640,2
GEO_R18_0352_0352,2
GEO_R18_1248_1920,2
GEO_R18_0832_2240,2
GEO_R18_1280_2176,2
GEO_R18_1696_0320,2
GEO_R18_1632_1568,2
GEO_R18_1856_0192,2
GEO_R18_0288_0320,2
GEO_R18_2272_1920,2
GEO_R18_1792_0192,2
GEO_R18_2112_0896,2
GEO_R18_1632_0576,2
GEO_R18_1536_0448,2
GEO_R18_2176_2176,2
GEO_R18_1792_0416,2
GEO_R18_1632_1152,2
GEO_R18_1248_1824,2
GEO_R18_1056_1728,3
GEO_R18_1856_2016,2
GEO_R18_1888_1024,2
GEO_R18_0288_2240,3
GEO_R18_1952_1664,3
GEO_R18_0544_1952,2
GEO_R18_0416_0000,2
GEO_R18_1536_0640,2
GEO_R18_1984_1504,2
GEO_R18_1088_0480,2
GEO_R18_1600_2272,2
GEO_R18_1888_1376,2
GEO_R18_1344_0128,2
GEO_R18_2240_0352,2
GEO_R18_1728_0288,2
GEO_R18_2304_0192,2
GEO_R18_1888_1152,2
GEO_R18_2112_2368,2
GEO_R18_0864_0096,2
GEO_R18_1952_2336,2
GEO_R18_0672_0352,2
GEO_R18_1952_0224,2
GEO_R18_0512_2080,2
GEO_R18_1856_0160,2
GEO_R18_2144_0768,2
GEO_R18_1504_0832,2
GEO_R18_0288_1056,2
GEO_R18_0448_1632,2
GEO_R18_1472_0480,2
GEO_R18_2368_1728,2
GEO_R18_1792_0064,2
GEO_R18_1856_0704,2
GEO_R18_1984_1216,2
GEO_R18_1984_1536,2
GEO_R18_2016_0640,2
GEO_R18_2336_0800,2
GEO_R18_1984_0928,2
GEO_R18_1056_0256,2
GEO_R18_1568_2208,2
GEO_R18_1248_1344,4
GEO_R18_1440_2272,2
GEO_R18_1504_2272,2
GEO_R18_0192_0736,2
GEO_R18_0384_0352,2
GEO_R18_0192_0832,2
GEO_R18_2272_1216,2
GEO_R18_1888_0160,2
GEO_R18_1024_0256,2
GEO_R18_1856_1344,2
GEO_R18_1984_0640,2
GEO_R18_0512_1824,2
GEO_R18_1024_0288,2
GEO_R18_1632_2144,2
GEO_R18_2368_1504,2
GEO_R18_0288_1280,2
GEO_R18_1184_2176,2
GEO_R18_0128_1120,2
GEO_R18_2368_0128,2
GEO_R18_2336_2144,2
GEO_R18_0192_0704,2
GEO_R18_0320_0448,2
GEO_R18_2208_2048,2
GEO_R18_2272_1184,2
GEO_R18_1600_0384,2
GEO_R18_1856_2336,2
GEO_R18_1024_1952,2
GEO_R18_2016_0192,2
GEO_R18_0416_0032,2
GEO_R18_2048_0224,2
GEO_R18_1568_0064,2
GEO_R18_2144_0576,2
GEO_R18_0288_2336,2
GEO_R18_1824_0416,2
GEO_R18_2112_0768,2
GEO_R18_1504_2368,2
GEO_R18_0512_0320,2
GEO_R18_1792_1536,2
GEO_R18_1696_0288,2
GEO_R18_1728_1152,2
GEO_R18_2048_0992,2
GEO_R18_2208_1248,2
GEO_R18_2304_0384,2
GEO_R18_0512_0064,2
GEO_R18_2176_0960,2
GEO_R18_2208_1952,2
GEO_R18_0256_1568,2
GEO_R18_1152_0448,2
GEO_R18_2144_0928,2
GEO_R18_0224_0128,2
GEO_R18_1984_0160,2
GEO_R18_0192_0768,2
GEO_R18_2272_0608,2
GEO_R18_2336_0416,2
GEO_R18_0832_1472,2
GEO_R18_0640_0160,2
GEO_R18_1984_0896,2
GEO_R18_0800_1472,2
GEO_R18_0320_0896,2
GEO_R18_0480_0000,2
GEO_R18_1792_1344,2
GEO_R18_1152_0288,2
GEO_R18_1952_0384,2
GEO_R18_2368_1376,2
GEO_R18_2048_0608,2
GEO_R18_0576_0352,2
GEO_R18_1280_0192,2
GEO_R18_1728_0480,2
GEO_R18_2112_0416,2
GEO_R18_1664_0160,2
GEO_R18_0288_1536,2
GEO_R18_0064_0064,2
GEO_R18_1696_0256,2
GEO_R18_0864_0832,4
GEO_R18_1408_0704,2
GEO_R18_2240_0416,2
GEO_R18_2336_0736,2
GEO_R18_2016_0352,2
GEO_R18_2336_1088,2
GEO_R18_0672_1888,2
GEO_R18_2304_0448,2
GEO_R18_0128_1408,2
GEO_R18_1952_0416,2
GEO_R18_0928_0256,2
GEO_R18_1088_1120,4
GEO_R18_0128_0768,2
GEO_R18_0608_0480,2
GEO_R18_1216_0992,4
GEO_R18_1152_0256,2
GEO_R18_1568_0864,2
GEO_R18_1792_0736,2
GEO_R18_0896_0384,2
GEO_R18_1376_0576,2
GEO_R18_2304_0512,2
GEO_R18_0224_0224,2
GEO_R18_0544_0256,2
GEO_R18_1056_1536,2
GEO_R18_1216_0256,2
GEO_R18_1760_0256,2
GEO_R18_0832_0864,4
GEO_R18_1952_1024,2
GEO_R18_1696_0064,2
GEO_R18_0928_0960,4
GEO_R18_0384_0896,2
GEO_R18_2048_0768,2
GEO_R18_0736_1568,2
GEO_R18_1536_0544,2
GEO_R18_1824_1312,2
GEO_R18_2112_0640,2
GEO_R18_2144_1312,2
GEO_R18_0896_1792,2
GEO_R18_0192_0192,2
GEO_R18_0512_0352,2
GEO_R18_1856_2240,2
GEO_R18_1824_1952,2
GEO_R18_1504_0192,2
GEO_R18_0096_1152,2
GEO_R18_1440_0864,2
GEO_R18_1632_1536,2
GEO_R18_0544_0384,2
GEO_R18_0384_1280,2
GEO_R18_1536_2176,2
GEO_R18_0096_0704,2
GEO_R18_0288_0864,2
GEO_R18_0896_0992,4
GEO_R18_0224_0256,2
GEO_R18_1536_0224,2
GEO_R18_2272_2272,2
GEO_R18_0480_2368,2
GEO_R18_1792_1312,2
GEO_R18_1120_0256,2
GEO_R18_1536_0352,2
GEO_R18_1344_0320,2
GEO_R18_1056_0192,2
GEO_R18_2240_2208,2
GEO_R18_0576_0096,2
GEO_R18_1664_0800,2
GEO_R18_2176_0832,2
GEO_R18_2208_1216,2
GEO_R18_0096_0768,2
GEO_R18_1088_0256,2
GEO_R18_1024_1536,2
GEO_R18_1856_0640,2
GEO_R18_1856_0928,2
GEO_R18_2048_1408,2
GEO_R18_2208_0480,2
GEO_R18_1856_0992,2
GEO_R18_2304_1856,2
GEO_R18_1504_0576,2
GEO_R18_0320_1088,2
GEO_R18_1888_0320,2
GEO_R18_2240_1248,2
GEO_R18_1216_2368,2
GEO_R18_1792_0992,2
GEO_R18_0224_1664,2
GEO_R18_0416_1248,2
GEO_R18_1952_0704,2
GEO_R18_2240_1312,2
GEO_R18_0416_0256,2
GEO_R18_2240_0864,2
GEO_R18_0128_0224,2
GEO_R18_1472_0160,2
GEO_R18_0672_1856,2
GEO_R18_1920_0480,2
GEO_R18_1792_0096,2
GEO_R18_2112_0736,2
GEO_R18_2240_0640,2
GEO_R18_2208_1280,2
GEO_R18_1504_0704,2
GEO_R18_0032_0576,2
GEO_R18_1984_0800,2
GEO_R18_0544_0096,2
GEO_R18_0288_1088,2
GEO_R18_0320_0352,2
GEO_R18_2304_0064,2
GEO_R18_0480_0608,2
GEO_R18_0512_0512,2
GEO_R18_1280_2208,2
GEO_R18_1792_0320,2
GEO_R18_0032_0384,2
GEO_R18_1248_2080,2
GEO_R18_0800_1728,2
GEO_R18_1376_2336,2
GEO_R18_2080_0864,2
GEO_R18_2144_1216,2
GEO_R18_2336_0096,2
GEO_R18_1056_0128,2
GEO_R18_0064_0448,2
GEO_R18_0768_0352,2
GEO_R18_1952_2112,2
GEO_R18_2176_1024,2
GEO_R18_0224_0768,2
GEO_R18_0960_1504,2
GEO_R18_1856_0544,2
GEO_R18_1760_1120,2
GEO_R18_2016_0864,2
GEO_R18_1472_1856,0
GEO_R18_1568_0608,2
GEO_R18_2112_0544,2
GEO_R18_1120_2304,2
GEO_R18_1056_1824,2
GEO_R18_1984_0672,2
GEO_R18_0448_0320,2
GEO_R18_0096_2208,2
GEO_R18_2176_0704,2
GEO_R18_0832_2144,2
GEO_R18_0864_1824,2
GEO_R18_1504_0288,2
GEO_R18_1664_1536,2
GEO_R18_0192_1600,2
GEO_R18_0000_0512,2
GEO_R18_0128_1152,2
GEO_R18_1664_0288,2
GEO_R18_1216_2176,2
GEO_R18_2208_0512,2
GEO_R18_1152_2336,2
GEO_R18_1632_2240,2
GEO_R18_1504_1824,0
GEO_R18_1728_0416,2
GEO_R18_0928_2112,2
GEO_R18_0160_0224,2
GEO_R18_0704_0192,2
GEO_R18_0032_1056,2
GEO_R18_2208_0064,2
GEO_R18_0544_1600,2
GEO_R18_0480_1344,2
GEO_R18_1952_0800,2
GEO_R18_2208_0896,2
GEO_R18_0064_0384,2
GEO_R18_1120_0192,2
GEO_R18_0096_0192,2
GEO_R18_1376_0480,2
GEO_R18_2080_0032,2
GEO_R18_1216_0192,2
GEO_R18_0320_1536,2
GEO_R18_2048_1024,2
GEO_R18_2176_1440,2
GEO_R18_1248_1024,4
GEO_R18_2336_1152,2
GEO_R18_1536_0768,2
GEO_R18_2048_0704,2
GEO_R18_1344_1664,0
GEO_R18_2304_0672,2
GEO_R18_2176_0448,2
GEO_R18_1952_0160,2
GEO_R18_2112_0960,2
GEO_R18_1760_1152,2
GEO_R18_0192_1088,2
GEO_R18_0192_1344,2
GEO_R18_1760_0288,2
GEO_R18_1376_2112,2
GEO_R18_0480_0352,2
GEO_R18_0544_0352,2
GEO_R18_1792_0480,2
GEO_R18_1952_2368,2
GEO_R18_1856_0864,2
GEO_R18_1440_2208,2
GEO_R18_0576_1408,2
GEO_R18_1472_0864,2
GEO_R18_2240_1888,2
GEO_R18_0736_1792,2
GEO_R18_1504_2208,2
GEO_R18_2208_0128,2
GEO_R18_2176_2048,2
GEO_R18_0512_0256,2
GEO_R18_0544_0288,2
GEO_R18_0576_1952,2
GEO_R18_2240_0960,2
GEO_R18_2112_0160,2
GEO_R18_2368_0800,2
GEO_R18_0096_1280,3
GEO_R18_1184_2112,2
GEO_R18_2016_0224,2
GEO_R18_0992_0192,2
GEO_R18_0832_1792,2
GEO_R18_2208_0384,2
GEO_R18_0032_0480,2
GEO_R18_1952_2016,2
GEO_R18_1664_1216,2
GEO_R18_1792_0288,2
GEO_R18_1632_0512,2
GEO_R18_1920_0352,2
GEO_R18_1568_0544,2
GEO_R18_0416_0064,2
GEO_R18_2336_1376,2
GEO_R18_0608_0672,4
GEO_R18_0960_0256,2
GEO_R18_2016_2144,2
GEO_R18_2272_0480,2
GEO_R18_2144_1408,2
GEO_R18_0096_1088,2
GEO_R18_1376_2272,2
GEO_R18_1408_0800,2
GEO_R18_1856_1184,2
GEO_R18_0800_0640,2
GEO_R18_1696_0736,2
GEO_R18_2272_1120,2
GEO_R18_0768_2368,2
GEO_R18_2368_1152,2
GEO_R18_0832_1728,2
GEO_R18_2016_1088,2
GEO_R18_0320_0256,2
GEO_R18_1856_1984,2
GEO_R18_2240_1952,2
GEO_R18_2208_0864,2
GEO_R18_2080_2368,2
GEO_R18_0992_2144,2
GEO_R18_1312_1056,4
GEO_R18_2240_1472,2
GEO_R18_0800_1568,2
GEO_R18_0768_0000,2
GEO_R18_0416_1536,2
GEO_R18_2016_1248,2
GEO_R18_2240_1056,2
GEO_R18_2016_1120,2
GEO_R18_1728_0160,2
GEO_R18_0832_0416,2
GEO_R18_2240_0128,2
GEO_R18_0096_0736,2
GEO_R18_1408_0832,2
GEO_R18_1888_2208,2
GEO_R18_1696_1120,2
GEO_R18_0512_1120,4
GEO_R18_1856_0896,2
GEO_R18_1792_0768,2
GEO_R18_2304_0480,2
GEO_R18_1920_1888,2
GEO_R18_1344_0544,2
GEO_R18_1024_2144,2
GEO_R18_1568_0352,2
GEO_R18_1568_0448,2
GEO_R18_0992_1984,2
GEO_R18_0192_0224,2
GEO_R18_1056_0544,2
GEO_R18_2368_1280,2
GEO_R18_2272_1568,2
GEO_R18_0864_0960,4
GEO_R18_0448_0256,2
GEO_R18_1600_2304,2
GEO_R18_0288_1568,2
GEO_R18_1600_0768,2
GEO_R18_1056_2208,2
GEO_R18_1888_0576,2
GEO_R18_1248_0288,2
GEO_R18_2304_0000,2
GEO_R18_0928_1920,2
GEO_R18_1984_0736,2
GEO_R18_0000_0320,2
GEO_R18_1792_1184,2
GEO_R18_1280_1952,2
GEO_R18_0384_0224,2
GEO_R18_0160_0800,2
GEO_R18_1632_0544,2
GEO_R18_1664_0544,2
GEO_R18_1952_0128,2
GEO_R18_1824_1024,2
GEO_R18_1536_2304,2
GEO_R18_1792_0512,2
GEO_R18_1664_1504,2
GEO_R18_2176_0672,2
GEO_R18_0960_0320,2
GEO_R18_2176_0064,2
GEO_R18_0672_0224,2
GEO_R18_1504_0480,2
GEO_R18_0896_1696,2
GEO_R18_2368_1312,2
GEO_R18_1984_0224,2
GEO_R18_2208_1408,2
GEO_R18_2336_1056,2
GEO_R18_0704_0256,2
GEO_R18_0928_0288,2
GEO_R18_1920_0704,2
GEO_R18_1632_2368,2
GEO_R18_1152_0352,2
GEO_R18_0640_1856,2
GEO_R18_0000_1568,2
GEO_R18_2048_0544,2
GEO_R18_1792_0352,2
GEO_R18_1856_0128,2
GEO_R18_1920_1088,2
GEO_R18_1216_0384,2
GEO_R18_0128_2336,2
GEO_R18_0480_0512,2
GEO_R18_1504_0640,2
GEO_R18_1504_0544,2
GEO_R18_1888_0992,2
GEO_R18_0992_0160,2
GEO_R18_1824_0704,2
GEO_R18_1792_0608,2
GEO_R18_0480_0256,2
GEO_R18_1984_1088,2
GEO_R18_2368_1440,2
GEO_R18_2112_0384,2
GEO_R18_1472_2240,2
GEO_R18_2240_2176,2
GEO_R18_0800_2240,2
GEO_R18_1376_0544,2
GEO_R18_2272_1888,2
GEO_R18_0768_0576,2
GEO_R18_1152_0992,4
GEO_R18_2304_1152,2
GEO_R18_2176_2080,2
GEO_R18_0288_0288,2
GEO_R18_1664_1088,2
GEO_R18_1600_2240,2
GEO_R18_1856_1248,2
GEO_R18_2336_0704,2
GEO_R18_0160_0192,2
GEO_R18_1728_1184,2
GEO_R18_1728_0992,2
GEO_R18_1248_2336,2
GEO_R18_1696_1152,2
GEO_R18_0832_0544,2
GEO_R18_1120_0096,2
GEO_R18_1504_0384,2
GEO_R18_2016_2016,2
GEO_R18_2368_2112,2
GEO_R18_2240_1856,2
GEO_R18_2176_0416,2
GEO_R18_1760_1088,2
GEO_R18_1248_1376,4
GEO_R18_2144_1536,2
GEO_R18_2368_2016,2
GEO_R18_2304_0576,2
GEO_R18_2240_0736,2
GEO_R18_2240_1376,2
GEO_R18_0640_0704,4
GEO_R18_2112_1024,2
GEO_R18_0192_1696,2
GEO_R18_1440_0384,2
GEO_R18_0480_0384,2
GEO_R18_1632_1216,2
GEO_R18_0256_1056,2
GEO_R18_1088_2240,2
GEO_R18_0064_0128,2
GEO_R18_1536_0608,2
GEO_R18_1952_1952,2
GEO_R18_1920_2240,2
GEO_R18_0384_1536,2
GEO_R18_1920_2272,2
GEO_R18_1984_0576,2
GEO_R18_1952_1632,3
GEO_R18_1280_1056,4
GEO_R18_0960_1792,2
GEO_R18_1152_1152,4
GEO_R18_1824_0608,2
GEO_R18_1824_1184,2
GEO_R18_1984_1280,2
GEO_R18_0096_1408,2
GEO_R18_1696_0192,2
GEO_R18_0096_1120,2
GEO_R18_1728_1120,2
GEO_R18_1184_1056,4
GEO_R18_0448_1312,2
GEO_R18_0256_0320,2
GEO_R18_1856_1152,2
GEO_R18_2272_1696,2
GEO_R18_0224_0288,2
GEO_R18_0224_1056,2
GEO_R18_1888_0832,2
GEO_R18_0128_0800,2
GEO_R18_2368_0032,2
GEO_R18_1600_0800,2
GEO_R18_0896_1856,2
GEO_R18_1696_1024,2
GEO_R18_2016_0992,2
GEO_R18_1920_2304,2
GEO_R18_1344_0192,2
GEO_R18_0000_0544,2
GEO_R18_2208_2208,2
GEO_R18_0896_1888,2
GEO_R18_0800_1440,2
GEO_R18_0832_0128,2
GEO_R18_1824_0512,2
GEO_R18_0096_0128,2
GEO_R18_1824_1152,2
GEO_R18_2080_0736,2
GEO_R18_2112_0512,2
GEO_R18_2272_0768,2
GEO_R18_2048_2112,2
GEO_R18_2144_0992,2
GEO_R18_0352_1504,2
GEO_R18_0032_1152,2
GEO_R18_1760_1344,2
GEO_R18_2080_1376,2
GEO_R18_1600_1920,0
GEO_R18_0416_1504,2
GEO_R18_0512_1888,2
GEO_R18_2144_2080,2
GEO_R18_2272_1664,2
GEO_R18_1600_0608,2
GEO_R18_2304_0864,2
GEO_R18_1536_1568,2
GEO_R18_0256_0288,2
GEO_R18_1632_0256,2
GEO_R18_0768_0800,4
GEO_R18_0000_0576,2
GEO_R18_1792_0928,2
GEO_R18_0288_0192,2
GEO_R18_1408_1216,4
GEO_R18_1760_0352,2
GEO_R18_0320_0864,2
GEO_R18_0064_1376,2
GEO_R18_2304_1312,2
GEO_R18_0480_0128,2
GEO_R18_0288_0768,2
GEO_R18_0992_1536,2
GEO_R18_1120_0288,2
GEO_R18_0320_1504,2
GEO_R18_0480_0320,2
GEO_R18_0800_0608,2
GEO_R18_2272_0640,2
GEO_R18_2112_0992,2
GEO_R18_1024_1504,2
GEO_R18_1280_1856,2
GEO_R18_1504_2336,2
GEO_R18_1664_0352,2
GEO_R18_0096_0960,2
GEO_R18_2080_0512,2
GEO_R18_2208_2112,2
GEO_R18_1120_2272,2
GEO_R18_2336_1696,2
GEO_R18_1664_0128,2
GEO_R18_1696_0960,2
GEO_R18_1504_0512,2
GEO_R18_0864_1920,2
GEO_R18_0128_0736,2
GEO_R18_1248_1056,4
GEO_R18_1248_0256,2
GEO_R18_2144_1440,2
GEO_R18_2208_1120,2
GEO_R18_0480_0480,2
GEO_R18_1504_0672,2
GEO_R18_1696_1216,2
GEO_R18_1600_0160,2
GEO_R18_1472_0544,2
GEO_R18_1344_0384,2
GEO_R18_1184_0224,2
GEO_R18_0352_1472,2
GEO_R18_1088_0096,2
GEO_R18_1664_2368,2
GEO_R18_2048_2016,2
GEO_R18_0192_1472,2
GEO_R18_1952_0736,2
GEO_R18_1184_0192,2
GEO_R18_1920_2112,2
GEO_R18_0416_2240,2
GEO_R18_1984_1056,2
GEO_R18_2176_1408,2
GEO_R18_2240_2048,2
GEO_R18_0064_0416,2
GEO_R18_0864_0320,2
GEO_R18_2144_1248,2
GEO_R18_2208_1920,2
GEO_R18_1472_2272,2
GEO_R18_1568_0320,2
GEO_R18_0416_0288,2
GEO_R18_1920_0160,2
GEO_R18_0512_0416,2
GEO_R18_0160_1312,2
GEO_R18_1760_0320,2
GEO_R18_0032_1664,2
GEO_R18_1728_0064,2
GEO_R18_1248_0384,2
GEO_R18_0256_0256,2
GEO_R18_2048_0576,2
GEO_R18_1504_0320,2
GEO_R18_2016_0096,2
GEO_R18_1248_2112,2
GEO_R18_2240_0384,2
GEO_R18_1888_0000,2
GEO_R18_0960_2048,2
GEO_R18_1824_0384,2
GEO_R18_0128_2368,2
GEO_R18_1408_0320,2
GEO_R18_2368_1120,2
GEO_R18_1728_0320,2
GEO_R18_0192_0032,2
GEO_R18_1888_0128,2
GEO_R18_1888_0480,2
GEO_R18_0576_1632,2
GEO_R18_2304_0736,2
GEO_R18_1920_1024,2
GEO_R18_2048_2176,2
GEO_R18_1952_0928,2
GEO_R18_0160_0000,2
GEO_R18_0416_1280,2
GEO_R18_1952_0320,2
GEO_R18_1952_0640,2
GEO_R18_2176_1056,2
GEO_R18_0032_0704,2
GEO_R18_0128_1088,2
GEO_R18_1344_0512,2
GEO_R18_2336_1344,2
GEO_R18_0192_1568,2
GEO_R18_0480_0096,2
GEO_R18_2176_1184,2
GEO_R18_0448_1888,2
GEO_R18_1760_1056,2
GEO_R18_1504_0256,2
GEO_R18_0864_0032,2
GEO_R18_2304_1664,2
GEO_R18_0128_2304,2
GEO_R18_2208_1440,2
GEO_R18_0960_1920,2
GEO_R18_1632_1024,2
GEO_R18_1888_0768,2
GEO_R18_2016_0608,2
GEO_R18_0800_2208,2
GEO_R18_2208_0160,2
GEO_R18_0192_0320,2
GEO_R18_0064_0864,2
GEO_R18_1952_1984,2
GEO_R18_0448_1568,2
GEO_R18_1312_1024,4
GEO_R18_2016_0576,2
GEO_R18_1088_0320,2
GEO_R18_0064_0096,2
GEO_R18_1280_0416,2
GEO_R18_1696_0160,2
GEO_R18_0192_0800,2
GEO_R18_0960_0224,2
GEO_R18_2240_1120,2
GEO_R18_0096_0896,2
GEO_R18_1984_2272,2
GEO_R18_0160_0768,2
GEO_R18_0064_0672,2
GEO_R18_1888_1344,2
GEO_R18_0768_2208,2
GEO_R18_0544_0416,2
GEO_R18_0768_1440,2
GEO_R18_0448_0096,2
GEO_R18_2304_0128,2
GEO_R18_2016_2080,2
GEO_R18_2368_0448,2
GEO_R18_2368_0160,2
GEO_R18_0640_0320,2
GEO_R18_1696_0032,2
GEO_R18_1568_0160,2
GEO_R18_2240_0544,2
GEO_R18_1888_1312,2
GEO_R18_1856_0832,2
GEO_R18_1824_0576,2
GEO_R18_2208_1984,2
GEO_R18_0160_0160,2
GEO_R18_1472_2208,2
GEO_R18_0544_1696,2
GEO_R18_1984_0832,2
GEO_R18_2272_1152,2
GEO_R18_1120_0640,2
GEO_R18_1888_0032,2
GEO_R18_1984_0128,2
GEO_R18_0640_1632,2
GEO_R18_2176_0736,2
GEO_R18_2368_1632,2
GEO_R18_1472_1504,2
GEO_R18_0384_0320,2
GEO_R18_1504_0352,2
GEO_R18_2368_0736,2
GEO_R18_1792_1120,2
GEO_R18_1376_0320,2
GEO_R18_1920_0992,2
GEO_R18_0064_0768,2
GEO_R18_0000_0480,2
GEO_R18_0384_0384,2
GEO_R18_0416_0352,2
GEO_R18_0288_1504,2
GEO_R18_1632_2304,2
GEO_R18_1056_0320,2
GEO_R18_1728_0864,2
GEO_R18_0992_1824,2
GEO_R18_1760_0800,2
GEO_R18_2176_0928,2
GEO_R18_0512_0544,2
GEO_R18_2048_0736,2
GEO_R18_0000_0832,2
GEO_R18_0320_0736,2
GEO_R18_1664_0416,2
GEO_R18_1504_0896,2
GEO_R18_0544_1888,2
GEO_R18_2016_0672,2
GEO_R18_0608_1440,2
GEO_R18_0768_0544,2
GEO_R18_2144_0416,2
GEO_R18_2112_1408,2
GEO_R18_1216_2144,2
GEO_R18_1792_0256,2
GEO_R18_2272_1536,2
GEO_R18_0032_1600,2
GEO_R18_1536_0160,2
GEO_R18_1536_2336,2
GEO_R18_0704_0224,2
GEO_R18_1952_1216,2
GEO_R18_0480_1664,2
GEO_R18_1728_0096,2
GEO_R18_0448_2336,2
GEO_R18_2240_0576,2
GEO_R18_1792_1728,3
GEO_R18_1600_0544,2
GEO_R18_0224_0064,2
GEO_R18_1728_0576,2
GEO_R18_1696_0832,2
GEO_R18_1984_1472,2
GEO_R18_0640_1376,2
GEO_R18_1280_0256,2
GEO_R18_1888_2336,2
GEO_R18_1120_0448,2
GEO_R18_0032_0320,2
GEO_R18_0768_1792,2
GEO_R18_1984_0704,2
GEO_R18_0576_0128,2
GEO_R18_1184_0352,2
GEO_R18_2304_1536,2
GEO_R18_0736_1536,2
GEO_R18_1472_1824,0
GEO_R18_2176_1152,2
GEO_R18_0256_1536,2
GEO_R18_0576_0288,2
GEO_R18_0192_1312,2
GEO_R18_1728_0640,2
GEO_R18_0864_0608,2
GEO_R18_2240_1504,2
GEO_R18_2176_1248,2
GEO_R18_0064_0704,2
GEO_R18_0768_1536,2
GEO_R18_1248_2144,2
GEO_R18_1632_0672,2
GEO_R18_0512_1600,2
GEO_R18_0160_0256,2
GEO_R18_2144_0128,2
GEO_R18_1184_1088,4
GEO_R18_0512_1920,2
GEO_R18_2112_0480,2
GEO_R18_1888_0640,2
GEO_R18_2368_0768,2
GEO_R18_1312_0352,2
GEO_R18_1152_2304,2
GEO_R18_0128_0160,2
GEO_R18_1856_0800,2
GEO_R18_2048_1472,2
GEO_R18_1984_0864,2
GEO_R18_1472_0384,2
GEO_R18_2176_0128,2
GEO_R18_2176_2112,2
GEO_R18_1888_1920,2
GEO_R18_0160_1184,2
GEO_R18_1216_0416,2
GEO_R18_0192_0000,2
GEO_R18_0992_2048,2
GEO_R18_2240_0896,2
GEO_R18_0480_0224,2
GEO_R18_2368_2144,2
GEO_R18_1472_2336,2
GEO_R18_0128_0000,2
GEO_R18_0384_0288,2
GEO_R18_2016_1504,2
GEO_R18_2016_0960,2
GEO_R18_2368_2368,2
GEO_R18_0832_0576,2
GEO_R18_2016_1536,2
GEO_R18_1408_0384,2
GEO_R18_1728_0672,2
GEO_R18_1184_2144,2
GEO_R18_0544_0512,2
GEO_R18_0256_0160,2
GEO_R18_1248_1952,2
GEO_R18_1216_2272,2
GEO_R18_1632_1184,2
GEO_R18_2240_0448,2
GEO_R18_2336_0000,2
GEO_R18_0160_0896,2
GEO_R18_0544_0480,2
GEO_R18_0960_1952,2
GEO_R18_1984_0000,2
GEO_R18_0128_0864,2
GEO_R18_1536_0288,2
GEO_R18_0160_0928,2
GEO_R18_1600_1568,2
GEO_R18_1056_0832,4
GEO_R18_1472_0832,2
GEO_R18_2208_2144,2
GEO_R18_2272_0800,2
GEO_R18_1248_1248,4
GEO_R18_1984_0064,2
GEO_R18_0480_1632,2
GEO_R18_0224_1024,2
GEO_R18_1568_0256,2
GEO_R18_1792_1088,2
GEO_R18_0032_0672,2
GEO_R18_1056_0224,2
GEO_R18_2208_1344,2
GEO_R18_1568_0288,2
GEO_R18_0480_1792,2
GEO_R18_2304_1504,2
GEO_R18_1696_0480,2
GEO_R18_0224_1536,2
GEO_R18_0192_0128,2
GEO_R18_2112_0864,2
GEO_R18_0832_1504,2
GEO_R18_1952_2272,2
GEO_R18_0640_1888,2
GEO_R18_1344_0160,2
GEO_R18_1440_1824,0
GEO_R18_2112_1568,2
GEO_R18_0544_0192,2
GEO_R18_1920_0864,2
GEO_R18_1152_2240,2
GEO_R18_0096_2144,2
GEO_R18_0960_0032,2
GEO_R18_0288_2176,3
GEO_R18_0864_0064,2
GEO_R18_2176_1536,2
GEO_R18_1952_1088,2
GEO_R18_1312_1824,2
GEO_R18_1184_0288,2
GEO_R18_1184_0160,2
GEO_R18_1344_1696,0
GEO_R18_0864_1760,2
GEO_R18_1888_0704,2
GEO_R18_1664_0384,2
GEO_R18_0608_0288,2
GEO_R18_0480_0448,2
GEO_R18_0672_0160,2
GEO_R18_1952_0608,2
GEO_R18_1856_0352,2
GEO_R18_2272_1248,2
GEO_R18_2336_1312,2
GEO_R18_1568_0832,2
GEO_R18_1760_0096,2
GEO_R18_2240_1088,2
GEO_R18_0480_1312,2
GEO_R18_0096_1376,2
GEO_R18_0480_1056,4
GEO_R18_0544_1792,2
GEO_R18_0160_1536,2
GEO_R18_1760_0992,2
GEO_R18_1632_0384,2
GEO_R18_1568_0992,2
GEO_R18_0256_0704,2
GEO_R18_2176_0160,2
GEO_R18_2176_1472,2
GEO_R18_0768_1504,2
GEO_R18_0864_0352,2
GEO_R18_2304_1280,2
GEO_R18_1600_0576,2
GEO_R18_1184_1184,4
GEO_R18_0256_0192,2
GEO_R18_0384_0480,2
GEO_R18_0960_0288,2
GEO_R18_0448_1504,2
GEO_R18_1280_0960,4
GEO_R18_2208_0544,2
GEO_R18_0064_0800,2
GEO_R18_0800_1792,2
GEO_R18_1696_0544,2
GEO_R18_1792_1504,2
GEO_R18_1664_2176,2
GEO_R18_2208_0832,2
GEO_R18_1984_2048,2
GEO_R18_1792_0832,2
GEO_R18_2016_0704,2
GEO_R18_1696_1088,2
GEO_R18_0992_0352,2
GEO_R18_1952_2144,2
GEO_R18_2048_1088,2
GEO_R18_2176_0864,2
GEO_R18_0064_1184,2
GEO_R18_2048_0512,2
GEO_R18_2208_0704,2
GEO_R18_1440_0832,2
GEO_R18_2368_1184,2
GEO_R18_1856_1216,2
GEO_R18_2208_1824,2
GEO_R18_2080_0576,2
GEO_R18_0224_0096,2
GEO_R18_1600_2144,2
GEO_R18_1248_2368,2
GEO_R18_1568_2240,2
GEO_R18_0192_0160,2
GEO_R18_2208_0416,2
GEO_R18_0864_0864,4
GEO_R18_0576_1760,2
GEO_R18_1216_1024,4
GEO_R18_1824_0832,2
GEO_R18_1344_0352,2
GEO_R18_0864_1696,2
GEO_R18_1216_2336,2
GEO_R18_1824_0896,2
GEO_R18_0288_1152,2
GEO_R18_1536_0320,2
GEO_R18_0448_1664,2
GEO_R18_0672_2304,2
GEO_R18_0160_1024,2
GEO_R18_0576_1440,2
GEO_R18_0896_0544,2
GEO_R18_0448_0512,2
GEO_R18_1920_0032,2
GEO_R18_2112_1120,2
GEO_R18_1376_1056,4
GEO_R18_2144_1280,2
GEO_R18_1920_0384,2
GEO_R18_2240_0832,2
GEO_R18_1152_2368,2
GEO_R18_1376_1664,0
GEO_R18_1664_0704,2
GEO_R18_0192_1920,3
GEO_R18_0096_0032,2
GEO_R18_0896_0000,2
GEO_R18_0224_0352,2
GEO_R18_0512_0384,2
GEO_R18_1664_0736,2
GEO_R18_2272_2016,2
GEO_R18_2080_0192,2
GEO_R18_2176_0544,2
GEO_R18_0736_1824,2
GEO_R18_0576_0480,2
GEO_R18_0608_1856,2
GEO_R18_2272_2208,2
GEO_R18_1824_1984,2
GEO_R18_2368_0928,2
GEO_R18_1728_0800,2
GEO_R18_1920_0800,2
GEO_R18_0448_1376,2
GEO_R18_0448_0480,2
GEO_R18_1184_2208,2
GEO_R18_0576_0512,2
GEO_R18_1824_0544,2
GEO_R18_1696_1056,2
GEO_R18_0896_0928,4
GEO_R18_0352_1280,2
GEO_R18_1728_1088,2
GEO_R18_1984_0192,2
GEO_R18_0000_1184,2
GEO_R18_0000_0448,2
GEO_R18_0544_0320,2
GEO_R18_1600_0864,2
GEO_R18_2240_2112,2
GEO_R18_2368_1696,2
GEO_R18_1760_0000,2
GEO_R18_2112_1248,2
GEO_R18_0160_0832,2
GEO_R18_1376_1024,4
GEO_R18_2144_0384,2
GEO_R18_0448_2368,2
GEO_R18_2272_1504,2
GEO_R18_0928_1856,2
GEO_R18_1888_0192,2
GEO_R18_1888_1184,2
GEO_R18_0928_2048,2
GEO_R18_1760_0640,2
GEO_R18_1600_1024,2
GEO_R18_0128_2176,2
GEO_R18_0320_0224,2
GEO_R18_0224_1504,2
GEO_R18_1888_0608,2
GEO_R18_0352_0384,2
GEO_R18_0256_0864,2
GEO_R18_2080_1024,2
GEO_R18_1152_0160,2
GEO_R18_2240_0704,2
GEO_R18_1376_2304,2
GEO_R18_1856_2272,2
GEO_R18_0992_2240,2
GEO_R18_0768_1472,2
GEO_R18_0160_1088,2
GEO_R18_1856_1120,2
GEO_R18_2368_0896,2
GEO_R18_1504_1856,0
GEO_R18_0544_1376,2
GEO_R18_2240_0672,2
GEO_R18_1792_0896,2
GEO_R18_2112_0064,2
GEO_R18_1440_0320,2
GEO_R18_1152_0384,2
GEO_R18_0384_1248,2
GEO_R18_1696_1184,2
GEO_R18_0096_0224,2
GEO_R18_1024_2176,2
GEO_R18_2080_0800,2
GEO_R18_2144_1056,2
GEO_R18_1696_0800,2
GEO_R18_2304_0416,2
GEO_R18_1696_0672,2
GEO_R18_1216_0288,2
GEO_R18_0832_0096,2
GEO_R18_1632_0448,2
GEO_R18_0992_0128,2
GEO_R18_1632_0416,2
GEO_R18_2304_1344,2
GEO_R18_1536_0896,2
GEO_R18_0096_0672,2
GEO_R18_0736_2144,2
GEO_R18_2272_1984,2
GEO_R18_0992_1504,2
GEO_R18_1920_0960,2
GEO_R18_2304_2144,2
GEO_R18_0544_1152,4
GEO_R18_2144_0800,2
GEO_R18_1920_0320,2
GEO_R18_1504_0224,2
GEO_R18_2176_1344,2
GEO_R18_1760_0576,2
GEO_R18_0032_0640,2
GEO_R18_2048_1440,2
GEO_R18_2304_2176,2
GEO_R18_0864_0640,2
GEO_R18_1728_1056,2
GEO_R18_0192_0992,2
GEO_R18_1152_0128,2
GEO_R18_0288_0224,2
GEO_R18_1248_1856,2
GEO_R18_1152_0192,2
GEO_R18_1984_2112,2
GEO_R18_0064_0256,2
GEO_R18_0960_0160,2
GEO_R18_1664_1568,2
GEO_R18_0512_0480,2
GEO_R18_1824_0128,2
GEO_R18_1504_2144,2
GEO_R18_0608_0128,2
GEO_R18_1184_0480,2
GEO_R18_1024_1696,3
GEO_R18_2304_1120,2
GEO_R18_2144_1152,2
GEO_R18_1408_0736,2
GEO_R18_0672_0192,2
GEO_R18_2048_0384,2
GEO_R18_2368_2336,2
GEO_R18_1664_2272,2
GEO_R18_0544_0544,2
GEO_R18_1984_0992,2
GEO_R18_2336_2112,2
GEO_R18_1792_0032,2
GEO_R18_1184_0256,2
GEO_R18_1728_0512,2
GEO_R18_0480_1504,2
GEO_R18_1216_2208,2
GEO_R18_0352_1184,2
GEO_R18_0512_0032,2
GEO_R18_1664_0928,2
GEO_R18_1984_0448,2
GEO_R18_1888_0352,2
GEO_R18_0448_1536,2
GEO_R18_1728_0832,2
GEO_R18_2304_1696,2
GEO_R18_1664_0960,2
GEO_R18_2016_2048,2
GEO_R18_0032_1088,2
GEO_R18_1632_0288,2
GEO_R18_1056_0864,4
GEO_R18_2048_0416,2
GEO_R18_0480_0416,2
GEO_R18_0736_1472,2
GEO_R18_2016_0512,2
GEO_R18_2016_0288,2
GEO_R18_1440_1792,0
GEO_R18_0800_0576,2
GEO_R18_0128_0480,2
GEO_R18_0736_0000,2
GEO_R18_1472_0512,2
GEO_R18_2336_0544,2
GEO_R18_2272_0352,2
GEO_R18_1280_1024,4
GEO_R18_2304_0032,2
GEO_R18_0864_0800,4
GEO_R18_2208_1856,2
GEO_R18_1024_0160,2
GEO_R18_0480_1536,2
GEO_R18_2336_0064,2
GEO_R18_2368_1664,2
GEO_R18_2336_1984,2
GEO_R18_2048_0800,2
GEO_R18_0800_0864,4
GEO_R18_2176_0480,2
GEO_R18_1856_0672,2
GEO_R18_1152_0416,2
GEO_R18_1440_0704,2
GEO_R18_0128_1504,2
GEO_R18_0256_0896,2
GEO_R18_0128_0896,2
GEO_R18_2080_0704,2
GEO_R18_0032_0736,2
GEO_R18_1216_2080,2
GEO_R18_1280_1824,2
GEO_R18_0928_0000,2
GEO_R18_1536_1024,2
GEO_R18_2368_1472,2
GEO_R18_1024_2208,2
GEO_R18_1600_0352,2
GEO_R18_1216_2112,2
GEO_R18_2016_0032,2
GEO_R18_1824_1088,2
GEO_R18_1248_0992,4
GEO_R18_2176_0384,2
GEO_R18_1568_0512,2
GEO_R18_0864_0896,4
GEO_R18_1248_0448,2
GEO_R18_0512_0160,2
GEO_R18_0800_1504,2
GEO_R18_1088_0832,4
GEO_R18_2272_0864,2
GEO_R18_1824_1280,2
GEO_R18_1504_0736,2
GEO_R18_1760_0608,2
GEO_R18_2272_0928,2
GEO_R18_1760_0160,2
GEO_R18_1728_0224,2
GEO_R18_2112_1056,2
GEO_R18_2368_1248,2
GEO_R18_1184_2304,2
GEO_R18_1984_2080,2
GEO_R18_0832_0640,2
GEO_R18_1760_1024,2
GEO_R18_2016_0768,2
GEO_R18_1184_0416,2
GEO_R18_0512_1856,2
GEO_R18_1632_0736,2
GEO_R18_0192_0672,2
GEO_R18_0352_0448,2
GEO_R18_1696_0992,2
GEO_R18_2368_1888,2
GEO_R18_1952_0896,2
GEO_R18_1120_0128,2
GEO_R18_0672_0384,2
GEO_R18_1664_0864,2
GEO_R18_0512_1344,2
GEO_R18_1760_0224,2
GEO_R18_1312_1856,2
GEO_R18_1856_0000,2
GEO_R18_1536_2272,2
GEO_R18_2080_1120,2
GEO_R18_1568_2272,2
GEO_R18_1824_1216,2
GEO_R18_0576_1920,2
GEO_R18_2208_2336,2
GEO_R18_1728_0544,2
GEO_R18_0160_1504,2
GEO_R18_1920_0128,2
GEO_R18_1696_0224,2
GEO_R18_2144_0608,2
GEO_R18_1760_0416,2
GEO_R18_0672_0256,2
GEO_R18_0352_1216,2
GEO_R18_0704_1376,2
GEO_R18_1920_0640,2
GEO_R18_1760_1248,2
GEO_R18_0832_0896,4
GEO_R18_1376_0512,2
GEO_R18_0832_0832,4
GEO_R18_1408_2272,2
GEO_R18_1696_0896,2
GEO_R18_0992_0224,2
GEO_R18_2272_0384,2
GEO_R18_1760_1312,2
GEO_R18_0640_2016,2
GEO_R18_0288_0736,2
GEO_R18_1856_1280,2
GEO_R18_2304_0352,2
GEO_R18_0512_0192,2
GEO_R18_2240_1280,2
GEO_R18_2208_2080,2
GEO_R18_0160_1376,2
GEO_R18_0000_0704,2
GEO_R18_1248_0224,2
GEO_R18_0832_1952,2
GEO_R18_1056_0480,2
GEO_R18_2176_1504,2
GEO_R18_1280_0384,2
GEO_R18_1408_0288,2
GEO_R18_0416_1312,2
GEO_R18_2272_0096,2
GEO_R18_2368_1216,2
GEO_R18_2304_0832,2
GEO_R18_0704_0160,2
GEO_R18_2016_0384,2
GEO_R18_0512_1568,2
GEO_R18_1920_0416,2
GEO_R18_1824_2016,2
GEO_R18_1952_1344,2
GEO_R18_0832_0384,2
GEO_R18_0000_0416,2
GEO_R18_0128_0928,2
GEO_R18_1568_1280,4
GEO_R18_1024_2240,2
GEO_R18_2144_0864,2
GEO_R18_1088_0224,2
GEO_R18_1184_2336,2
GEO_R18_2080_0416,2
GEO_R18_0512_0288,2
GEO_R18_1888_1408,2
GEO_R18_1856_1696,3
GEO_R18_1536_0512,2
GEO_R18_1152_0224,2
GEO_R18_2304_0896,2
GEO_R18_1536_0480,2
GEO_R18_2240_1152,2
GEO_R18_0704_2144,2
GEO_R18_0064_0960,2
GEO_R18_1760_1216,2
GEO_R18_0544_0448,2
GEO_R18_2272_0704,2
GEO_R18_0064_0992,2
GEO_R18_2368_0416,2
GEO_R18_1824_0352,2
GEO_R18_0512_0096,2
GEO_R18_0384_0448,2
GEO_R18_2048_1120,2
GEO_R18_0864_0704,2
GEO_R18_2368_1984,2
GEO_R18_1920_0192,2
GEO_R18_0064_1088,2
GEO_R18_0480_1568,2
GEO_R18_1088_0192,2
GEO_R18_0960_1984,2
GEO_R18_2304_0768,2
GEO_R18_0128_0448,2
GEO_R18_1632_0192,2
GEO_R18_0448_0288,2
GEO_R18_0160_0704,2
GEO_R18_1344_1024,4
GEO_R18_1504_0864,2
GEO_R18_0864_0384,2
GEO_R18_1536_0192,2
GEO_R18_0032_0768,2
GEO_R18_2048_2368,2
GEO_R18_1856_0512,2
GEO_R18_1568_0800,2
GEO_R18_0704_1344,2
GEO_R18_2208_1152,2
GEO_R18_1696_0352,2
GEO_R18_1440_0224,2
GEO_R18_0736_0544,2
GEO_R18_1184_2240,2
GEO_R18_1600_0224,2
GEO_R18_0448_0448,2
GEO_R18_2080_0896,2
GEO_R18_1600_0256,2
GEO_R18_0608_0320,2
GEO_R18_1248_1216,4
GEO_R18_2336_0864,2
GEO_R18_1664_0480,2
GEO_R18_1536_0256,2
GEO_R18_0768_0608,2
GEO_R18_1536_0576,2
GEO_R18_2336_0896,2
GEO_R18_1824_0736,2
GEO_R18_0128_1376,2
GEO_R18_1888_2304,2
GEO_R18_1120_0160,2
GEO_R18_2112_0800,2
GEO_R18_0032_0448,2
GEO_R18_0480_1600,2
GEO_R18_1024_0128,2
GEO_R18_0896_0064,2
GEO_R18_0448_0032,2
GEO_R18_1472_2368,2
GEO_R18_2208_1504,2
GEO_R18_2368_0864,2
GEO_R18_2176_0576,2
GEO_R18_1824_0256,2
GEO_R18_1152_2272,2
GEO_R18_2080_0640,2
GEO_R18_0736_1504,2
GEO_R18_0448_0064,2
GEO_R18_1184_0992,4
GEO_R18_1888_1216,2
GEO_R18_1760_0512,2
GEO_R18_1920_1152,2
GEO_R18_1888_2368,2
GEO_R18_0000_1088,2
GEO_R18_1760_0448,2
GEO_R18_0096_2240,2
GEO_R18_2080_0448,2
GEO_R18_0192_0256,2
GEO_R18_1472_0224,2
GEO_R18_0928_0064,2
GEO_R18_0512_1312,2
GEO_R18_2016_0416,2
GEO_R18_2016_0064,2
GEO_R18_1632_0352,2
GEO_R18_1376_0384,2
GEO_R18_0832_0672,2
GEO_R18_1888_0512,2
GEO_R18_2080_2176,2
GEO_R18_0192_1440,2
GEO_R18_1888_1088,2
GEO_R18_1760_0832,2
GEO_R18_2080_0608,2
GEO_R18_0704_2368,2
GEO_R18_1856_1312,2
GEO_R18_0256_2176,3
GEO_R18_0224_0000,2
GEO_R18_0512_0128,2
GEO_R18_1440_2240,2
GEO_R18_2272_0320,2
GEO_R18_1728_1216,2
GEO_R18_0128_0640,2
GEO_R18_2304_0224,2
GEO_R18_1888_2176,2
GEO_R18_1760_0768,2
GEO_R18_0704_0000,2
GEO_R18_1088_2208,2
GEO_R18_1920_1184,2
GEO_R18_1408_1088,4
GEO_R18_1344_0448,2
GEO_R18_1056_0512,2
GEO_R18_0128_1056,2
GEO_R18_1120_2240,2
GEO_R18_0544_0160,2
GEO_R18_0640_0192,2
GEO_R18_1376_2080,2
GEO_R18_1920_1952,2
GEO_R18_1792_1216,2
GEO_R18_0832_2208,2
GEO_R18_2176_0800,2
GEO_R18_1120_0320,2
GEO_R18_0352_0320,2
GEO_R18_1344_1856,2
GEO_R18_1920_2336,2
GEO_R18_0704_2048,2
GEO_R18_1920_1920,2
GEO_R18_1728_0192,2
GEO_R18_2304_1184,2
GEO_R18_1856_2368,2
GEO_R18_1952_2240,2
GEO_R18_0352_0416,2
GEO_R18_0992_2016,2
GEO_R18_2336_2016,2
GEO_R18_2080_1440,2
GEO_R18_0640_0128,2
GEO_R18_0480_1440,2
GEO_R18_0032_1024,2
GEO_R18_0064_0160,2
GEO_R18_2016_0480,2
GEO_R18_0480_0032,2
GEO_R18_1920_0672,2
GEO_R18_1280_0992,4
GEO_R18_0160_1568,2
GEO_R18_2240_2080,2
GEO_R18_0800_0128,2
GEO_R18_0928_1824,2
GEO_R18_1920_1056,2
GEO_R18_0352_0224,2
GEO_R18_2208_1472,2
GEO_R18_0544_0128,2
GEO_R18_0544_1856,2
GEO_R18_1792_1056,2
GEO_R18_2016_0928,2
GEO_R18_2112_1088,2
GEO_R18_1664_1120,2
GEO_R18_0096_0544,2
GEO_R18_2208_0672,2
GEO_R18_1984_0032,2
GEO_R18_1984_0768,2
GEO_R18_2144_0480,2
GEO_R18_2080_0384,2
GEO_R18_1600_0480,2
GEO_R18_0960_1888,2
GEO_R18_1664_0320,2
GEO_R18_0768_2240,2
GEO_R18_0640_0000,2
GEO_R18_2208_0608,2
GEO_R18_0576_1664,2
GEO_R18_2304_1088,2
GEO_R18_2272_0576,2
GEO_R18_0448_1344,2
GEO_R18_1792_0160,2
GEO_R18_1792_0576,2
GEO_R18_1536_0832,2
GEO_R18_1440_0928,2
GEO_R18_2368_1408,2
GEO_R18_1920_1344,2
GEO_R18_1472_0704,2
GEO_R18_1984_0256,2
GEO_R18_0480_0288,2
GEO_R18_1728_0000,2
GEO_R18_1952_0192,2
GEO_R18_0256_1504,2
GEO_R18_0544_1760,2
GEO_R18_0128_1568,2
GEO_R18_2016_1952,2
GEO_R18_1792_0800,2
GEO_R18_2080_0992,2
GEO_R18_1152_1472,4
GEO_R18_0832_1760,2
GEO_R18_0864_0128,2
GEO_R18_1728_0352,2
GEO_R18_0608_1920,2
GEO_R18_0512_1760,2
GEO_R18_2272_0896,2
GEO_R18_1632_2208,2
GEO_R18_0832_2176,2
GEO_R18_1728_0960,2
GEO_R18_1696_0768,2
GEO_R18_1728_0128,2
GEO_R18_0032_0544,2
GEO_R18_1600_0192,2
GEO_R18_1440_0768,2
GEO_R18_1792_1152,2
GEO_R18_1664_1024,2
GEO_R18_1056_2176,2
GEO_R18_2016_0160,2
GEO_R18_0800_0064,2
GEO_R18_2240_2144,2
GEO_R18_1824_0288,2
GEO_R18_1280_0928,4
GEO_R18_0544_2240,3
GEO_R18_0032_1632,2
GEO_R18_1472_2304,2
GEO_R18_1920_0768,2
GEO_R18_0160_0640,2
GEO_R18_0096_2304,2
GEO_R18_1632_0320,2
GEO_R18_2336_0448,2
GEO_R18_0384_0928,2
GEO_R18_1856_0320,2
GEO_R18_1696_0448,2
GEO_R18_0896_0032,2
GEO_R18_1344_0288,2
GEO_R18_1152_0320,2
GEO_R18_0288_1120,2
GEO_R18_0096_2176,2
GEO_R18_1824_1120,2
GEO_R18_1600_0512,2
GEO_R18_1600_0320,2
GEO_R18_0096_0000,2
GEO_R18_1312_0448,2
GEO_R18_1696_0384,2
GEO_R18_0896_0576,2
GEO_R18_0512_2112,2
GEO_R18_1888_0736,2
GEO_R18_1312_0384,2
GEO_R18_0928_1888,2
GEO_R18_2272_1312,2
GEO_R18_0800_1824,2
GEO_R18_1344_0480,2
GEO_R18_2112_1440,2
GEO_R18_1120_1760,2
GEO_R18_2272_1856,2
GEO_R18_1920_0576,2
GEO_R18_1408_0256,2
GEO_R18_1760_0032,2
GEO_R18_1664_0992,2
GEO_R18_2240_0928,2
GEO_R18_0032_0416,2
GEO_R18_0448_1600,2
GEO_R18_0320_0288,2
GEO_R18_0800_0832,4
GEO_R18_2304_2208,2
GEO_R18_1568_0384,2
GEO_R18_1888_2240,2
GEO_R18_1696_0416,2
GEO_R18_0736_1440,2
GEO_R18_0000_0672,2
GEO_R18_2336_1504,2
GEO_R18_1664_2240,2
GEO_R18_1760_0960,2
GEO_R18_2144_1088,2
GEO_R18_1920_2368,2
GEO_R18_1504_0448,2
GEO_R18_1504_0928,2
GEO_R18_1952_0832,2
GEO_R18_1344_0576,2
GEO_R18_0736_2240,2
GEO_R18_0640_1920,2
GEO_R18_0288_1632,2
GEO_R18_0192_0288,2
GEO_R18_0576_0320,2
GEO_R18_0352_1248,2
GEO_R18_1824_0768,2
GEO_R18_0832_1568,2
GEO_R18_2048_0672,2
GEO_R18_1664_0256,2
GEO_R18_0416_0512,2
GEO_R18_2144_0704,2
GEO_R18_0416_1376,2
GEO_R18_1984_1024,2
GEO_R18_1408_2080,2
GEO_R18_1984_1248,2
GEO_R18_0864_0000,2
GEO_R18_0000_0384,2
GEO_R18_1888_1120,2
GEO_R18_0864_1888,2
GEO_R18_0480_2336,2
GEO_R18_1312_0416,2
GEO_R18_0832_0608,2
GEO_R18_2080_0544,2
GEO_R18_0864_0160,2
GEO_R18_2208_1536,2
GEO_R18_0416_0448,2
GEO_R18_2208_0576,2
GEO_R18_2080_1408,2
GEO_R18_0320_0416,2
GEO_R18_2144_0064,2
GEO_R18_2304_0320,2
GEO_R18_0480_0064,2
GEO_R18_0992_0320,2
GEO_R18_2144_0320,2
GEO_R18_2048_0832,2
GEO_R18_0000_0352,2
GEO_R18_1920_0000,2
GEO_R18_1952_0032,2
GEO_R18_2176_1312,2
GEO_R18_1056_0352,2
GEO_R18_2144_1504,2
GEO_R18_0512_1408,2
GEO_R18_0704_0384,2
GEO_R18_1888_0544,2
GEO_R18_0000_1024,2
GEO_R18_2240_2016,2
GEO_R18_0864_0544,2
GEO_R18_0352_0256,2
GEO_R18_2144_0896,2
GEO_R18_1696_0928,2
GEO_R18_0352_0480,2
GEO_R18_0768_1824,2
GEO_R18_0448_1408,2
GEO_R18_1536_0384,2
GEO_R18_1472_0736,2
GEO_R18_0160_1056,2
GEO_R18_0352_0928,2
GEO_R18_1792_0224,2
GEO_R18_0160_1472,2
GEO_R18_0864_1728,2
GEO_R18_1984_2304,2
GEO_R18_2112_0608,2
GEO_R18_1952_0576,2
GEO_R18_2016_0832,2
GEO_R18_0960_2080,2
GEO_R18_1440_0416,2
GEO_R18_0288_2208,3
GEO_R18_1792_0544,2
GEO_R18_0800_0096,2
GEO_R18_2144_0096,2
GEO_R18_2048_0192,2
GEO_R18_1184_0384,2
GEO_R18_1824_1248,2
GEO_R18_0192_1056,2
GEO_R18_2144_0736,2
GEO_R18_0288_0160,2
GEO_R18_0448_1440,2
GEO_R18_2304_0544,2
GEO_R18_1888_1664,3
GEO_R18_0544_1408,2
GEO_R18_2080_2336,2
GEO_R18_2080_0832,2
GEO_R18_2112_1824,2
GEO_R18_1856_1920,2
GEO_R18_0832_1536,2
GEO_R18_0864_0928,4
GEO_R18_0928_0032,2
GEO_R18_2144_2272,3
GEO_R18_1984_2144,2
GEO_R18_0448_0000,2
GEO_R18_0416_0384,2
GEO_R18_2016_0896,2
GEO_R18_1888_2144,2
GEO_R18_0576_0672,4
GEO_R18_0736_0576,2
GEO_R18_0416_2272,2
GEO_R18_2272_2144,2
GEO_R18_0864_0992,4
GEO_R18_1216_0480,2
GEO_R18_0544_0064,2
GEO_R18_1888_1056,2
GEO_R18_1472_0768,2
GEO_R18_0512_1792,2
GEO_R18_1440_0736,2
GEO_R18_1344_1056,4
GEO_R18_0992_1952,2
GEO_R18_0736_2368,2
GEO_R18_2144_0448,2
GEO_R18_2144_0960,2
GEO_R18_1632_0160,2
GEO_R18_1408_0768,2
GEO_R18_2336_0032,2
GEO_R18_1216_0320,2
GEO_R18_0128_0832,2
GEO_R18_0544_1344,2
GEO_R18_1184_1024,4
GEO_R18_0000_1056,2
GEO_R18_0608_0096,2
GEO_R18_1760_0384,2
GEO_R18_0064_0736,2
GEO_R18_1504_0608,2
GEO_R18_2368_0832,2
GEO_R18_0512_0608,2
GEO_R18_1248_0480,2
GEO_R18_0160_0672,2
GEO_R18_1664_0032,2
GEO_R18_1216_1216,4
GEO_R18_2272_1344,2
GEO_R18_0800_0800,4
GEO_R18_1824_1920,2
GEO_R18_1920_1216,2
GEO_R18_0672_2048,2
GEO_R18_0992_1792,2
GEO_R18_1440_1120,4
GEO_R18_2272_1088,2
GEO_R18_0032_1120,2
GEO_R18_1376_0704,2
GEO_R18_1440_2176,2
GEO_R18_0000_1664,2
GEO_R18_2176_0640,2
GEO_R18_1568_2176,2
GEO_R18_2176_1280,2
GEO_R18_2368_0608,2
GEO_R18_2208_0448,2
GEO_R18_2112_0320,2
GEO_R18_1664_0000,2
GEO_R18_1888_2272,2
GEO_R18_1504_0768,2
GEO_R18_1856_1952,2
GEO_R18_1376_0352,2
GEO_R18_2368_1344,2
GEO_R18_0608_0000,2
GEO_R18_1632_0640,2
GEO_R18_2368_0960,2
GEO_R18_0640_0096,2
GEO_R18_1664_2304,2
GEO_R18_2144_1568,2
GEO_R18_2368_1088,2
GEO_R18_0704_0736,4
GEO_R18_0640_2272,2
GEO_R18_2336_2240,2
GEO_R18_2176_1216,2
GEO_R18_1440_1248,4
GEO_R18_1664_0064,2
GEO_R18_0352_0896,2
GEO_R18_2112_0096,2
GEO_R18_2304_2016,2
GEO_R18_0544_1568,2
GEO_R18_2240_0096,2
GEO_R18_1760_0128,2
GEO_R18_2336_2080,2
GEO_R18_1824_0160,2
GEO_R18_0416_2368,2
GEO_R18_0224_0160,2
GEO_R18_0032_0608,2
GEO_R18_1376_0288,2
GEO_R18_0448_0384,2
GEO_R18_1664_2208,2
GEO_R18_1472_0256,2
GEO_R18_0096_2272,2
GEO_R18_1472_0192,2
GEO_R18_0096_0288,2
GEO_R18_1792_1024,2
GEO_R18_0160_0864,2
GEO_R18_1024_1824,2
GEO_R18_0544_1728,2
GEO_R18_0384_1184,2
GEO_R18_2368_1056,2
GEO_R18_0672_0736,4
GEO_R18_1952_0672,2
GEO_R18_0928_2080,2
GEO_R18_1472_0352,2
GEO_R18_0256_1280,2
GEO_R18_2176_0896,2
GEO_R18_1280_0224,2
GEO_R18_1216_2240,2
GEO_R18_1216_1120,4
GEO_R18_1696_0704,2
GEO_R18_1632_1056,2
GEO_R18_0608_1408,2
GEO_R18_0256_0224,2
GEO_R18_1536_2208,2
GEO_R18_1760_0192,2
GEO_R18_2048_2048,2
GEO_R18_1568_2304,2
GEO_R18_2336_1536,2
GEO_R18_1984_2016,2
GEO_R18_2112_0448,2
GEO_R18_2368_2240,2
GEO_R18_1760_2144,2
GEO_R18_0320_1120,2
GEO_R18_2048_1824,2
GEO_R18_1600_2208,2
GEO_R18_0480_1888,2
GEO_R18_2048_0864,2
GEO_R18_0320_1056,2
GEO_R18_1632_0832,2
GEO_R18_0064_0928,2
GEO_R18_2080_0160,2
GEO_R18_1600_0288,2
GEO_R18_1536_0864,2
GEO_R18_1440_0192,2
GEO_R18_2304_2272,2
GEO_R18_1024_2272,2
GEO_R18_1792_0384,2
GEO_R18_2016_0320,2
GEO_R18_2048_0480,2
GEO_R18_2336_1664,2
GEO_R18_2208_0096,2
GEO_R18_1856_0960,2
GEO_R18_0320_0320,2
GEO_R18_0640_0480,2
GEO_R18_0768_0768,4
GEO_R18_0544_1120,4
GEO_R18_0640_0288,2
GEO_R18_1088_0448,2
GEO_R18_1056_2240,2
GEO_R18_1952_0768,2
GEO_R18_1312_2176,2
GEO_R18_2240_1984,2
GEO_R18_1184_2368,2
GEO_R18_2144_0352,2
GEO_R18_2272_0448,2
GEO_R18_2048_0928,2
GEO_R18_1728_1024,2
GEO_R18_0224_0320,2
GEO_R18_1728_0032,2
GEO_R18_2048_0640,2
GEO_R18_0096_0384,2
GEO_R18_2240_1216,2
GEO_R18_2272_0832,2
GEO_R18_0960_1824,2
GEO_R18_0128_0288,2
GEO_R18_1920_2208,2
GEO_R18_1728_0608,2
GEO_R18_2208_1088,2
GEO_R18_1696_0000,2
GEO_R18_0640_1600,2
GEO_R18_2304_0096,2
GEO_R18_0512_0448,2
GEO_R18_1696_0512,2
GEO_R18_2048_0896,2
GEO_R18_1792_0128,2
GEO_R18_0320_1280,2
GEO_R18_2080_0768,2
GEO_R18_0224_0032,2
GEO_R18_1920_0832,2
GEO_R18_1984_0416,2
GEO_R18_1184_1216,4
GEO_R18_1664_1184,2
GEO_R18_1728_0768,2
GEO_R18_2176_2144,2
GEO_R18_0032_1184,2
GEO_R18_2208_0640,2
GEO_R18_2240_0480,2
GEO_R18_2304_1888,2
GEO_R18_2336_0576,2
GEO_R18_2240_1536,2
GEO_R18_1376_0992,4
GEO_R18_1760_0544,2
GEO_R18_1504_0416,2
GEO_R18_1728_0256,2
GEO_R18_1568_1600,2
GEO_R18_1632_2272,2
GEO_R18_0320_0384,2
GEO_R18_2176_0608,2
GEO_R18_1632_0800,2
GEO_R18_0480_1408,2
GEO_R18_0352_0288,2
GEO_R18_0640_2304,2
GEO_R18_0352_0736,2
GEO_R18_0608_1888,2
GEO_R18_1824_0864,2
GEO_R18_0128_0416,2
GEO_R18_1312_0992,4
GEO_R18_1120_1152,4
GEO_R18_0224_0192,2
GEO_R18_2272_0416,2
GEO_R18_0480_1824,2
GEO_R18_0992_0288,2
GEO_R18_0064_0896,2
GEO_R18_0096_0800,2
GEO_R18_0672_1376,2
GEO_R18_1632_0768,2
GEO_R18_1184_1120,4
GEO_R18_1120_0480,2
GEO_R18_2048_0160,2
GEO_R18_0768_1920,3
GEO_R18_0640_1408,2
GEO_R18_1632_0704,2
GEO_R18_2176_0512,2
GEO_R18_2016_1280,2
GEO_R18_1792_1248,2
GEO_R18_2208_2368,2
GEO_R18_0096_0256,2
GEO_R18_2048_0448,2
GEO_R18_2112_0576,2
GEO_R18_2016_1984,2
GEO_R18_1504_2240,2
GEO_R18_0096_0928,2
GEO_R18_0896_1824,2
GEO_R18_1856_2304,2
GEO_R18_0384_2240,2
GEO_R18_2016_0544,2
GEO_R18_2112_0352,2
GEO_R18_2272_2240,2
GEO_R18_0416_1344,2
GEO_R18_1472_0448,2
GEO_R18_2240_0608,2
GEO_R18_0864_0576,2
GEO_R18_0480_1856,2
GEO_R18_1856_0768,2
GEO_R18_1408_0352,2
GEO_R18_2208_2016,2
GEO_R18_2208_1376,2
GEO_R18_1984_1984,2
GEO_R18_2112_1376,2
GEO_R18_1920_0544,2
GEO_R18_1568_0192,2
GEO_R18_0192_1184,2
GEO_R18_1632_1120,2
GEO_R18_2272_1280,2
GEO_R18_1888_0960,2
GEO_R18_1120_0224,2
GEO_R18_1824_0320,2
GEO_R18_2080_1824,2
GEO_R18_1184_2272,2
GEO_R18_0160_1152,2
GEO_R18_1472_0416,2
GEO_R18_2368_0000,2
GEO_R18_0288_0896,2
GEO_R18_0256_1152,2
GEO_R18_1216_0448,2
GEO_R18_1984_0608,2
GEO_R18_0384_1472,2
GEO_R18_0512_0224,2
GEO_R18_1856_1024,2
GEO_R18_0128_0704,2
GEO_R18_0000_1632,2
GEO_R18_2016_1472,2
GEO_R18_1920_0736,2
GEO_R18_2208_0960,2
GEO_R18_1472_0960,2
GEO_R18_1152_0480,2
GEO_R18_0192_0960,2
GEO_R18_1504_0160,2
GEO_R18_1920_2176,2
GEO_R18_1856_0736,2
GEO_R18_0000_0608,2
GEO_R18_0384_0416,2
GEO_R18_1280_1920,2
GEO_R18_0128_1536,2
GEO_R18_2368_2080,2
GEO_R18_1472_0800,2
GEO_R18_1600_2176,2
GEO_R18_2176_1120,2
GEO_R18_0160_1600,2
GEO_R18_0896_0096,2
GEO_R18_0960_2016,2
GEO_R18_2240_1344,2
GEO_R18_1952_1120,2
GEO_R18_1920_1248,2
GEO_R18_1248_1888,2
GEO_R18_1728_0928,2
GEO_R18_1600_0832,2
GEO_R18_1568_1024,2
GEO_R18_1824_0800,2
GEO_R18_2272_2176,2
GEO_R18_2272_0672,2
GEO_R18_2240_0064,2
GEO_R18_2144_0160,2
GEO_R18_0576_1984,2
GEO_R18_1024_0192,2
GEO_R18_1760_0480,2
GEO_R18_1984_0960,2
GEO_NR01_0000_0000,2
GEO_NR01_0000_0032,2
GEO_NR01_0000_0064,2
GEO_NR01_0000_0096,2
GEO_NR01_0000_0128,2
GEO_NR01_0000_0160,2
GEO_NR01_0000_0288,2
GEO_NR01_0000_0320,2
GEO_NR01_0032_0000,2
GEO_NR01_0032_0032,2
GEO_NR01_0032_0064,2
GEO_NR01_0032_0288,2
GEO_NR01_0032_0320,2
GEO_NR01_0032_0352,2
GEO_NR01_0032_1728,2
GEO_NR01_0032_1760,2
GEO_NR01_0032_2080,0
GEO_NR01_0064_0224,2
GEO_NR01_0064_0256,2
GEO_NR01_0064_0288,2
GEO_NR01_0064_0320,2
GEO_NR01_0064_0352,2
GEO_NR01_0064_0384,2
GEO_NR01_0064_1728,2
GEO_NR01_0064_1760,2
GEO_NR01_0064_2112,0
GEO_NR01_0096_0256,2
GEO_NR01_0096_0288,2
GEO_NR01_0096_0320,2
GEO_NR01_0128_0128,0
GEO_NR01_0128_0160,0
GEO_NR01_0128_0512,0
GEO_NR01_0128_1472,0
GEO_NR01_0128_1504,0
GEO_NR01_0160_0032,0
GEO_NR01_0160_0064,0
GEO_NR01_0160_0096,0
GEO_NR01_0160_0128,0
GEO_NR01_0160_0160,0
GEO_NR01_0160_0192,0
GEO_NR01_0160_0224,0
GEO_NR01_0160_0320,0
GEO_NR01_0160_0352,0
GEO_NR01_0160_0384,0
GEO_NR01_0160_0416,0
GEO_NR01_0160_0448,0
GEO_NR01_0160_0480,0
GEO_NR01_0160_0512,0
GEO_NR01_0160_0544,0
GEO_NR01_0160_1472,0
GEO_NR01_0160_1504,0
GEO_NR01_0192_0000,0
GEO_NR01_0192_0064,0
GEO_NR01_0192_0096,0
GEO_NR01_0192_0128,0
GEO_NR01_0192_0160,0
GEO_NR01_0192_0192,0
GEO_NR01_0192_0224,0
GEO_NR01_0192_0256,0
GEO_NR01_0192_0288,0
GEO_NR01_0192_0320,0
GEO_NR01_0192_0352,0
GEO_NR01_0192_0384,0
GEO_NR01_0192_0416,0
GEO_NR01_0192_0448,0
GEO_NR01_0192_0480,0
GEO_NR01_0192_0512,0
GEO_NR01_0192_1440,0
GEO_NR01_0192_1472,0
GEO_NR01_0192_1504,0
GEO_NR01_0192_1536,0
GEO_NR01_0224_0000,0
GEO_NR01_0224_0032,0
GEO_NR01_0224_0064,0
GEO_NR01_0224_0096,0
GEO_NR01_0224_0128,0
GEO_NR01_0224_0160,0
GEO_NR01_0224_0192,0
GEO_NR01_0224_0224,0
GEO_NR01_0224_0256,0
GEO_NR01_0224_0288,0
GEO_NR01_0224_0320,0
GEO_NR01_0224_0352,0
GEO_NR01_0224_0384,0
GEO_NR01_0224_0416,0
GEO_NR01_0224_0448,0
GEO_NR01_0224_0480,0
GEO_NR01_0224_0512,0
GEO_NR01_0224_0544,0
GEO_NR01_0224_0672,0
GEO_NR01_0224_0704,0
GEO_NR01_0224_0736,0
GEO_NR01_0224_0768,0
GEO_NR01_0224_0832,0
GEO_NR01_0224_0864,0
GEO_NR01_0224_1056,0
GEO_NR01_0224_1536,0
GEO_NR01_0224_1632,0
GEO_NR01_0224_1664,0
GEO_NR01_0224_1696,0
GEO_NR01_0256_0000,0
GEO_NR01_0256_0032,0
GEO_NR01_0256_0064,0
GEO_NR01_0256_0096,0
GEO_NR01_0256_0128,0
GEO_NR01_0256_0160,0
GEO_NR01_0256_0192,0
GEO_NR01_0256_0224,0
GEO_NR01_0256_0256,0
GEO_NR01_0256_0288,0
GEO_NR01_0256_0320,0
GEO_NR01_0256_0352,0
GEO_NR01_0256_0384,0
GEO_NR01_0256_0416,0
GEO_NR01_0256_0448,0
GEO_NR01_0256_0480,0
GEO_NR01_0256_0512,0
GEO_NR01_0256_0544,0
GEO_NR01_0256_0576,0
GEO_NR01_0256_0704,0
GEO_NR01_0256_0736,0
GEO_NR01_0256_0768,0
GEO_NR01_0256_0800,0
GEO_NR01_0256_0832,0
GEO_NR01_0256_0864,0
GEO_NR01_0256_1056,0
GEO_NR01_0256_1248,0
GEO_NR01_0256_1280,0
GEO_NR01_0256_1632,0
GEO_NR01_0256_1664,0
GEO_NR01_0256_1696,0
GEO_NR01_0256_1728,0
GEO_NR01_0256_1952,0
GEO_NR01_0288_0000,0
GEO_NR01_0288_0032,0
GEO_NR01_0288_0064,0
GEO_NR01_0288_0096,0
GEO_NR01_0288_0128,0
GEO_NR01_0288_0160,0
GEO_NR01_0288_0192,0
GEO_NR01_0288_0224,0
GEO_NR01_0288_0256,0
GEO_NR01_0288_0288,0
GEO_NR01_0288_0320,0
GEO_NR01_0288_0352,0
GEO_NR01_0288_0384,0
GEO_NR01_0288_0416,0
GEO_NR01_0288_0448,0
GEO_NR01_0288_0480,0
GEO_NR01_0288_0512,0
GEO_NR01_0288_0544,0
GEO_NR01_0288_0576,0
GEO_NR01_0288_0608,0
GEO_NR01_0288_0640,0
GEO_NR01_0288_0672,0
GEO_NR01_0288_0704,0
GEO_NR01_0288_0736,0
GEO_NR01_0288_0768,0
GEO_NR01_0288_0864,0
GEO_NR01_0288_0896,0
GEO_NR01_0288_0960,0
GEO_NR01_0288_0992,0
GEO_NR01_0288_1088,0
GEO_NR01_0288_1120,0
GEO_NR01_0288_1280,0
GEO_NR01_0288_1312,0
GEO_NR01_0288_1536,0
GEO_NR01_0288_1664,0
GEO_NR01_0288_1760,0
GEO_NR01_0288_1888,0
GEO_NR01_0288_1920,0
GEO_NR01_0288_1952,0
GEO_NR01_0288_1984,0
GEO_NR01_0288_2016,0
GEO_NR01_0288_2048,0
GEO_NR01_0320_0000,0
GEO_NR01_0320_0032,0
GEO_NR01_0320_0064,0
GEO_NR01_0320_0096,0
GEO_NR01_0320_0128,0
GEO_NR01_0320_0160,0
GEO_NR01_0320_0192,0
GEO_NR01_0320_0224,0
GEO_NR01_0320_0256,0
GEO_NR01_0320_0288,0
GEO_NR01_0320_0320,0
GEO_NR01_0320_0352,0
GEO_NR01_0320_0384,0
GEO_NR01_0320_0416,0
GEO_NR01_0320_0448,0
GEO_NR01_0320_0480,0
GEO_NR01_0320_0512,0
GEO_NR01_0320_0544,0
GEO_NR01_0320_0576,0
GEO_NR01_0320_0608,0
GEO_NR01_0320_0640,0
GEO_NR01_0320_0672,0
GEO_NR01_0320_0704,0
GEO_NR01_0320_0736,0
GEO_NR01_0320_0896,0
GEO_NR01_0320_0928,0
GEO_NR01_0320_0960,0
GEO_NR01_0320_0992,0
GEO_NR01_0320_1120,0
GEO_NR01_0320_1664,0
GEO_NR01_0320_1760,0
GEO_NR01_0320_1792,0
GEO_NR01_0320_1824,0
GEO_NR01_0320_1856,0
GEO_NR01_0320_1888,0
GEO_NR01_0320_1920,0
GEO_NR01_0320_2016,0
GEO_NR01_0320_2048,0
GEO_NR01_0352_0000,0
GEO_NR01_0352_0032,0
GEO_NR01_0352_0064,0
GEO_NR01_0352_0096,0
GEO_NR01_0352_0128,0
GEO_NR01_0352_0160,0
GEO_NR01_0352_0192,0
GEO_NR01_0352_0224,0
GEO_NR01_0352_0256,0
GEO_NR01_0352_0288,0
GEO_NR01_0352_0320,0
GEO_NR01_0352_0352,0
GEO_NR01_0352_0384,0
GEO_NR01_0352_0416,0
GEO_NR01_0352_0448,0
GEO_NR01_0352_0480,0
GEO_NR01_0352_0512,0
GEO_NR01_0352_0544,0
GEO_NR01_0352_0576,0
GEO_NR01_0352_0608,0
GEO_NR01_0352_0640,0
GEO_NR01_0352_0672,0
GEO_NR01_0352_0704,0
GEO_NR01_0352_0736,0
GEO_NR01_0352_0896,0
GEO_NR01_0352_0928,0
GEO_NR01_0352_0960,0
GEO_NR01_0352_0992,0
GEO_NR01_0352_1120,0
GEO_NR01_0352_1152,0
GEO_NR01_0352_1184,0
GEO_NR01_0352_1216,0
GEO_NR01_0352_1248,0
GEO_NR01_0352_1280,0
GEO_NR01_0352_1632,0
GEO_NR01_0352_1664,0
GEO_NR01_0352_1696,0
GEO_NR01_0352_1728,0
GEO_NR01_0352_1760,0
GEO_NR01_0352_1792,0
GEO_NR01_0352_1824,0
GEO_NR01_0352_1856,0
GEO_NR01_0352_1888,0
GEO_NR01_0352_1920,0
GEO_NR01_0352_2016,0
GEO_NR01_0352_2048,0
GEO_NR01_0352_2080,0
GEO_NR01_0352_2112,0
GEO_NR01_0352_2144,0
GEO_NR01_0352_2176,0
GEO_NR01_0352_2272,0
GEO_NR01_0384_0000,0
GEO_NR01_0384_0032,0
GEO_NR01_0384_0064,0
GEO_NR01_0384_0096,0
GEO_NR01_0384_0128,0
GEO_NR01_0384_0160,0
GEO_NR01_0384_0192,0
GEO_NR01_0384_0224,0
GEO_NR01_0384_0256,0
GEO_NR01_0384_0288,0
GEO_NR01_0384_0320,0
GEO_NR01_0384_0352,0
GEO_NR01_0384_0448,0
GEO_NR01_0384_0480,0
GEO_NR01_0384_0512,0
GEO_NR01_0384_0544,0
GEO_NR01_0384_0576,0
GEO_NR01_0384_0608,0
GEO_NR01_0384_0640,0
GEO_NR01_0384_0672,0
GEO_NR01_0384_0704,0
GEO_NR01_0384_0736,0
GEO_NR01_0384_0768,0
GEO_NR01_0384_0800,0
GEO_NR01_0384_0832,0
GEO_NR01_0384_0864,0
GEO_NR01_0384_0896,0
GEO_NR01_0384_0928,0
GEO_NR01_0384_0960,0
GEO_NR01_0384_0992,0
GEO_NR01_0384_1088,0
GEO_NR01_0384_1120,0
GEO_NR01_0384_1152,0
GEO_NR01_0384_1184,0
GEO_NR01_0384_1216,0
GEO_NR01_0384_1248,0
GEO_NR01_0384_1280,0
GEO_NR01_0384_1312,0
GEO_NR01_0384_1600,0
GEO_NR01_0384_1632,0
GEO_NR01_0384_1664,0
GEO_NR01_0384_1696,0
GEO_NR01_0384_1728,0
GEO_NR01_0384_1760,0
GEO_NR01_0384_1792,0
GEO_NR01_0384_1824,0
GEO_NR01_0384_1856,0
GEO_NR01_0384_1888,0
GEO_NR01_0384_1920,0
GEO_NR01_0384_1952,0
GEO_NR01_0384_1984,0
GEO_NR01_0384_2048,0
GEO_NR01_0384_2080,0
GEO_NR01_0384_2112,0
GEO_NR01_0384_2144,0
GEO_NR01_0384_2176,0
GEO_NR01_0384_2208,0
GEO_NR01_0384_2240,0
GEO_NR01_0384_2400,0
GEO_NR01_0416_0000,0
GEO_NR01_0416_0032,0
GEO_NR01_0416_0064,0
GEO_NR01_0416_0096,0
GEO_NR01_0416_0128,0
GEO_NR01_0416_0160,0
GEO_NR01_0416_0192,0
GEO_NR01_0416_0224,0
GEO_NR01_0416_0256,0
GEO_NR01_0416_0288,0
GEO_NR01_0416_0320,0
GEO_NR01_0416_0480,0
GEO_NR01_0416_0512,0
GEO_NR01_0416_0544,0
GEO_NR01_0416_0576,0
GEO_NR01_0416_0608,0
GEO_NR01_0416_0640,0
GEO_NR01_0416_0672,0
GEO_NR01_0416_0704,0
GEO_NR01_0416_0736,0
GEO_NR01_0416_0768,0
GEO_NR01_0416_0800,0
GEO_NR01_0416_0832,0
GEO_NR01_0416_0864,0
GEO_NR01_0416_0896,0
GEO_NR01_0416_0928,0
GEO_NR01_0416_0960,0
GEO_NR01_0416_0992,0
GEO_NR01_0416_1024,0
GEO_NR01_0416_1056,0
GEO_NR01_0416_1088,0
GEO_NR01_0416_1120,0
GEO_NR01_0416_1248,0
GEO_NR01_0416_1280,0
GEO_NR01_0416_1312,0
GEO_NR01_0416_1344,0
GEO_NR01_0416_1568,0
GEO_NR01_0416_1600,0
GEO_NR01_0416_1632,0
GEO_NR01_0416_1664,0
GEO_NR01_0416_1696,0
GEO_NR01_0416_1728,0
GEO_NR01_0416_1760,0
GEO_NR01_0416_1792,0
GEO_NR01_0416_1824,0
GEO_NR01_0416_1856,0
GEO_NR01_0416_1888,0
GEO_NR01_0416_2080,0
GEO_NR01_0416_2112,0
GEO_NR01_0416_2144,0
GEO_NR01_0416_2176,0
GEO_NR01_0416_2208,0
GEO_NR01_0416_2240,0
GEO_NR01_0448_0000,0
GEO_NR01_0448_0032,0
GEO_NR01_0448_0064,0
GEO_NR01_0448_0096,0
GEO_NR01_0448_0128,0
GEO_NR01_0448_0160,0
GEO_NR01_0448_0192,0
GEO_NR01_0448_0224,0
GEO_NR01_0448_0256,0
GEO_NR01_0448_0288,0
GEO_NR01_0448_0320,0
GEO_NR01_0448_0480,0
GEO_NR01_0448_0512,0
GEO_NR01_0448_0544,0
GEO_NR01_0448_0576,0
GEO_NR01_0448_0608,0
GEO_NR01_0448_0640,0
GEO_NR01_0448_0672,0
GEO_NR01_0448_0704,0
GEO_NR01_0448_0736,0
GEO_NR01_0448_0768,0
GEO_NR01_0448_0800,0
GEO_NR01_0448_0832,0
GEO_NR01_0448_0864,0
GEO_NR01_0448_0896,0
GEO_NR01_0448_0928,0
GEO_NR01_0448_0960,0
GEO_NR01_0448_0992,0
GEO_NR01_0448_1024,0
GEO_NR01_0448_1056,0
GEO_NR01_0448_1088,0
GEO_NR01_0448_1120,0
GEO_NR01_0448_1312,0
GEO_NR01_0448_1344,0
GEO_NR01_0448_1376,0
GEO_NR01_0448_1472,0
GEO_NR01_0448_1504,0
GEO_NR01_0448_1600,0
GEO_NR01_0448_1632,0
GEO_NR01_0448_1664,0
GEO_NR01_0448_1696,0
GEO_NR01_0448_1760,0
GEO_NR01_0448_1792,0
GEO_NR01_0448_1824,0
GEO_NR01_0448_1856,0
GEO_NR01_0448_2112,0
GEO_NR01_0448_2144,0
GEO_NR01_0448_2176,0
GEO_NR01_0448_2208,0
GEO_NR01_0448_2240,0
GEO_NR01_0448_2336,0
GEO_NR01_0448_2368,0
GEO_NR01_0480_0000,0
GEO_NR01_0480_0032,0
GEO_NR01_0480_0064,0
GEO_NR01_0480_0096,0
GEO_NR01_0480_0128,0
GEO_NR01_0480_0160,0
GEO_NR01_0480_0192,0
GEO_NR01_0480_0224,0
GEO_NR01_0480_0256,0
GEO_NR01_0480_0288,0
GEO_NR01_0480_0320,0
GEO_NR01_0480_0448,0
GEO_NR01_0480_0480,0
GEO_NR01_0480_0512,0
GEO_NR01_0480_0544,0
GEO_NR01_0480_0576,0
GEO_NR01_0480_0608,0
GEO_NR01_0480_0640,0
GEO_NR01_0480_0672,0
GEO_NR01_0480_0704,0
GEO_NR01_0480_0736,0
GEO_NR01_0480_0768,0
GEO_NR01_0480_0800,0
GEO_NR01_0480_0832,0
GEO_NR01_0480_0864,0
GEO_NR01_0480_0896,0
GEO_NR01_0480_0928,0
GEO_NR01_0480_0960,0
GEO_NR01_0480_0992,0
GEO_NR01_0480_1024,0
GEO_NR01_0480_1056,0
GEO_NR01_0480_1088,0
GEO_NR01_0480_1120,0
GEO_NR01_0480_1152,0
GEO_NR01_0480_1184,0
GEO_NR01_0480_1216,0
GEO_NR01_0480_1344,0
GEO_NR01_0480_1376,0
GEO_NR01_0480_1440,0
GEO_NR01_0480_1472,0
GEO_NR01_0480_1504,0
GEO_NR01_0480_1536,0
GEO_NR01_0480_1568,0
GEO_NR01_0480_1600,0
GEO_NR01_0480_1632,0
GEO_NR01_0480_1664,0
GEO_NR01_0480_1696,0
GEO_NR01_0480_1824,0
GEO_NR01_0480_2112,0
GEO_NR01_0480_2144,0
GEO_NR01_0480_2176,0
GEO_NR01_0480_2208,0
GEO_NR01_0480_2304,0
GEO_NR01_0480_2336,0
GEO_NR01_0480_2368,0
GEO_NR01_0512_0000,0
GEO_NR01_0512_0032,0
GEO_NR01_0512_0064,0
GEO_NR01_0512_0096,0
GEO_NR01_0512_0128,0
GEO_NR01_0512_0160,0
GEO_NR01_0512_0192,0
GEO_NR01_0512_0224,0
GEO_NR01_0512_0256,0
GEO_NR01_0512_0288,0
GEO_NR01_0512_0320,0
GEO_NR01_0512_0352,0
GEO_NR01_0512_0384,0
GEO_NR01_0512_0416,0
GEO_NR01_0512_0448,0
GEO_NR01_0512_0480,0
GEO_NR01_0512_0608,0
GEO_NR01_0512_0640,0
GEO_NR01_0512_0672,0
GEO_NR01_0512_0704,0
GEO_NR01_0512_0800,0
GEO_NR01_0512_0832,0
GEO_NR01_0512_0864,0
GEO_NR01_0512_0896,0
GEO_NR01_0512_0928,0
GEO_NR01_0512_0960,0
GEO_NR01_0512_0992,0
GEO_NR01_0512_1024,0
GEO_NR01_0512_1056,0
GEO_NR01_0512_1088,0
GEO_NR01_0512_1120,0
GEO_NR01_0512_1152,0
GEO_NR01_0512_1184,0
GEO_NR01_0512_1216,0
GEO_NR01_0512_1248,0
GEO_NR01_0512_1280,0
GEO_NR01_0512_1312,0
GEO_NR01_0512_1344,0
GEO_NR01_0512_1376,0
GEO_NR01_0512_1408,0
GEO_NR01_0512_1440,0
GEO_NR01_0512_1472,0
GEO_NR01_0512_1504,0
GEO_NR01_0512_1536,0
GEO_NR01_0512_1664,0
GEO_NR01_0512_1696,0
GEO_NR01_0512_1728,0
GEO_NR01_0512_1760,0
GEO_NR01_0544_0000,0
GEO_NR01_0544_0032,0
GEO_NR01_0544_0064,0
GEO_NR01_0544_0096,0
GEO_NR01_0544_0128,0
GEO_NR01_0544_0160,0
GEO_NR01_0544_0192,0
GEO_NR01_0544_0224,0
GEO_NR01_0544_0256,0
GEO_NR01_0544_0288,0
GEO_NR01_0544_0320,0
GEO_NR01_0544_0352,0
GEO_NR01_0544_0384,0
GEO_NR01_0544_0416,0
GEO_NR01_0544_0448,0
GEO_NR01_0544_0480,0
GEO_NR01_0544_0928,0
GEO_NR01_0544_0960,0
GEO_NR01_0544_0992,0
GEO_NR01_0544_1024,0
GEO_NR01_0544_1056,0
GEO_NR01_0544_1088,0
GEO_NR01_0544_1120,0
GEO_NR01_0544_1152,0
GEO_NR01_0544_1184,0
GEO_NR01_0544_1216,0
GEO_NR01_0544_1248,0
GEO_NR01_0544_1280,0
GEO_NR01_0544_1312,0
GEO_NR01_0544_1344,0
GEO_NR01_0544_1376,0
GEO_NR01_0544_1408,0
GEO_NR01_0544_1440,0
GEO_NR01_0544_1696,0
GEO_NR01_0544_1728,0
GEO_NR01_0544_1760,0
GEO_NR01_0544_1792,0
GEO_NR01_0544_1824,0
GEO_NR01_0544_1856,0
GEO_NR01_0544_1888,0
GEO_NR01_0544_1920,0
GEO_NR01_0544_2208,0
GEO_NR01_0544_2240,0
GEO_NR01_0544_2272,0
GEO_NR01_0544_2304,0
GEO_NR01_0576_0000,0
GEO_NR01_0576_0032,0
GEO_NR01_0576_0064,0
GEO_NR01_0576_0096,0
GEO_NR01_0576_0128,0
GEO_NR01_0576_0160,0
GEO_NR01_0576_0192,0
GEO_NR01_0576_0224,0
GEO_NR01_0576_0256,0
GEO_NR01_0576_0288,0
GEO_NR01_0576_0320,0
GEO_NR01_0576_0352,0
GEO_NR01_0576_0384,0
GEO_NR01_0576_0416,0
GEO_NR01_0576_0448,0
GEO_NR01_0576_0480,0
GEO_NR01_0576_0928,0
GEO_NR01_0576_0960,0
GEO_NR01_0576_0992,0
GEO_NR01_0576_1024,0
GEO_NR01_0576_1056,0
GEO_NR01_0576_1088,0
GEO_NR01_0576_1120,0
GEO_NR01_0576_1152,0
GEO_NR01_0576_1184,0
GEO_NR01_0576_1216,0
GEO_NR01_0576_1248,0
GEO_NR01_0576_1280,0
GEO_NR01_0576_1312,0
GEO_NR01_0576_1344,0
GEO_NR01_0576_1376,0
GEO_NR01_0576_1408,0
GEO_NR01_0576_1440,0
GEO_NR01_0576_1472,0
GEO_NR01_0576_1696,0
GEO_NR01_0576_1728,0
GEO_NR01_0576_1760,0
GEO_NR01_0576_1792,0
GEO_NR01_0576_1824,0
GEO_NR01_0576_1856,0
GEO_NR01_0576_1888,0
GEO_NR01_0576_1920,0
GEO_NR01_0576_1952,0
GEO_NR01_0576_1984,0
GEO_NR01_0576_2112,0
GEO_NR01_0576_2144,0
GEO_NR01_0576_2176,0
GEO_NR01_0576_2208,0
GEO_NR01_0576_2240,0
GEO_NR01_0576_2272,0
GEO_NR01_0576_2304,0
GEO_NR01_0608_0000,0
GEO_NR01_0608_0032,0
GEO_NR01_0608_0064,0
GEO_NR01_0608_0192,0
GEO_NR01_0608_0224,0
GEO_NR01_0608_0256,0
GEO_NR01_0608_0288,0
GEO_NR01_0608_0320,0
GEO_NR01_0608_0352,0
GEO_NR01_0608_0384,0
GEO_NR01_0608_0416,0
GEO_NR01_0608_0800,0
GEO_NR01_0608_0832,0
GEO_NR01_0608_0960,0
GEO_NR01_0608_0992,0
GEO_NR01_0608_1024,0
GEO_NR01_0608_1056,0
GEO_NR01_0608_1088,0
GEO_NR01_0608_1120,0
GEO_NR01_0608_1152,0
GEO_NR01_0608_1184,0
GEO_NR01_0608_1216,0
GEO_NR01_0608_1248,0
GEO_NR01_0608_1280,0
GEO_NR01_0608_1312,0
GEO_NR01_0608_1344,0
GEO_NR01_0608_1376,0
GEO_NR01_0608_1408,0
GEO_NR01_0608_1440,0
GEO_NR01_0608_1472,0
GEO_NR01_0608_1504,0
GEO_NR01_0608_1536,0
GEO_NR01_0608_1568,0
GEO_NR01_0608_1600,0
GEO_NR01_0608_1696,0
GEO_NR01_0608_1728,0
GEO_NR01_0608_1760,0
GEO_NR01_0608_1792,0
GEO_NR01_0608_1824,0
GEO_NR01_0608_1856,0
GEO_NR01_0608_1888,0
GEO_NR01_0608_1920,0
GEO_NR01_0608_1952,0
GEO_NR01_0608_1984,0
GEO_NR01_0608_2144,0
GEO_NR01_0608_2176,0
GEO_NR01_0608_2208,0
GEO_NR01_0608_2240,0
GEO_NR01_0608_2272,0
GEO_NR01_0608_2304,0
GEO_NR01_0608_2336,0
GEO_NR01_0640_0000,0
GEO_NR01_0640_0032,0
GEO_NR01_0640_0224,0
GEO_NR01_0640_0256,0
GEO_NR01_0640_0288,0
GEO_NR01_0640_0320,0
GEO_NR01_0640_0352,0
GEO_NR01_0640_0768,0
GEO_NR01_0640_0800,0
GEO_NR01_0640_0832,0
GEO_NR01_0640_0864,0
GEO_NR01_0640_0960,0
GEO_NR01_0640_0992,0
GEO_NR01_0640_1024,0
GEO_NR01_0640_1056,0
GEO_NR01_0640_1088,0
GEO_NR01_0640_1120,0
GEO_NR01_0640_1152,0
GEO_NR01_0640_1184,0
GEO_NR01_0640_1216,0
GEO_NR01_0640_1248,0
GEO_NR01_0640_1280,0
GEO_NR01_0640_1312,0
GEO_NR01_0640_1344,0
GEO_NR01_0640_1376,0
GEO_NR01_0640_1408,0
GEO_NR01_0640_1440,0
GEO_NR01_0640_1472,0
GEO_NR01_0640_1504,0
GEO_NR01_0640_1536,0
GEO_NR01_0640_1568,0
GEO_NR01_0640_1600,0
GEO_NR01_0640_1632,0
GEO_NR01_0640_1664,0
GEO_NR01_0640_1696,0
GEO_NR01_0640_1792,0
GEO_NR01_0640_1824,0
GEO_NR01_0640_1856,0
GEO_NR01_0640_1888,0
GEO_NR01_0640_1920,0
GEO_NR01_0640_1952,0
GEO_NR01_0640_1984,0
GEO_NR01_0640_2016,0
GEO_NR01_0640_2048,0
GEO_NR01_0640_2080,0
GEO_NR01_0640_2176,0
GEO_NR01_0640_2208,0
GEO_NR01_0640_2304,0
GEO_NR01_0640_2336,0
GEO_NR01_0640_2368,0
GEO_NR01_0672_0000,0
GEO_NR01_0672_0032,0
GEO_NR01_0672_0160,0
GEO_NR01_0672_0192,0
GEO_NR01_0672_0224,0
GEO_NR01_0672_0256,0
GEO_NR01_0672_0288,0
GEO_NR01_0672_0320,0
GEO_NR01_0672_0480,0
GEO_NR01_0672_0544,0
GEO_NR01_0672_0800,0
GEO_NR01_0672_0832,0
GEO_NR01_0672_0864,0
GEO_NR01_0672_0928,0
GEO_NR01_0672_0960,0
GEO_NR01_0672_0992,0
GEO_NR01_0672_1024,0
GEO_NR01_0672_1056,0
GEO_NR01_0672_1088,0
GEO_NR01_0672_1120,0
GEO_NR01_0672_1152,0
GEO_NR01_0672_1184,0
GEO_NR01_0672_1280,0
GEO_NR01_0672_1312,0
GEO_NR01_0672_1344,0
GEO_NR01_0672_1376,0
GEO_NR01_0672_1408,0
GEO_NR01_0672_1440,0
GEO_NR01_0672_1472,0
GEO_NR01_0672_1504,0
GEO_NR01_0672_1536,0
GEO_NR01_0672_1568,0
GEO_NR01_0672_1600,0
GEO_NR01_0672_1632,0
GEO_NR01_0672_1664,0
GEO_NR01_0672_1696,0
GEO_NR01_0672_1728,0
GEO_NR01_0672_1792,0
GEO_NR01_0672_1824,0
GEO_NR01_0672_1856,0
GEO_NR01_0672_1984,0
GEO_NR01_0672_2016,0
GEO_NR01_0672_2048,0
GEO_NR01_0672_2080,0
GEO_NR01_0672_2112,0
GEO_NR01_0672_2144,0
GEO_NR01_0672_2176,0
GEO_NR01_0672_2208,0
GEO_NR01_0672_2336,0
GEO_NR01_0672_2368,0
GEO_NR01_0672_2400,0
GEO_NR01_0704_0000,0
GEO_NR01_0704_0032,0
GEO_NR01_0704_0096,0
GEO_NR01_0704_0128,0
GEO_NR01_0704_0160,0
GEO_NR01_0704_0192,0
GEO_NR01_0704_0224,0
GEO_NR01_0704_0256,0
GEO_NR01_0704_0288,0
GEO_NR01_0704_0320,0
GEO_NR01_0704_0352,0
GEO_NR01_0704_0480,0
GEO_NR01_0704_0512,0
GEO_NR01_0704_0544,0
GEO_NR01_0704_0576,0
GEO_NR01_0704_0800,0
GEO_NR01_0704_0832,0
GEO_NR01_0704_0864,0
GEO_NR01_0704_0896,0
GEO_NR01_0704_0928,0
GEO_NR01_0704_0960,0
GEO_NR01_0704_0992,0
GEO_NR01_0704_1024,0
GEO_NR01_0704_1344,0
GEO_NR01_0704_1376,0
GEO_NR01_0704_1408,0
GEO_NR01_0704_1440,0
GEO_NR01_0704_1472,0
GEO_NR01_0704_1504,0
GEO_NR01_0704_1536,0
GEO_NR01_0704_1568,0
GEO_NR01_0704_1600,0
GEO_NR01_0704_1632,0
GEO_NR01_0704_1664,0
GEO_NR01_0704_1696,0
GEO_NR01_0704_1728,0
GEO_NR01_0704_1760,0
GEO_NR01_0704_1792,0
GEO_NR01_0704_1824,0
GEO_NR01_0704_1856,0
GEO_NR01_0704_1888,0
GEO_NR01_0704_1952,0
GEO_NR01_0704_1984,0
GEO_NR01_0704_2016,0
GEO_NR01_0704_2048,0
GEO_NR01_0704_2080,0
GEO_NR01_0704_2112,0
GEO_NR01_0704_2144,0
GEO_NR01_0704_2176,0
GEO_NR01_0704_2208,0
GEO_NR01_0704_2240,0
GEO_NR01_0704_2272,0
GEO_NR01_0704_2304,0
GEO_NR01_0704_2336,0
GEO_NR01_0704_2368,0
GEO_NR01_0704_2400,0
GEO_NR01_0736_0000,0
GEO_NR01_0736_0032,0
GEO_NR01_0736_0064,0
GEO_NR01_0736_0096,0
GEO_NR01_0736_0128,0
GEO_NR01_0736_0160,0
GEO_NR01_0736_0192,0
GEO_NR01_0736_0224,0
GEO_NR01_0736_0256,0
GEO_NR01_0736_0288,0
GEO_NR01_0736_0320,0
GEO_NR01_0736_0352,0
GEO_NR01_0736_0448,0
GEO_NR01_0736_0480,0
GEO_NR01_0736_0512,0
GEO_NR01_0736_0544,0
GEO_NR01_0736_0800,0
GEO_NR01_0736_0832,0
GEO_NR01_0736_0864,0
GEO_NR01_0736_0896,0
GEO_NR01_0736_0928,0
GEO_NR01_0736_0960,0
GEO_NR01_0736_0992,0
GEO_NR01_0736_1024,0
GEO_NR01_0736_1056,0
GEO_NR01_0736_1216,0
GEO_NR01_0736_1376,0
GEO_NR01_0736_1408,0
GEO_NR01_0736_1440,0
GEO_NR01_0736_1472,0
GEO_NR01_0736_1504,0
GEO_NR01_0736_1536,0
GEO_NR01_0736_1568,0
GEO_NR01_0736_1600,0
GEO_NR01_0736_1632,0
GEO_NR01_0736_1664,0
GEO_NR01_0736_1696,0
GEO_NR01_0736_1728,0
GEO_NR01_0736_1760,0
GEO_NR01_0736_1792,0
GEO_NR01_0736_1824,0
GEO_NR01_0736_1856,0
GEO_NR01_0736_1888,0
GEO_NR01_0736_1920,0
GEO_NR01_0736_1952,0
GEO_NR01_0736_1984,0
GEO_NR01_0736_2016,0
GEO_NR01_0736_2048,0
GEO_NR01_0736_2080,0
GEO_NR01_0736_2112,0
GEO_NR01_0736_2144,0
GEO_NR01_0736_2176,0
GEO_NR01_0736_2208,0
GEO_NR01_0736_2240,0
GEO_NR01_0736_2272,0
GEO_NR01_0736_2304,0
GEO_NR01_0736_2336,0
GEO_NR01_0736_2368,0
GEO_NR01_0736_2400,0
GEO_NR01_0768_0000,0
GEO_NR01_0768_0032,0
GEO_NR01_0768_0064,0
GEO_NR01_0768_0096,0
GEO_NR01_0768_0128,0
GEO_NR01_0768_0160,0
GEO_NR01_0768_0192,0
GEO_NR01_0768_0256,0
GEO_NR01_0768_0288,0
GEO_NR01_0768_0320,0
GEO_NR01_0768_0352,0
GEO_NR01_0768_0384,0
GEO_NR01_0768_0416,0
GEO_NR01_0768_0448,0
GEO_NR01_0768_0480,0
GEO_NR01_0768_0512,0
GEO_NR01_0768_0544,0
GEO_NR01_0768_0768,0
GEO_NR01_0768_0800,0
GEO_NR01_0768_0960,0
GEO_NR01_0768_0992,0
GEO_NR01_0768_1024,0
GEO_NR01_0768_1056,0
GEO_NR01_0768_1088,0
GEO_NR01_0768_1184,0
GEO_NR01_0768_1312,0
GEO_NR01_0768_1344,0
GEO_NR01_0768_1376,0
GEO_NR01_0768_1408,0
GEO_NR01_0768_1440,0
GEO_NR01_0768_1664,0
GEO_NR01_0768_1696,0
GEO_NR01_0768_1728,0
GEO_NR01_0768_1760,0
GEO_NR01_0768_1792,0
GEO_NR01_0768_1824,0
GEO_NR01_0768_1856,0
GEO_NR01_0768_1888,0
GEO_NR01_0768_1920,0
GEO_NR01_0768_1952,0
GEO_NR01_0768_1984,0
GEO_NR01_0768_2016,0
GEO_NR01_0768_2048,0
GEO_NR01_0768_2080,0
GEO_NR01_0768_2112,0
GEO_NR01_0768_2144,0
GEO_NR01_0768_2176,0
GEO_NR01_0768_2208,0
GEO_NR01_0768_2240,0
GEO_NR01_0768_2272,0
GEO_NR01_0768_2304,0
GEO_NR01_0768_2336,0
GEO_NR01_0768_2368,0
GEO_NR01_0768_2400,0
GEO_NR01_0800_0000,0
GEO_NR01_0800_0032,0
GEO_NR01_0800_0064,0
GEO_NR01_0800_0096,0
GEO_NR01_0800_0128,0
GEO_NR01_0800_0160,0
GEO_NR01_0800_0192,0
GEO_NR01_0800_0256,0
GEO_NR01_0800_0288,0
GEO_NR01_0800_0320,0
GEO_NR01_0800_0352,0
GEO_NR01_0800_0384,0
GEO_NR01_0800_0416,0
GEO_NR01_0800_0448,0
GEO_NR01_0800_0480,0
GEO_NR01_0800_0512,0
GEO_NR01_0800_0544,0
GEO_NR01_0800_0768,0
GEO_NR01_0800_0800,0
GEO_NR01_0800_1056,0
GEO_NR01_0800_1088,0
GEO_NR01_0800_1120,0
GEO_NR01_0800_1152,0
GEO_NR01_0800_1184,0
GEO_NR01_0800_1344,0
GEO_NR01_0800_1376,0
GEO_NR01_0800_1408,0
GEO_NR01_0800_1440,0
GEO_NR01_0800_1760,0
GEO_NR01_0800_1792,0
GEO_NR01_0800_1824,0
GEO_NR01_0800_1856,0
GEO_NR01_0800_1888,0
GEO_NR01_0800_1920,0
GEO_NR01_0800_1952,0
GEO_NR01_0800_1984,0
GEO_NR01_0800_2016,0
GEO_NR01_0800_2048,0
GEO_NR01_0800_2080,0
GEO_NR01_0800_2112,0
GEO_NR01_0800_2144,0
GEO_NR01_0800_2176,0
GEO_NR01_0800_2208,0
GEO_NR01_0800_2240,0
GEO_NR01_0800_2272,0
GEO_NR01_0800_2304,0
GEO_NR01_0800_2336,0
GEO_NR01_0800_2368,0
GEO_NR01_0832_0000,0
GEO_NR01_0832_0032,0
GEO_NR01_0832_0064,0
GEO_NR01_0832_0096,0
GEO_NR01_0832_0128,0
GEO_NR01_0832_0160,0
GEO_NR01_0832_0192,0
GEO_NR01_0832_0224,0
GEO_NR01_0832_0256,0
GEO_NR01_0832_0288,0
GEO_NR01_0832_0320,0
GEO_NR01_0832_0352,0
GEO_NR01_0832_0384,0
GEO_NR01_0832_0416,0
GEO_NR01_0832_0448,0
GEO_NR01_0832_0480,0
GEO_NR01_0832_0512,0
GEO_NR01_0832_0544,0
GEO_NR01_0832_0736,0
GEO_NR01_0832_0768,0
GEO_NR01_0832_0800,0
GEO_NR01_0832_0832,0
GEO_NR01_0832_0864,0
GEO_NR01_0832_0896,0
GEO_NR01_0832_0960,0
GEO_NR01_0832_0992,0
GEO_NR01_0832_1120,0
GEO_NR01_0832_1152,0
GEO_NR01_0832_1184,0
GEO_NR01_0832_1216,0
GEO_NR01_0832_1408,0
GEO_NR01_0832_1952,0
GEO_NR01_0832_1984,0
GEO_NR01_0832_2016,0
GEO_NR01_0832_2048,0
GEO_NR01_0832_2080,0
GEO_NR01_0832_2112,0
GEO_NR01_0832_2144,0
GEO_NR01_0832_2176,0
GEO_NR01_0832_2208,0
GEO_NR01_0832_2240,0
GEO_NR01_0832_2272,0
GEO_NR01_0832_2304,0
GEO_NR01_0832_2336,0
GEO_NR01_0832_2368,0
GEO_NR01_0832_2400,0
GEO_NR01_0864_0000,0
GEO_NR01_0864_0032,0
GEO_NR01_0864_0064,0
GEO_NR01_0864_0096,0
GEO_NR01_0864_0128,0
GEO_NR01_0864_0160,0
GEO_NR01_0864_0192,0
GEO_NR01_0864_0224,0
GEO_NR01_0864_0256,0
GEO_NR01_0864_0288,0
GEO_NR01_0864_0320,0
GEO_NR01_0864_0352,0
GEO_NR01_0864_0384,0
GEO_NR01_0864_0416,0
GEO_NR01_0864_0448,0
GEO_NR01_0864_0480,0
GEO_NR01_0864_0736,0
GEO_NR01_0864_0768,0
GEO_NR01_0864_0800,0
GEO_NR01_0864_0832,0
GEO_NR01_0864_0864,0
GEO_NR01_0864_0896,0
GEO_NR01_0864_0928,0
GEO_NR01_0864_0960,0
GEO_NR01_0864_0992,0
GEO_NR01_0864_1024,0
GEO_NR01_0864_1152,0
GEO_NR01_0864_1184,0
GEO_NR01_0864_1216,0
GEO_NR01_0864_1248,0
GEO_NR01_0864_1280,0
GEO_NR01_0864_1312,0
GEO_NR01_0864_1664,0
GEO_NR01_0864_2016,0
GEO_NR01_0864_2048,0
GEO_NR01_0864_2080,0
GEO_NR01_0864_2112,0
GEO_NR01_0864_2144,0
GEO_NR01_0864_2176,0
GEO_NR01_0864_2208,0
GEO_NR01_0864_2240,0
GEO_NR01_0864_2272,0
GEO_NR01_0864_2304,0
GEO_NR01_0864_2336,0
GEO_NR01_0864_2368,0
GEO_NR01_0864_2400,0
GEO_NR01_0896_0000,0
GEO_NR01_0896_0032,0
GEO_NR01_0896_0064,0
GEO_NR01_0896_0096,0
GEO_NR01_0896_0128,0
GEO_NR01_0896_0160,0
GEO_NR01_0896_0192,0
GEO_NR01_0896_0224,0
GEO_NR01_0896_0256,0
GEO_NR01_0896_0288,0
GEO_NR01_0896_0320,0
GEO_NR01_0896_0352,0
GEO_NR01_0896_0384,0
GEO_NR01_0896_0416,0
GEO_NR01_0896_0448,0
GEO_NR01_0896_0480,0
GEO_NR01_0896_0704,0
GEO_NR01_0896_0736,0
GEO_NR01_0896_0768,0
GEO_NR01_0896_0800,0
GEO_NR01_0896_0832,0
GEO_NR01_0896_0864,0
GEO_NR01_0896_0896,0
GEO_NR01_0896_0928,0
GEO_NR01_0896_0960,0
GEO_NR01_0896_0992,0
GEO_NR01_0896_1024,0
GEO_NR01_0896_1056,0
GEO_NR01_0896_1088,0
GEO_NR01_0896_1152,0
GEO_NR01_0896_1184,0
GEO_NR01_0896_1216,0
GEO_NR01_0896_1248,0
GEO_NR01_0896_1280,0
GEO_NR01_0896_1312,0
GEO_NR01_0896_1344,0
GEO_NR01_0896_1664,0
GEO_NR01_0896_1696,0
GEO_NR01_0896_1728,0
GEO_NR01_0896_2080,0
GEO_NR01_0896_2112,0
GEO_NR01_0896_2144,0
GEO_NR01_0896_2176,0
GEO_NR01_0896_2208,0
GEO_NR01_0896_2240,0
GEO_NR01_0896_2272,0
GEO_NR01_0896_2304,0
GEO_NR01_0928_0000,0
GEO_NR01_0928_0032,0
GEO_NR01_0928_0064,0
GEO_NR01_0928_0096,0
GEO_NR01_0928_0128,0
GEO_NR01_0928_0160,0
GEO_NR01_0928_0192,0
GEO_NR01_0928_0224,0
GEO_NR01_0928_0256,0
GEO_NR01_0928_0352,0
GEO_NR01_0928_0384,0
GEO_NR01_0928_0416,0
GEO_NR01_0928_0448,0
GEO_NR01_0928_0480,0
GEO_NR01_0928_0736,0
GEO_NR01_0928_0768,0
GEO_NR01_0928_0800,0
GEO_NR01_0928_0832,0
GEO_NR01_0928_0864,0
GEO_NR01_0928_0896,0
GEO_NR01_0928_0928,0
GEO_NR01_0928_0960,0
GEO_NR01_0928_0992,0
GEO_NR01_0928_1024,0
GEO_NR01_0928_1056,0
GEO_NR01_0928_1088,0
GEO_NR01_0928_1120,0
GEO_NR01_0928_1152,0
GEO_NR01_0928_1184,0
GEO_NR01_0928_1216,0
GEO_NR01_0928_1248,0
GEO_NR01_0928_1280,0
GEO_NR01_0928_1312,0
GEO_NR01_0928_1344,0
GEO_NR01_0928_1376,0
GEO_NR01_0928_1408,0
GEO_NR01_0928_1664,0
GEO_NR01_0928_1696,0
GEO_NR01_0928_1728,0
GEO_NR01_0928_1760,0
GEO_NR01_0960_0096,0
GEO_NR01_0960_0128,0
GEO_NR01_0960_0160,0
GEO_NR01_0960_0192,0
GEO_NR01_0960_0224,0
GEO_NR01_0960_0256,0
GEO_NR01_0960_0320,0
GEO_NR01_0960_0352,0
GEO_NR01_0960_0448,0
GEO_NR01_0960_0480,0
GEO_NR01_0960_0736,0
GEO_NR01_0960_0768,0
GEO_NR01_0960_0800,0
GEO_NR01_0960_0832,0
GEO_NR01_0960_0864,0
GEO_NR01_0960_0896,0
GEO_NR01_0960_0928,0
GEO_NR01_0960_0960,0
GEO_NR01_0960_0992,0
GEO_NR01_0960_1024,0
GEO_NR01_0960_1056,0
GEO_NR01_0960_1088,0
GEO_NR01_0960_1120,0
GEO_NR01_0960_1152,0
GEO_NR01_0960_1184,0
GEO_NR01_0960_1216,0
GEO_NR01_0960_1248,0
GEO_NR01_0960_1280,0
GEO_NR01_0960_1312,0
GEO_NR01_0960_1344,0
GEO_NR01_0960_1376,0
GEO_NR01_0960_1408,0
GEO_NR01_0960_1440,0
GEO_NR01_0960_1472,0
GEO_NR01_0960_1504,0
GEO_NR01_0960_1824,0
GEO_NR01_0992_0160,0
GEO_NR01_0992_0608,2
GEO_NR01_0992_0736,0
GEO_NR01_0992_0768,0
GEO_NR01_0992_0800,0
GEO_NR01_0992_0832,0
GEO_NR01_0992_0864,0
GEO_NR01_0992_0896,0
GEO_NR01_0992_0928,0
GEO_NR01_0992_0960,0
GEO_NR01_0992_0992,0
GEO_NR01_0992_1024,0
GEO_NR01_0992_1056,0
GEO_NR01_0992_1088,0
GEO_NR01_0992_1120,0
GEO_NR01_0992_1152,0
GEO_NR01_0992_1184,0
GEO_NR01_0992_1216,0
GEO_NR01_0992_1248,0
GEO_NR01_0992_1280,0
GEO_NR01_0992_1312,0
GEO_NR01_0992_1344,0
GEO_NR01_0992_1376,0
GEO_NR01_0992_1408,0
GEO_NR01_0992_1440,0
GEO_NR01_0992_1472,0
GEO_NR01_0992_1504,0
GEO_NR01_0992_1536,0
GEO_NR01_0992_1824,0
GEO_NR01_0992_1856,0
GEO_NR01_0992_1888,0
GEO_NR01_1024_0160,0
GEO_NR01_1024_0192,0
GEO_NR01_1024_0576,2
GEO_NR01_1024_0608,2
GEO_NR01_1024_0832,0
GEO_NR01_1024_0864,0
GEO_NR01_1024_0896,0
GEO_NR01_1024_0928,0
GEO_NR01_1024_0960,0
GEO_NR01_1024_0992,0
GEO_NR01_1024_1024,0
GEO_NR01_1024_1056,0
GEO_NR01_1024_1088,0
GEO_NR01_1024_1120,0
GEO_NR01_1024_1152,0
GEO_NR01_1024_1184,0
GEO_NR01_1024_1216,0
GEO_NR01_1024_1248,0
GEO_NR01_1024_1280,0
GEO_NR01_1024_1312,0
GEO_NR01_1024_1344,0
GEO_NR01_1024_1376,0
GEO_NR01_1024_1408,0
GEO_NR01_1024_1440,0
GEO_NR01_1024_1472,0
GEO_NR01_1024_1504,0
GEO_NR01_1024_1536,0
GEO_NR01_1024_1568,0
GEO_NR01_1024_1760,1
GEO_NR01_1024_1984,0
GEO_NR01_1024_2016,0
GEO_NR01_1024_2048,0
GEO_NR01_1056_0192,0
GEO_NR01_1056_0224,0
GEO_NR01_1056_0256,0
GEO_NR01_1056_0608,2
GEO_NR01_1056_0864,0
GEO_NR01_1056_0896,0
GEO_NR01_1056_0960,0
GEO_NR01_1056_0992,0
GEO_NR01_1056_1024,0
GEO_NR01_1056_1056,0
GEO_NR01_1056_1088,0
GEO_NR01_1056_1120,0
GEO_NR01_1056_1152,0
GEO_NR01_1056_1184,0
GEO_NR01_1056_1216,0
GEO_NR01_1056_1248,0
GEO_NR01_1056_1280,0
GEO_NR01_1056_1312,0
GEO_NR01_1056_1344,0
GEO_NR01_1056_1376,0
GEO_NR01_1056_1408,0
GEO_NR01_1056_1440,0
GEO_NR01_1056_1472,0
GEO_NR01_1056_1504,0
GEO_NR01_1056_1536,0
GEO_NR01_1056_1568,0
GEO_NR01_1088_0256,0
GEO_NR01_1088_1024,0
GEO_NR01_1088_1056,0
GEO_NR01_1088_1088,0
GEO_NR01_1088_1120,0
GEO_NR01_1088_1152,0
GEO_NR01_1088_1184,0
GEO_NR01_1088_1216,0
GEO_NR01_1088_1248,0
GEO_NR01_1088_1280,0
GEO_NR01_1088_1312,0
GEO_NR01_1088_1344,0
GEO_NR01_1088_1376,0
GEO_NR01_1088_1440,0
GEO_NR01_1088_1472,0
GEO_NR01_1088_1504,0
GEO_NR01_1088_1536,0
GEO_NR01_1088_1568,0
GEO_NR01_1088_1632,0
GEO_NR01_1088_2016,1
GEO_NR01_1088_2080,1
GEO_NR01_1088_2112,1
GEO_NR01_1088_2144,1
GEO_NR01_1120_0256,0
GEO_NR01_1120_0288,0
GEO_NR01_1120_1088,0
GEO_NR01_1120_1120,0
GEO_NR01_1120_1152,0
GEO_NR01_1120_1216,0
GEO_NR01_1120_1248,0
GEO_NR01_1120_1280,0
GEO_NR01_1120_1312,0
GEO_NR01_1120_1344,0
GEO_NR01_1120_1376,0
GEO_NR01_1120_1408,0
GEO_NR01_1120_1440,0
GEO_NR01_1120_1472,0
GEO_NR01_1120_1504,0
GEO_NR01_1120_1536,0
GEO_NR01_1120_1632,0
GEO_NR01_1152_1120,0
GEO_NR01_1152_1152,0
GEO_NR01_1152_1184,0
GEO_NR01_1152_1216,0
GEO_NR01_1152_1248,0
GEO_NR01_1152_1280,0
GEO_NR01_1152_1312,0
GEO_NR01_1152_1344,0
GEO_NR01_1152_1376,0
GEO_NR01_1152_1408,0
GEO_NR01_1152_1440,0
GEO_NR01_1152_1472,0
GEO_NR01_1152_1504,0
GEO_NR01_1152_1632,0
GEO_NR01_1152_1664,0
GEO_NR01_1184_1120,0
GEO_NR01_1184_1152,0
GEO_NR01_1184_1184,0
GEO_NR01_1184_1216,0
GEO_NR01_1184_1248,0
GEO_NR01_1184_1280,0
GEO_NR01_1184_1312,0
GEO_NR01_1184_1344,0
GEO_NR01_1184_1376,0
GEO_NR01_1184_1408,0
GEO_NR01_1184_1440,0
GEO_NR01_1184_1472,0
GEO_NR01_1184_1504,0
GEO_NR01_1184_1536,0
GEO_NR01_1184_1600,0
GEO_NR01_1184_1632,0
GEO_NR01_1184_1664,0
GEO_NR01_1184_1696,0
GEO_NR01_1184_1728,0
GEO_NR01_1184_1920,0
GEO_NR01_1216_0192,4
GEO_NR01_1216_0608,4
GEO_NR01_1216_1088,0
GEO_NR01_1216_1120,0
GEO_NR01_1216_1184,0
GEO_NR01_1216_1216,0
GEO_NR01_1216_1248,0
GEO_NR01_1216_1280,0
GEO_NR01_1216_1312,0
GEO_NR01_1216_1376,0
GEO_NR01_1216_1408,0
GEO_NR01_1216_1440,0
GEO_NR01_1216_1472,0
GEO_NR01_1216_1504,0
GEO_NR01_1216_1600,0
GEO_NR01_1216_1632,0
GEO_NR01_1216_1664,0
GEO_NR01_1216_1696,0
GEO_NR01_1216_1728,0
GEO_NR01_1216_1760,0
GEO_NR01_1216_1920,0
GEO_NR01_1248_0608,4
GEO_NR01_1248_1056,0
GEO_NR01_1248_1088,0
GEO_NR01_1248_1120,0
GEO_NR01_1248_1152,0
GEO_NR01_1248_1184,0
GEO_NR01_1248_1216,0
GEO_NR01_1248_1248,0
GEO_NR01_1248_1344,0
GEO_NR01_1248_1376,0
GEO_NR01_1248_1408,0
GEO_NR01_1248_1440,0
GEO_NR01_1248_1472,0
GEO_NR01_1248_1600,0
GEO_NR01_1248_1632,0
GEO_NR01_1248_1664,0
GEO_NR01_1248_1696,0
GEO_NR01_1248_1728,0
GEO_NR01_1248_1760,0
GEO_NR01_1248_1792,0
GEO_NR01_1248_1856,0
GEO_NR01_1248_1888,0
GEO_NR01_1248_1920,0
GEO_NR01_1248_1984,0
GEO_NR01_1248_2016,0
GEO_NR01_1248_2144,0
GEO_NR01_1248_2176,0
GEO_NR01_1248_2208,0
GEO_NR01_1248_2240,0
GEO_NR01_1248_2272,0
GEO_NR01_1248_2304,0
GEO_NR01_1248_2336,0
GEO_NR01_1280_0032,4
GEO_NR01_1280_0064,4
GEO_NR01_1280_0096,4
GEO_NR01_1280_0704,4
GEO_NR01_1280_1056,0
GEO_NR01_1280_1088,0
GEO_NR01_1280_1120,0
GEO_NR01_1280_1152,0
GEO_NR01_1280_1216,0
GEO_NR01_1280_1248,0
GEO_NR01_1280_1280,0
GEO_NR01_1280_1312,0
GEO_NR01_1280_1344,0
GEO_NR01_1280_1440,0
GEO_NR01_1280_1472,0
GEO_NR01_1280_1504,0
GEO_NR01_1280_1600,0
GEO_NR01_1280_1632,0
GEO_NR01_1280_1664,0
GEO_NR01_1280_1696,0
GEO_NR01_1280_1728,0
GEO_NR01_1280_1760,0
GEO_NR01_1280_1792,0
GEO_NR01_1280_1856,0
GEO_NR01_1280_1888,0
GEO_NR01_1280_1920,0
GEO_NR01_1280_1952,0
GEO_NR01_1280_1984,0
GEO_NR01_1280_2016,0
GEO_NR01_1280_2048,0
GEO_NR01_1280_2080,0
GEO_NR01_1280_2112,0
GEO_NR01_1280_2144,0
GEO_NR01_1280_2176,0
GEO_NR01_1280_2272,0
GEO_NR01_1280_2304,0
GEO_NR01_1280_2336,0
GEO_NR01_1280_2368,0
GEO_NR01_1280_2400,0
GEO_NR01_1312_0032,4
GEO_NR01_1312_0064,4
GEO_NR01_1312_0384,4
GEO_NR01_1312_0416,4
GEO_NR01_1312_0736,4
GEO_NR01_1312_0768,4
GEO_NR01_1312_0960,4
GEO_NR01_1312_1248,0
GEO_NR01_1312_1312,0
GEO_NR01_1312_1344,0
GEO_NR01_1312_1440,0
GEO_NR01_1312_1472,0
GEO_NR01_1312_1504,0
GEO_NR01_1312_1536,0
GEO_NR01_1312_1568,0
GEO_NR01_1312_1600,0
GEO_NR01_1312_1632,0
GEO_NR01_1312_1664,0
GEO_NR01_1312_1696,0
GEO_NR01_1312_1728,0
GEO_NR01_1312_1760,0
GEO_NR01_1312_1792,0
GEO_NR01_1312_1824,0
GEO_NR01_1312_1856,0
GEO_NR01_1312_1888,0
GEO_NR01_1312_1920,0
GEO_NR01_1312_1952,0
GEO_NR01_1312_1984,0
GEO_NR01_1312_2016,0
GEO_NR01_1312_2048,0
GEO_NR01_1312_2080,0
GEO_NR01_1312_2112,0
GEO_NR01_1312_2144,0
GEO_NR01_1312_2272,0
GEO_NR01_1312_2304,0
GEO_NR01_1312_2336,0
GEO_NR01_1312_2368,0
GEO_NR01_1312_2400,0
GEO_NR01_1344_0000,4
GEO_NR01_1344_0032,4
GEO_NR01_1344_0384,4
GEO_NR01_1344_0608,0
GEO_NR01_1344_1536,0
GEO_NR01_1344_1568,0
GEO_NR01_1344_1600,0
GEO_NR01_1344_1632,0
GEO_NR01_1344_1664,0
GEO_NR01_1344_1696,0
GEO_NR01_1344_1728,0
GEO_NR01_1344_1760,0
GEO_NR01_1344_1856,0
GEO_NR01_1344_1888,0
GEO_NR01_1344_1920,0
GEO_NR01_1344_1952,0
GEO_NR01_1344_2048,0
GEO_NR01_1344_2080,0
GEO_NR01_1344_2112,0
GEO_NR01_1344_2272,0
GEO_NR01_1344_2304,0
GEO_NR01_1344_2336,0
GEO_NR01_1344_2400,0
GEO_NR01_1376_0512,0
GEO_NR01_1376_0544,0
GEO_NR01_1376_0576,0
GEO_NR01_1376_0992,4
GEO_NR01_1376_1568,0
GEO_NR01_1376_1600,0
GEO_NR01_1376_1632,0
GEO_NR01_1376_1664,0
GEO_NR01_1376_1696,0
GEO_NR01_1376_1728,0
GEO_NR01_1376_1760,0
GEO_NR01_1376_1856,0
GEO_NR01_1376_1888,0
GEO_NR01_1376_1920,0
GEO_NR01_1376_1952,0
GEO_NR01_1376_2272,0
GEO_NR01_1376_2304,0
GEO_NR01_1376_2336,0
GEO_NR01_1408_0256,4
GEO_NR01_1408_0448,0
GEO_NR01_1408_0480,0
GEO_NR01_1408_0512,0
GEO_NR01_1408_0544,0
GEO_NR01_1408_0576,0
GEO_NR01_1408_0608,0
GEO_NR01_1408_0992,4
GEO_NR01_1408_1024,4
GEO_NR01_1408_1568,0
GEO_NR01_1408_1600,0
GEO_NR01_1408_1632,0
GEO_NR01_1408_1664,0
GEO_NR01_1408_1696,0
GEO_NR01_1408_1728,0
GEO_NR01_1408_1760,0
GEO_NR01_1408_1792,0
GEO_NR01_1408_1856,0
GEO_NR01_1408_1888,0
GEO_NR01_1408_1920,0
GEO_NR01_1408_2240,0
GEO_NR01_1408_2272,0
GEO_NR01_1408_2304,0
GEO_NR01_1408_2336,0
GEO_NR01_1408_2400,0
GEO_NR01_1440_0448,0
GEO_NR01_1440_0480,0
GEO_NR01_1440_0512,0
GEO_NR01_1440_0544,0
GEO_NR01_1440_0576,0
GEO_NR01_1440_0608,0
GEO_NR01_1440_0640,0
GEO_NR01_1440_0672,0
GEO_NR01_1440_0704,0
GEO_NR01_1440_0992,4
GEO_NR01_1440_1024,4
GEO_NR01_1440_1056,4
GEO_NR01_1440_1088,4
GEO_NR01_1440_1312,4
GEO_NR01_1440_1344,4
GEO_NR01_1440_1376,4
GEO_NR01_1440_1536,0
GEO_NR01_1440_1696,0
GEO_NR01_1440_1728,0
GEO_NR01_1440_1760,0
GEO_NR01_1440_1824,0
GEO_NR01_1440_1856,0
GEO_NR01_1440_1888,0
GEO_NR01_1440_1920,0
GEO_NR01_1440_2304,0
GEO_NR01_1440_2336,0
GEO_NR01_1440_2368,0
GEO_NR01_1440_2400,0
GEO_NR01_1472_0448,0
GEO_NR01_1472_0480,0
GEO_NR01_1472_0512,0
GEO_NR01_1472_0544,0
GEO_NR01_1472_0576,0
GEO_NR01_1472_0640,0
GEO_NR01_1472_0672,0
GEO_NR01_1472_0832,0
GEO_NR01_1472_1088,4
GEO_NR01_1472_1120,4
GEO_NR01_1472_1152,4
GEO_NR01_1472_1184,4
GEO_NR01_1472_1216,4
GEO_NR01_1472_1312,4
GEO_NR01_1472_1344,4
GEO_NR01_1472_1376,4
GEO_NR01_1472_1696,0
GEO_NR01_1472_1728,0
GEO_NR01_1472_1760,0
GEO_NR01_1472_1792,0
GEO_NR01_1472_1824,0
GEO_NR01_1472_1856,0
GEO_NR01_1472_1888,0
GEO_NR01_1472_1920,0
GEO_NR01_1472_2176,0
GEO_NR01_1472_2208,0
GEO_NR01_1472_2304,0
GEO_NR01_1472_2336,0
GEO_NR01_1472_2368,0
GEO_NR01_1472_2400,0
GEO_NR01_1504_0448,0
GEO_NR01_1504_0480,0
GEO_NR01_1504_0512,0
GEO_NR01_1504_0544,0
GEO_NR01_1504_0576,0
GEO_NR01_1504_0608,0
GEO_NR01_1504_0640,0
GEO_NR01_1504_0672,0
GEO_NR01_1504_0704,0
GEO_NR01_1504_1088,4
GEO_NR01_1504_1120,4
GEO_NR01_1504_1152,4
GEO_NR01_1504_1184,4
GEO_NR01_1504_1216,4
GEO_NR01_1504_1248,4
GEO_NR01_1504_1280,4
GEO_NR01_1504_1312,4
GEO_NR01_1504_1344,4
GEO_NR01_1504_1376,4
GEO_NR01_1504_1408,4
GEO_NR01_1504_1440,4
GEO_NR01_1504_1472,4
GEO_NR01_1504_1856,0
GEO_NR01_1504_1888,0
GEO_NR01_1504_1920,0
GEO_NR01_1504_2336,0
GEO_NR01_1504_2368,0
GEO_NR01_1504_2400,0
GEO_NR01_1536_0512,0
GEO_NR01_1536_0544,0
GEO_NR01_1536_0608,0
GEO_NR01_1536_0640,0
GEO_NR01_1536_0672,0
GEO_NR01_1536_1088,4
GEO_NR01_1536_1120,4
GEO_NR01_1536_1152,4
GEO_NR01_1536_1184,4
GEO_NR01_1536_1216,4
GEO_NR01_1536_1248,4
GEO_NR01_1536_1280,4
GEO_NR01_1536_1312,4
GEO_NR01_1536_1344,4
GEO_NR01_1536_1376,4
GEO_NR01_1536_1408,4
GEO_NR01_1536_1440,4
GEO_NR01_1536_1472,4
GEO_NR01_1568_0000,5
GEO_NR01_1568_0032,5
GEO_NR01_1568_0064,5
GEO_NR01_1568_0096,5
GEO_NR01_1568_0128,5
GEO_NR01_1568_0160,5
GEO_NR01_1568_0192,5
GEO_NR01_1568_0224,5
GEO_NR01_1568_0256,5
GEO_NR01_1568_0288,5
GEO_NR01_1568_0320,5
GEO_NR01_1568_0352,5
GEO_NR01_1568_0544,0
GEO_NR01_1568_0576,0
GEO_NR01_1568_0608,0
GEO_NR01_1568_0640,0
GEO_NR01_1568_0672,0
GEO_NR01_1568_1120,4
GEO_NR01_1568_1216,4
GEO_NR01_1568_1248,4
GEO_NR01_1568_1280,4
GEO_NR01_1568_1312,4
GEO_NR01_1600_0000,5
GEO_NR01_1600_0032,5
GEO_NR01_1600_0064,5
GEO_NR01_1600_0096,5
GEO_NR01_1600_0128,5
GEO_NR01_1600_0160,5
GEO_NR01_1600_0192,5
GEO_NR01_1600_0224,5
GEO_NR01_1600_0256,5
GEO_NR01_1600_0288,5
GEO_NR01_1600_0320,5
GEO_NR01_1600_0352,5
GEO_NR01_1600_0384,5
GEO_NR01_1600_0416,5
GEO_NR01_1600_0448,5
GEO_NR01_1600_0608,0
GEO_NR01_1600_0640,0
GEO_NR01_1600_1216,4
GEO_NR01_1600_1248,4
GEO_NR01_1600_1792,5
GEO_NR01_1600_1824,5
GEO_NR01_1600_1856,5
GEO_NR01_1600_1888,5
GEO_NR01_1600_1920,5
GEO_NR01_1600_1952,5
GEO_NR01_1600_1984,5
GEO_NR01_1600_2016,5
GEO_NR01_1600_2048,5
GEO_NR01_1600_2080,5
GEO_NR01_1600_2112,5
GEO_NR01_1600_2144,5
GEO_NR01_1632_0000,5
GEO_NR01_1632_0032,5
GEO_NR01_1632_0064,5
GEO_NR01_1632_0096,5
GEO_NR01_1632_0128,5
GEO_NR01_1632_0160,5
GEO_NR01_1632_0192,5
GEO_NR01_1632_0224,5
GEO_NR01_1632_0256,5
GEO_NR01_1632_0288,5
GEO_NR01_1632_0320,5
GEO_NR01_1632_0352,5
GEO_NR01_1632_0384,5
GEO_NR01_1632_0416,5
GEO_NR01_1632_0448,5
GEO_NR01_1632_0480,5
GEO_NR01_1632_1376,5
GEO_NR01_1632_1408,5
GEO_NR01_1632_1440,5
GEO_NR01_1632_1472,5
GEO_NR01_1632_1504,5
GEO_NR01_1632_1536,5
GEO_NR01_1632_1568,5
GEO_NR01_1632_1600,5
GEO_NR01_1632_1632,5
GEO_NR01_1632_1664,5
GEO_NR01_1632_1696,5
GEO_NR01_1632_1728,5
GEO_NR01_1632_1760,5
GEO_NR01_1632_1792,5
GEO_NR01_1632_1824,5
GEO_NR01_1632_1856,5
GEO_NR01_1632_1888,5
GEO_NR01_1632_1920,5
GEO_NR01_1632_1952,5
GEO_NR01_1632_1984,5
GEO_NR01_1632_2016,5
GEO_NR01_1632_2048,5
GEO_NR01_1632_2080,5
GEO_NR01_1632_2112,5
GEO_NR01_1632_2144,5
GEO_NR01_1632_2176,5
GEO_NR01_1632_2208,5
GEO_NR01_1664_0000,5
GEO_NR01_1664_0032,5
GEO_NR01_1664_0064,5
GEO_NR01_1664_0096,5
GEO_NR01_1664_0128,5
GEO_NR01_1664_0160,5
GEO_NR01_1664_0192,5
GEO_NR01_1664_0224,5
GEO_NR01_1664_0256,5
GEO_NR01_1664_0288,5
GEO_NR01_1664_0320,5
GEO_NR01_1664_0352,5
GEO_NR01_1664_0384,5
GEO_NR01_1664_0416,5
GEO_NR01_1664_0448,5
GEO_NR01_1664_0480,5
GEO_NR01_1664_0512,5
GEO_NR01_1664_0544,5
GEO_NR01_1664_0576,5
GEO_NR01_1664_1344,5
GEO_NR01_1664_1376,5
GEO_NR01_1664_1408,5
GEO_NR01_1664_1440,5
GEO_NR01_1664_1472,5
GEO_NR01_1664_1504,5
GEO_NR01_1664_1536,5
GEO_NR01_1664_1568,5
GEO_NR01_1664_1600,5
GEO_NR01_1664_1632,5
GEO_NR01_1664_1664,5
GEO_NR01_1664_1696,5
GEO_NR01_1664_1728,5
GEO_NR01_1664_1760,5
GEO_NR01_1664_1792,5
GEO_NR01_1664_1824,5
GEO_NR01_1664_1856,5
GEO_NR01_1664_1888,5
GEO_NR01_1664_1920,5
GEO_NR01_1664_1952,5
GEO_NR01_1664_1984,5
GEO_NR01_1664_2016,5
GEO_NR01_1664_2048,5
GEO_NR01_1664_2080,5
GEO_NR01_1664_2112,5
GEO_NR01_1664_2144,5
GEO_NR01_1664_2176,5
GEO_NR01_1664_2208,5
GEO_NR01_1664_2240,5
GEO_NR01_1664_2272,5
GEO_NR01_1664_2336,5
GEO_NR01_1664_2368,5
GEO_NR01_1664_2400,5
GEO_NR01_1696_0000,5
GEO_NR01_1696_0032,5
GEO_NR01_1696_0064,5
GEO_NR01_1696_0096,5
GEO_NR01_1696_0128,5
GEO_NR01_1696_0160,5
GEO_NR01_1696_0192,5
GEO_NR01_1696_0224,5
GEO_NR01_1696_0256,5
GEO_NR01_1696_0288,5
GEO_NR01_1696_0320,5
GEO_NR01_1696_0352,5
GEO_NR01_1696_0384,5
GEO_NR01_1696_0416,5
GEO_NR01_1696_0448,5
GEO_NR01_1696_0480,5
GEO_NR01_1696_0512,5
GEO_NR01_1696_0544,5
GEO_NR01_1696_0576,5
GEO_NR01_1696_0608,5
GEO_NR01_1696_0640,5
GEO_NR01_1696_1344,5
GEO_NR01_1696_1376,5
GEO_NR01_1696_1408,5
GEO_NR01_1696_1440,5
GEO_NR01_1696_1472,5
GEO_NR01_1696_1504,5
GEO_NR01_1696_1536,5
GEO_NR01_1696_1568,5
GEO_NR01_1696_1600,5
GEO_NR01_1696_1632,5
GEO_NR01_1696_1664,5
GEO_NR01_1696_1696,5
GEO_NR01_1696_1728,5
GEO_NR01_1696_1760,5
GEO_NR01_1696_1792,5
GEO_NR01_1696_1824,5
GEO_NR01_1696_1856,5
GEO_NR01_1696_1888,5
GEO_NR01_1696_1920,5
GEO_NR01_1696_1952,5
GEO_NR01_1696_1984,5
GEO_NR01_1696_2016,5
GEO_NR01_1696_2048,5
GEO_NR01_1696_2080,5
GEO_NR01_1696_2112,5
GEO_NR01_1696_2144,5
GEO_NR01_1696_2176,5
GEO_NR01_1696_2208,5
GEO_NR01_1696_2240,5
GEO_NR01_1696_2272,5
GEO_NR01_1696_2304,5
GEO_NR01_1696_2336,5
GEO_NR01_1696_2368,5
GEO_NR01_1696_2400,5
GEO_NR01_1728_0000,5
GEO_NR01_1728_0032,5
GEO_NR01_1728_0064,5
GEO_NR01_1728_0096,5
GEO_NR01_1728_0128,5
GEO_NR01_1728_0160,5
GEO_NR01_1728_0192,5
GEO_NR01_1728_0224,5
GEO_NR01_1728_0256,5
GEO_NR01_1728_0288,5
GEO_NR01_1728_0320,5
GEO_NR01_1728_0352,5
GEO_NR01_1728_0384,5
GEO_NR01_1728_0416,5
GEO_NR01_1728_0448,5
GEO_NR01_1728_0480,5
GEO_NR01_1728_0512,5
GEO_NR01_1728_0544,5
GEO_NR01_1728_0576,5
GEO_NR01_1728_0608,5
GEO_NR01_1728_0640,5
GEO_NR01_1728_0672,5
GEO_NR01_1728_0704,5
GEO_NR01_1728_1280,5
GEO_NR01_1728_1312,5
GEO_NR01_1728_1344,5
GEO_NR01_1728_1376,5
GEO_NR01_1728_1408,5
GEO_NR01_1728_1440,5
GEO_NR01_1728_1472,5
GEO_NR01_1728_1504,5
GEO_NR01_1728_1536,5
GEO_NR01_1728_1568,5
GEO_NR01_1728_1600,5
GEO_NR01_1728_1632,5
GEO_NR01_1728_1664,5
GEO_NR01_1728_1696,5
GEO_NR01_1728_1728,5
GEO_NR01_1728_1760,5
GEO_NR01_1728_1792,5
GEO_NR01_1728_1824,5
GEO_NR01_1728_1856,5
GEO_NR01_1728_1888,5
GEO_NR01_1728_1920,5
GEO_NR01_1728_1952,5
GEO_NR01_1728_1984,5
GEO_NR01_1728_2016,5
GEO_NR01_1728_2048,5
GEO_NR01_1728_2080,5
GEO_NR01_1728_2112,5
GEO_NR01_1728_2144,5
GEO_NR01_1728_2176,5
GEO_NR01_1728_2208,5
GEO_NR01_1728_2240,5
GEO_NR01_1728_2272,5
GEO_NR01_1728_2304,5
GEO_NR01_1728_2336,5
GEO_NR01_1728_2368,5
GEO_NR01_1728_2400,5
GEO_NR01_1760_0000,5
GEO_NR01_1760_0032,5
GEO_NR01_1760_0064,5
GEO_NR01_1760_0096,5
GEO_NR01_1760_0128,5
GEO_NR01_1760_0160,5
GEO_NR01_1760_0192,5
GEO_NR01_1760_0224,5
GEO_NR01_1760_0256,5
GEO_NR01_1760_0288,5
GEO_NR01_1760_0320,5
GEO_NR01_1760_0352,5
GEO_NR01_1760_0384,5
GEO_NR01_1760_0416,5
GEO_NR01_1760_0448,5
GEO_NR01_1760_0480,5
GEO_NR01_1760_0512,5
GEO_NR01_1760_0544,5
GEO_NR01_1760_0576,5
GEO_NR01_1760_0608,5
GEO_NR01_1760_0640,5
GEO_NR01_1760_0672,5
GEO_NR01_1760_0704,5
GEO_NR01_1760_0736,5
GEO_NR01_1760_0768,5
GEO_NR01_1760_0800,5
GEO_NR01_1760_1024,4
GEO_NR01_1760_1248,5
GEO_NR01_1760_1280,5
GEO_NR01_1760_1312,5
GEO_NR01_1760_1344,5
GEO_NR01_1760_1376,5
GEO_NR01_1760_1408,5
GEO_NR01_1760_1440,5
GEO_NR01_1760_1472,5
GEO_NR01_1760_1504,5
GEO_NR01_1760_1536,5
GEO_NR01_1760_1568,5
GEO_NR01_1760_1600,5
GEO_NR01_1760_1632,5
GEO_NR01_1760_1664,5
GEO_NR01_1760_1696,5
GEO_NR01_1760_1728,5
GEO_NR01_1760_1760,5
GEO_NR01_1760_1792,5
GEO_NR01_1760_1824,5
GEO_NR01_1760_1856,5
GEO_NR01_1760_1888,5
GEO_NR01_1760_1920,5
GEO_NR01_1760_1952,5
GEO_NR01_1760_1984,5
GEO_NR01_1760_2016,5
GEO_NR01_1760_2048,5
GEO_NR01_1760_2080,5
GEO_NR01_1760_2112,5
GEO_NR01_1760_2144,5
GEO_NR01_1760_2176,5
GEO_NR01_1760_2208,5
GEO_NR01_1760_2240,5
GEO_NR01_1760_2272,5
GEO_NR01_1760_2304,5
GEO_NR01_1760_2336,5
GEO_NR01_1760_2368,5
GEO_NR01_1760_2400,5
GEO_NR01_1792_0000,5
GEO_NR01_1792_0032,5
GEO_NR01_1792_0064,5
GEO_NR01_1792_0096,5
GEO_NR01_1792_0128,5
GEO_NR01_1792_0160,5
GEO_NR01_1792_0192,5
GEO_NR01_1792_0224,5
GEO_NR01_1792_0256,5
GEO_NR01_1792_0288,5
GEO_NR01_1792_0320,5
GEO_NR01_1792_0352,5
GEO_NR01_1792_0384,5
GEO_NR01_1792_0416,5
GEO_NR01_1792_0448,5
GEO_NR01_1792_0480,5
GEO_NR01_1792_0512,5
GEO_NR01_1792_0544,5
GEO_NR01_1792_0576,5
GEO_NR01_1792_0608,5
GEO_NR01_1792_0640,5
GEO_NR01_1792_0672,5
GEO_NR01_1792_0704,5
GEO_NR01_1792_0736,5
GEO_NR01_1792_0768,5
GEO_NR01_1792_0800,5
GEO_NR01_1792_0832,5
GEO_NR01_1792_0864,5
GEO_NR01_1792_1184,5
GEO_NR01_1792_1216,5
GEO_NR01_1792_1248,5
GEO_NR01_1792_1280,5
GEO_NR01_1792_1312,5
GEO_NR01_1792_1344,5
GEO_NR01_1792_1376,5
GEO_NR01_1792_1408,5
GEO_NR01_1792_1440,5
GEO_NR01_1792_1472,5
GEO_NR01_1792_1504,5
GEO_NR01_1792_1536,5
GEO_NR01_1792_1568,5
GEO_NR01_1792_1600,5
GEO_NR01_1792_1632,5
GEO_NR01_1792_1664,5
GEO_NR01_1792_1696,5
GEO_NR01_1792_1728,5
GEO_NR01_1792_1760,5
GEO_NR01_1792_1792,5
GEO_NR01_1792_1824,5
GEO_NR01_1792_1856,5
GEO_NR01_1792_1888,5
GEO_NR01_1792_1920,5
GEO_NR01_1792_1952,5
GEO_NR01_1792_1984,5
GEO_NR01_1792_2016,5
GEO_NR01_1792_2048,5
GEO_NR01_1792_2080,5
GEO_NR01_1792_2112,5
GEO_NR01_1792_2144,5
GEO_NR01_1792_2176,5
GEO_NR01_1792_2208,5
GEO_NR01_1792_2240,5
GEO_NR01_1792_2272,5
GEO_NR01_1792_2304,5
GEO_NR01_1792_2336,5
GEO_NR01_1792_2368,5
GEO_NR01_1792_2400,5
GEO_NR01_1824_0000,5
GEO_NR01_1824_0032,5
GEO_NR01_1824_0064,5
GEO_NR01_1824_0096,5
GEO_NR01_1824_0128,5
GEO_NR01_1824_0160,5
GEO_NR01_1824_0192,5
GEO_NR01_1824_0224,5
GEO_NR01_1824_0256,5
GEO_NR01_1824_0288,5
GEO_NR01_1824_0320,5
GEO_NR01_1824_0352,5
GEO_NR01_1824_0384,5
GEO_NR01_1824_0416,5
GEO_NR01_1824_0448,5
GEO_NR01_1824_0480,5
GEO_NR01_1824_0512,5
GEO_NR01_1824_0544,5
GEO_NR01_1824_0576,5
GEO_NR01_1824_0608,5
GEO_NR01_1824_0640,5
GEO_NR01_1824_0672,5
GEO_NR01_1824_0704,5
GEO_NR01_1824_0736,5
GEO_NR01_1824_0768,5
GEO_NR01_1824_0800,5
GEO_NR01_1824_0832,5
GEO_NR01_1824_0864,5
GEO_NR01_1824_0896,5
GEO_NR01_1824_0928,5
GEO_NR01_1824_0992,5
GEO_NR01_1824_1024,5
GEO_NR01_1824_1120,5
GEO_NR01_1824_1152,5
GEO_NR01_1824_1184,5
GEO_NR01_1824_1216,5
GEO_NR01_1824_1248,5
GEO_NR01_1824_1280,5
GEO_NR01_1824_1312,5
GEO_NR01_1824_1344,5
GEO_NR01_1824_1376,5
GEO_NR01_1824_1408,5
GEO_NR01_1824_1440,5
GEO_NR01_1824_1472,5
GEO_NR01_1824_1504,5
GEO_NR01_1824_1536,5
GEO_NR01_1824_1568,5
GEO_NR01_1824_1600,5
GEO_NR01_1824_1632,5
GEO_NR01_1824_1664,5
GEO_NR01_1824_1696,5
GEO_NR01_1824_1728,5
GEO_NR01_1824_1760,5
GEO_NR01_1824_1792,5
GEO_NR01_1824_1824,5
GEO_NR01_1824_1856,5
GEO_NR01_1824_1888,5
GEO_NR01_1824_1920,5
GEO_NR01_1824_1952,5
GEO_NR01_1824_1984,5
GEO_NR01_1824_2016,5
GEO_NR01_1824_2048,5
GEO_NR01_1824_2080,5
GEO_NR01_1824_2112,5
GEO_NR01_1824_2144,5
GEO_NR01_1824_2176,5
GEO_NR01_1824_2208,5
GEO_NR01_1824_2240,5
GEO_NR01_1824_2272,5
GEO_NR01_1824_2304,5
GEO_NR01_1824_2336,5
GEO_NR01_1824_2368,5
GEO_NR01_1824_2400,5
GEO_NR01_1856_0000,5
GEO_NR01_1856_0032,5
GEO_NR01_1856_0064,5
GEO_NR01_1856_0096,5
GEO_NR01_1856_0128,5
GEO_NR01_1856_0160,5
GEO_NR01_1856_0192,5
GEO_NR01_1856_0224,5
GEO_NR01_1856_0256,5
GEO_NR01_1856_0288,5
GEO_NR01_1856_0320,5
GEO_NR01_1856_0352,5
GEO_NR01_1856_0384,5
GEO_NR01_1856_0416,5
GEO_NR01_1856_0448,5
GEO_NR01_1856_0480,5
GEO_NR01_1856_0512,5
GEO_NR01_1856_0544,5
GEO_NR01_1856_0576,5
GEO_NR01_1856_0608,5
GEO_NR01_1856_0640,5
GEO_NR01_1856_0672,5
GEO_NR01_1856_0704,5
GEO_NR01_1856_0736,5
GEO_NR01_1856_0768,5
GEO_NR01_1856_0800,5
GEO_NR01_1856_0832,5
GEO_NR01_1856_0864,5
GEO_NR01_1856_0896,5
GEO_NR01_1856_0928,5
GEO_NR01_1856_0960,5
GEO_NR01_1856_0992,5
GEO_NR01_1856_1024,5
GEO_NR01_1856_1056,5
GEO_NR01_1856_1088,5
GEO_NR01_1856_1120,5
GEO_NR01_1856_1152,5
GEO_NR01_1856_1184,5
GEO_NR01_1856_1216,5
GEO_NR01_1856_1248,5
GEO_NR01_1856_1280,5
GEO_NR01_1856_1312,5
GEO_NR01_1856_1344,5
GEO_NR01_1856_1376,5
GEO_NR01_1856_1408,5
GEO_NR01_1856_1440,5
GEO_NR01_1856_1472,5
GEO_NR01_1856_1504,5
GEO_NR01_1856_1536,5
GEO_NR01_1856_1568,5
GEO_NR01_1856_1600,5
GEO_NR01_1856_1632,5
GEO_NR01_1856_1664,5
GEO_NR01_1856_1696,5
GEO_NR01_1856_1728,5
GEO_NR01_1856_1760,5
GEO_NR01_1856_1792,5
GEO_NR01_1856_1824,5
GEO_NR01_1856_1856,5
GEO_NR01_1856_1888,5
GEO_NR01_1856_1920,5
GEO_NR01_1856_1952,5
GEO_NR01_1856_1984,5
GEO_NR01_1856_2016,5
GEO_NR01_1856_2048,5
GEO_NR01_1856_2080,5
GEO_NR01_1856_2112,5
GEO_NR01_1856_2144,5
GEO_NR01_1856_2176,5
GEO_NR01_1856_2208,5
GEO_NR01_1856_2240,5
GEO_NR01_1856_2272,5
GEO_NR01_1856_2304,5
GEO_NR01_1856_2336,5
GEO_NR01_1856_2368,5
GEO_NR01_1856_2400,5
GEO_NR01_1888_0000,5
GEO_NR01_1888_0032,5
GEO_NR01_1888_0064,5
GEO_NR01_1888_0096,5
GEO_NR01_1888_0128,5
GEO_NR01_1888_0160,5
GEO_NR01_1888_0192,5
GEO_NR01_1888_0224,5
GEO_NR01_1888_0256,5
GEO_NR01_1888_0288,5
GEO_NR01_1888_0320,5
GEO_NR01_1888_0352,5
GEO_NR01_1888_0384,5
GEO_NR01_1888_0416,5
GEO_NR01_1888_0448,5
GEO_NR01_1888_0480,5
GEO_NR01_1888_0512,5
GEO_NR01_1888_0544,5
GEO_NR01_1888_0576,5
GEO_NR01_1888_0608,5
GEO_NR01_1888_0640,5
GEO_NR01_1888_0672,5
GEO_NR01_1888_0704,5
GEO_NR01_1888_0736,5
GEO_NR01_1888_0768,5
GEO_NR01_1888_0800,5
GEO_NR01_1888_0832,5
GEO_NR01_1888_0864,5
GEO_NR01_1888_0896,5
GEO_NR01_1888_0928,5
GEO_NR01_1888_0960,5
GEO_NR01_1888_0992,5
GEO_NR01_1888_1024,5
GEO_NR01_1888_1056,5
GEO_NR01_1888_1088,5
GEO_NR01_1888_1120,5
GEO_NR01_1888_1152,5
GEO_NR01_1888_1184,5
GEO_NR01_1888_1216,5
GEO_NR01_1888_1248,5
GEO_NR01_1888_1280,5
GEO_NR01_1888_1312,5
GEO_NR01_1888_1344,5
GEO_NR01_1888_1376,5
GEO_NR01_1888_1408,5
GEO_NR01_1888_1440,5
GEO_NR01_1888_1472,5
GEO_NR01_1888_1504,5
GEO_NR01_1888_1536,5
GEO_NR01_1888_1568,5
GEO_NR01_1888_1600,5
GEO_NR01_1888_1632,5
GEO_NR01_1888_1664,5
GEO_NR01_1888_1696,5
GEO_NR01_1888_1728,5
GEO_NR01_1888_1760,5
GEO_NR01_1888_1792,5
GEO_NR01_1888_1824,5
GEO_NR01_1888_1856,5
GEO_NR01_1888_1888,5
GEO_NR01_1888_1920,5
GEO_NR01_1888_1952,5
GEO_NR01_1888_1984,5
GEO_NR01_1888_2016,5
GEO_NR01_1888_2048,5
GEO_NR01_1888_2080,5
GEO_NR01_1888_2112,5
GEO_NR01_1888_2144,5
GEO_NR01_1888_2176,5
GEO_NR01_1888_2208,5
GEO_NR01_1888_2240,5
GEO_NR01_1888_2272,5
GEO_NR01_1888_2304,5
GEO_NR01_1888_2336,5
GEO_NR01_1888_2368,5
GEO_NR01_1888_2400,5
GEO_NR01_1920_0000,5
GEO_NR01_1920_0032,5
GEO_NR01_1920_0064,5
GEO_NR01_1920_0096,5
GEO_NR01_1920_0128,5
GEO_NR01_1920_0160,5
GEO_NR01_1920_0192,5
GEO_NR01_1920_0224,5
GEO_NR01_1920_0256,5
GEO_NR01_1920_0288,5
GEO_NR01_1920_0320,5
GEO_NR01_1920_0352,5
GEO_NR01_1920_0384,5
GEO_NR01_1920_0416,5
GEO_NR01_1920_0448,5
GEO_NR01_1920_0480,5
GEO_NR01_1920_0512,5
GEO_NR01_1920_0544,5
GEO_NR01_1920_0576,5
GEO_NR01_1920_0608,5
GEO_NR01_1920_0640,5
GEO_NR01_1920_0672,5
GEO_NR01_1920_0704,5
GEO_NR01_1920_0736,5
GEO_NR01_1920_0768,5
GEO_NR01_1920_0800,5
GEO_NR01_1920_0832,5
GEO_NR01_1920_0864,5
GEO_NR01_1920_0896,5
GEO_NR01_1920_0928,5
GEO_NR01_1920_0960,5
GEO_NR01_1920_0992,5
GEO_NR01_1920_1024,5
GEO_NR01_1920_1056,5
GEO_NR01_1920_1088,5
GEO_NR01_1920_1120,5
GEO_NR01_1920_1152,5
GEO_NR01_1920_1184,5
GEO_NR01_1920_1216,5
GEO_NR01_1920_1248,5
GEO_NR01_1920_1280,5
GEO_NR01_1920_1312,5
GEO_NR01_1920_1344,5
GEO_NR01_1920_1376,5
GEO_NR01_1920_1408,5
GEO_NR01_1920_1440,5
GEO_NR01_1920_1472,5
GEO_NR01_1920_1504,5
GEO_NR01_1920_1536,5
GEO_NR01_1920_1568,5
GEO_NR01_1920_1600,5
GEO_NR01_1920_1632,5
GEO_NR01_1920_1664,5
GEO_NR01_1920_1696,5
GEO_NR01_1920_1728,5
GEO_NR01_1920_1760,5
GEO_NR01_1920_1792,5
GEO_NR01_1920_1824,5
GEO_NR01_1920_1856,5
GEO_NR01_1920_1888,5
GEO_NR01_1920_1920,5
GEO_NR01_1920_1952,5
GEO_NR01_1920_1984,5
GEO_NR01_1920_2016,5
GEO_NR01_1920_2048,5
GEO_NR01_1920_2080,5
GEO_NR01_1920_2112,5
GEO_NR01_1920_2144,5
GEO_NR01_1920_2176,5
GEO_NR01_1920_2208,5
GEO_NR01_1920_2240,5
GEO_NR01_1920_2272,5
GEO_NR01_1920_2304,5
GEO_NR01_1920_2336,5
GEO_NR01_1920_2368,5
GEO_NR01_1920_2400,5
GEO_NR01_1952_0000,5
GEO_NR01_1952_0032,5
GEO_NR01_1952_0064,5
GEO_NR01_1952_0096,5
GEO_NR01_1952_0128,5
GEO_NR01_1952_0160,5
GEO_NR01_1952_0192,5
GEO_NR01_1952_0224,5
GEO_NR01_1952_0256,5
GEO_NR01_1952_0288,5
GEO_NR01_1952_0320,5
GEO_NR01_1952_0352,5
GEO_NR01_1952_0384,5
GEO_NR01_1952_0416,5
GEO_NR01_1952_0448,5
GEO_NR01_1952_0480,5
GEO_NR01_1952_0512,5
GEO_NR01_1952_0544,5
GEO_NR01_1952_0576,5
GEO_NR01_1952_0608,5
GEO_NR01_1952_0640,5
GEO_NR01_1952_0672,5
GEO_NR01_1952_0704,5
GEO_NR01_1952_0736,5
GEO_NR01_1952_0768,5
GEO_NR01_1952_0800,5
GEO_NR01_1952_0832,5
GEO_NR01_1952_0864,5
GEO_NR01_1952_0896,5
GEO_NR01_1952_0928,5
GEO_NR01_1952_0960,5
GEO_NR01_1952_0992,5
GEO_NR01_1952_1024,5
GEO_NR01_1952_1056,5
GEO_NR01_1952_1088,5
GEO_NR01_1952_1120,5
GEO_NR01_1952_1152,5
GEO_NR01_1952_1184,5
GEO_NR01_1952_1216,5
GEO_NR01_1952_1248,5
GEO_NR01_1952_1280,5
GEO_NR01_1952_1312,5
GEO_NR01_1952_1344,5
GEO_NR01_1952_1376,5
GEO_NR01_1952_1408,5
GEO_NR01_1952_1440,5
GEO_NR01_1952_1472,5
GEO_NR01_1952_1504,5
GEO_NR01_1952_1536,5
GEO_NR01_1952_1568,5
GEO_NR01_1952_1600,5
GEO_NR01_1952_1632,5
GEO_NR01_1952_1664,5
GEO_NR01_1952_1696,5
GEO_NR01_1952_1728,5
GEO_NR01_1952_1760,5
GEO_NR01_1952_1792,5
GEO_NR01_1952_1824,5
GEO_NR01_1952_1856,5
GEO_NR01_1952_1888,5
GEO_NR01_1952_1920,5
GEO_NR01_1952_1952,5
GEO_NR01_1952_1984,5
GEO_NR01_1952_2016,5
GEO_NR01_1952_2048,5
GEO_NR01_1952_2080,5
GEO_NR01_1952_2112,5
GEO_NR01_1952_2144,5
GEO_NR01_1952_2176,5
GEO_NR01_1952_2208,5
GEO_NR01_1952_2240,5
GEO_NR01_1952_2272,5
GEO_NR01_1952_2304,5
GEO_NR01_1952_2336,5
GEO_NR01_1952_2368,5
GEO_NR01_1952_2400,5
GEO_NR01_1984_0000,5
GEO_NR01_1984_0032,5
GEO_NR01_1984_0064,5
GEO_NR01_1984_0096,5
GEO_NR01_1984_0128,5
GEO_NR01_1984_0160,5
GEO_NR01_1984_0192,5
GEO_NR01_1984_0224,5
GEO_NR01_1984_0256,5
GEO_NR01_1984_0288,5
GEO_NR01_1984_0320,5
GEO_NR01_1984_0352,5
GEO_NR01_1984_0384,5
GEO_NR01_1984_0416,5
GEO_NR01_1984_0448,5
GEO_NR01_1984_0480,5
GEO_NR01_1984_0512,5
GEO_NR01_1984_0544,5
GEO_NR01_1984_0576,5
GEO_NR01_1984_0608,5
GEO_NR01_1984_0640,5
GEO_NR01_1984_0672,5
GEO_NR01_1984_0704,5
GEO_NR01_1984_0736,5
GEO_NR01_1984_0768,5
GEO_NR01_1984_0800,5
GEO_NR01_1984_0832,5
GEO_NR01_1984_0864,5
GEO_NR01_1984_0896,5
GEO_NR01_1984_0928,5
GEO_NR01_1984_0960,5
GEO_NR01_1984_0992,5
GEO_NR01_1984_1024,5
GEO_NR01_1984_1056,5
GEO_NR01_1984_1088,5
GEO_NR01_1984_1120,5
GEO_NR01_1984_1152,5
GEO_NR01_1984_1184,5
GEO_NR01_1984_1216,5
GEO_NR01_1984_1248,5
GEO_NR01_1984_1280,5
GEO_NR01_1984_1312,5
GEO_NR01_1984_1344,5
GEO_NR01_1984_1376,5
GEO_NR01_1984_1408,5
GEO_NR01_1984_1440,5
GEO_NR01_1984_1472,5
GEO_NR01_1984_1504,5
GEO_NR01_1984_1536,5
GEO_NR01_1984_1568,5
GEO_NR01_1984_1600,5
GEO_NR01_1984_1632,5
GEO_NR01_1984_1664,5
GEO_NR01_1984_1696,5
GEO_NR01_1984_1728,5
GEO_NR01_1984_1760,5
GEO_NR01_1984_1792,5
GEO_NR01_1984_1824,5
GEO_NR01_1984_1856,5
GEO_NR01_1984_1888,5
GEO_NR01_1984_1920,5
GEO_NR01_1984_1952,5
GEO_NR01_1984_1984,5
GEO_NR01_1984_2016,5
GEO_NR01_1984_2048,5
GEO_NR01_1984_2080,5
GEO_NR01_1984_2112,5
GEO_NR01_1984_2144,5
GEO_NR01_1984_2176,5
GEO_NR01_1984_2208,5
GEO_NR01_1984_2240,5
GEO_NR01_1984_2272,5
GEO_NR01_1984_2304,5
GEO_NR01_1984_2336,5
GEO_NR01_1984_2368,5
GEO_NR01_1984_2400,5
GEO_NR01_2016_0000,5
GEO_NR01_2016_0032,5
GEO_NR01_2016_0064,5
GEO_NR01_2016_0096,5
GEO_NR01_2016_0128,5
GEO_NR01_2016_0160,5
GEO_NR01_2016_0192,5
GEO_NR01_2016_0224,5
GEO_NR01_2016_0256,5
GEO_NR01_2016_0288,5
GEO_NR01_2016_0320,5
GEO_NR01_2016_0352,5
GEO_NR01_2016_0384,5
GEO_NR01_2016_0416,5
GEO_NR01_2016_0448,5
GEO_NR01_2016_0480,5
GEO_NR01_2016_0512,5
GEO_NR01_2016_0544,5
GEO_NR01_2016_0576,5
GEO_NR01_2016_0608,5
GEO_NR01_2016_0640,5
GEO_NR01_2016_0672,5
GEO_NR01_2016_0704,5
GEO_NR01_2016_0736,5
GEO_NR01_2016_0768,5
GEO_NR01_2016_0800,5
GEO_NR01_2016_0832,5
GEO_NR01_2016_0864,5
GEO_NR01_2016_0896,5
GEO_NR01_2016_0928,5
GEO_NR01_2016_0960,5
GEO_NR01_2016_0992,5
GEO_NR01_2016_1024,5
GEO_NR01_2016_1056,5
GEO_NR01_2016_1088,5
GEO_NR01_2016_1120,5
GEO_NR01_2016_1152,5
GEO_NR01_2016_1184,5
GEO_NR01_2016_1216,5
GEO_NR01_2016_1248,5
GEO_NR01_2016_1280,5
GEO_NR01_2016_1312,5
GEO_NR01_2016_1344,5
GEO_NR01_2016_1376,5
GEO_NR01_2016_1408,5
GEO_NR01_2016_1440,5
GEO_NR01_2016_1472,5
GEO_NR01_2016_1504,5
GEO_NR01_2016_1536,5
GEO_NR01_2016_1568,5
GEO_NR01_2016_1600,5
GEO_NR01_2016_1632,5
GEO_NR01_2016_1664,5
GEO_NR01_2016_1696,5
GEO_NR01_2016_1728,5
GEO_NR01_2016_1760,5
GEO_NR01_2016_1792,5
GEO_NR01_2016_1824,5
GEO_NR01_2016_1856,5
GEO_NR01_2016_1888,5
GEO_NR01_2016_1920,5
GEO_NR01_2016_1952,5
GEO_NR01_2016_1984,5
GEO_NR01_2016_2016,5
GEO_NR01_2016_2048,5
GEO_NR01_2016_2080,5
GEO_NR01_2016_2112,5
GEO_NR01_2016_2144,5
GEO_NR01_2016_2176,5
GEO_NR01_2016_2208,5
GEO_NR01_2016_2240,5
GEO_NR01_2016_2272,5
GEO_NR01_2016_2304,5
GEO_NR01_2016_2336,5
GEO_NR01_2016_2368,5
GEO_NR01_2016_2400,5
GEO_NR01_2048_0000,5
GEO_NR01_2048_0032,5
GEO_NR01_2048_0064,5
GEO_NR01_2048_0096,5
GEO_NR01_2048_0128,5
GEO_NR01_2048_0160,5
GEO_NR01_2048_0192,5
GEO_NR01_2048_0224,5
GEO_NR01_2048_0256,5
GEO_NR01_2048_0288,5
GEO_NR01_2048_0320,5
GEO_NR01_2048_0352,5
GEO_NR01_2048_0384,5
GEO_NR01_2048_0416,5
GEO_NR01_2048_0448,5
GEO_NR01_2048_0480,5
GEO_NR01_2048_0512,5
GEO_NR01_2048_0544,5
GEO_NR01_2048_0576,5
GEO_NR01_2048_0608,5
GEO_NR01_2048_0640,5
GEO_NR01_2048_0672,5
GEO_NR01_2048_0704,5
GEO_NR01_2048_0736,5
GEO_NR01_2048_0768,5
GEO_NR01_2048_0800,5
GEO_NR01_2048_0832,5
GEO_NR01_2048_0864,5
GEO_NR01_2048_0896,5
GEO_NR01_2048_0928,5
GEO_NR01_2048_0960,5
GEO_NR01_2048_0992,5
GEO_NR01_2048_1024,5
GEO_NR01_2048_1056,5
GEO_NR01_2048_1088,5
GEO_NR01_2048_1120,5
GEO_NR01_2048_1152,5
GEO_NR01_2048_1184,5
GEO_NR01_2048_1216,5
GEO_NR01_2048_1248,5
GEO_NR01_2048_1280,5
GEO_NR01_2048_1312,5
GEO_NR01_2048_1344,5
GEO_NR01_2048_1376,5
GEO_NR01_2048_1408,5
GEO_NR01_2048_1440,5
GEO_NR01_2048_1472,5
GEO_NR01_2048_1504,5
GEO_NR01_2048_1536,5
GEO_NR01_2048_1568,5
GEO_NR01_2048_1600,5
GEO_NR01_2048_1632,5
GEO_NR01_2048_1664,5
GEO_NR01_2048_1696,5
GEO_NR01_2048_1728,5
GEO_NR01_2048_1760,5
GEO_NR01_2048_1792,5
GEO_NR01_2048_1824,5
GEO_NR01_2048_1856,5
GEO_NR01_2048_1888,5
GEO_NR01_2048_1920,5
GEO_NR01_2048_1952,5
GEO_NR01_2048_1984,5
GEO_NR01_2048_2016,5
GEO_NR01_2048_2048,5
GEO_NR01_2048_2080,5
GEO_NR01_2048_2112,5
GEO_NR01_2048_2144,5
GEO_NR01_2048_2176,5
GEO_NR01_2048_2208,5
GEO_NR01_2048_2240,5
GEO_NR01_2048_2272,5
GEO_NR01_2048_2304,5
GEO_NR01_2048_2336,5
GEO_NR01_2048_2368,5
GEO_NR01_2048_2400,5
GEO_NR01_2080_0000,5
GEO_NR01_2080_0032,5
GEO_NR01_2080_0064,5
GEO_NR01_2080_0096,5
GEO_NR01_2080_0128,5
GEO_NR01_2080_0160,5
GEO_NR01_2080_0192,5
GEO_NR01_2080_0224,5
GEO_NR01_2080_0256,5
GEO_NR01_2080_0288,5
GEO_NR01_2080_0320,5
GEO_NR01_2080_0352,5
GEO_NR01_2080_0384,5
GEO_NR01_2080_0416,5
GEO_NR01_2080_0448,5
GEO_NR01_2080_0480,5
GEO_NR01_2080_0512,5
GEO_NR01_2080_0544,5
GEO_NR01_2080_0576,5
GEO_NR01_2080_0608,5
GEO_NR01_2080_0640,5
GEO_NR01_2080_0672,5
GEO_NR01_2080_0704,5
GEO_NR01_2080_0736,5
GEO_NR01_2080_0768,5
GEO_NR01_2080_0800,5
GEO_NR01_2080_0832,5
GEO_NR01_2080_0864,5
GEO_NR01_2080_0896,5
GEO_NR01_2080_0928,5
GEO_NR01_2080_0960,5
GEO_NR01_2080_0992,5
GEO_NR01_2080_1024,5
GEO_NR01_2080_1056,5
GEO_NR01_2080_1088,5
GEO_NR01_2080_1120,5
GEO_NR01_2080_1152,5
GEO_NR01_2080_1184,5
GEO_NR01_2080_1216,5
GEO_NR01_2080_1248,5
GEO_NR01_2080_1280,5
GEO_NR01_2080_1312,5
GEO_NR01_2080_1344,5
GEO_NR01_2080_1376,5
GEO_NR01_2080_1408,5
GEO_NR01_2080_1440,5
GEO_NR01_2080_1472,5
GEO_NR01_2080_1504,5
GEO_NR01_2080_1536,5
GEO_NR01_2080_1568,5
GEO_NR01_2080_1600,5
GEO_NR01_2080_1632,5
GEO_NR01_2080_1664,5
GEO_NR01_2080_1696,5
GEO_NR01_2080_1728,5
GEO_NR01_2080_1760,5
GEO_NR01_2080_1792,5
GEO_NR01_2080_1824,5
GEO_NR01_2080_1856,5
GEO_NR01_2080_1888,5
GEO_NR01_2080_1920,5
GEO_NR01_2080_1952,5
GEO_NR01_2080_1984,5
GEO_NR01_2080_2016,5
GEO_NR01_2080_2048,5
GEO_NR01_2080_2080,5
GEO_NR01_2080_2112,5
GEO_NR01_2080_2144,5
GEO_NR01_2080_2176,5
GEO_NR01_2080_2208,5
GEO_NR01_2080_2240,5
GEO_NR01_2080_2272,5
GEO_NR01_2080_2304,5
GEO_NR01_2080_2336,5
GEO_NR01_2080_2368,5
GEO_NR01_2080_2400,5
GEO_NR01_2112_0000,5
GEO_NR01_2112_0032,5
GEO_NR01_2112_0064,5
GEO_NR01_2112_0096,5
GEO_NR01_2112_0128,5
GEO_NR01_2112_0160,5
GEO_NR01_2112_0192,5
GEO_NR01_2112_0224,5
GEO_NR01_2112_0256,5
GEO_NR01_2112_0288,5
GEO_NR01_2112_0320,5
GEO_NR01_2112_0352,5
GEO_NR01_2112_0384,5
GEO_NR01_2112_0416,5
GEO_NR01_2112_0448,5
GEO_NR01_2112_0480,5
GEO_NR01_2112_0512,5
GEO_NR01_2112_0544,5
GEO_NR01_2112_0576,5
GEO_NR01_2112_0608,5
GEO_NR01_2112_0640,5
GEO_NR01_2112_0672,5
GEO_NR01_2112_0704,5
GEO_NR01_2112_0736,5
GEO_NR01_2112_0768,5
GEO_NR01_2112_0800,5
GEO_NR01_2112_0832,5
GEO_NR01_2112_0864,5
GEO_NR01_2112_0896,5
GEO_NR01_2112_0928,5
GEO_NR01_2112_0960,5
GEO_NR01_2112_0992,5
GEO_NR01_2112_1024,5
GEO_NR01_2112_1056,5
GEO_NR01_2112_1088,5
GEO_NR01_2112_1120,5
GEO_NR01_2112_1152,5
GEO_NR01_2112_1184,5
GEO_NR01_2112_1216,5
GEO_NR01_2112_1248,5
GEO_NR01_2112_1280,5
GEO_NR01_2112_1312,5
GEO_NR01_2112_1344,5
GEO_NR01_2112_1376,5
GEO_NR01_2112_1408,5
GEO_NR01_2112_1440,5
GEO_NR01_2112_1472,5
GEO_NR01_2112_1504,5
GEO_NR01_2112_1536,5
GEO_NR01_2112_1568,5
GEO_NR01_2112_1600,5
GEO_NR01_2112_1632,5
GEO_NR01_2112_1664,5
GEO_NR01_2112_1696,5
GEO_NR01_2112_1728,5
GEO_NR01_2112_1760,5
GEO_NR01_2112_1792,5
GEO_NR01_2112_1824,5
GEO_NR01_2112_1856,5
GEO_NR01_2112_1888,5
GEO_NR01_2112_1920,5
GEO_NR01_2112_1952,5
GEO_NR01_2112_1984,5
GEO_NR01_2112_2016,5
GEO_NR01_2112_2048,5
GEO_NR01_2112_2080,5
GEO_NR01_2112_2112,5
GEO_NR01_2112_2144,5
GEO_NR01_2112_2176,5
GEO_NR01_2112_2208,5
GEO_NR01_2112_2240,5
GEO_NR01_2112_2272,5
GEO_NR01_2112_2304,5
GEO_NR01_2112_2336,5
GEO_NR01_2112_2368,5
GEO_NR01_2112_2400,5
GEO_NR01_2144_0000,5
GEO_NR01_2144_0032,5
GEO_NR01_2144_0064,5
GEO_NR01_2144_0096,5
GEO_NR01_2144_0128,5
GEO_NR01_2144_0160,5
GEO_NR01_2144_0192,5
GEO_NR01_2144_0224,5
GEO_NR01_2144_0256,5
GEO_NR01_2144_0288,5
GEO_NR01_2144_0320,5
GEO_NR01_2144_0352,5
GEO_NR01_2144_0384,5
GEO_NR01_2144_0416,5
GEO_NR01_2144_0448,5
GEO_NR01_2144_0480,5
GEO_NR01_2144_0512,5
GEO_NR01_2144_0544,5
GEO_NR01_2144_0576,5
GEO_NR01_2144_0608,5
GEO_NR01_2144_0640,5
GEO_NR01_2144_0672,5
GEO_NR01_2144_0704,5
GEO_NR01_2144_0736,5
GEO_NR01_2144_0768,5
GEO_NR01_2144_0800,5
GEO_NR01_2144_0832,5
GEO_NR01_2144_0864,5
GEO_NR01_2144_0896,5
GEO_NR01_2144_0928,5
GEO_NR01_2144_0960,5
GEO_NR01_2144_0992,5
GEO_NR01_2144_1024,5
GEO_NR01_2144_1056,5
GEO_NR01_2144_1088,5
GEO_NR01_2144_1120,5
GEO_NR01_2144_1152,5
GEO_NR01_2144_1184,5
GEO_NR01_2144_1216,5
GEO_NR01_2144_1248,5
GEO_NR01_2144_1280,5
GEO_NR01_2144_1312,5
GEO_NR01_2144_1344,5
GEO_NR01_2144_1376,5
GEO_NR01_2144_1408,5
GEO_NR01_2144_1440,5
GEO_NR01_2144_1472,5
GEO_NR01_2144_1504,5
GEO_NR01_2144_1536,5
GEO_NR01_2144_1568,5
GEO_NR01_2144_1600,5
GEO_NR01_2144_1632,5
GEO_NR01_2144_1664,5
GEO_NR01_2144_1696,5
GEO_NR01_2144_1728,5
GEO_NR01_2144_1760,5
GEO_NR01_2144_1792,5
GEO_NR01_2144_1824,5
GEO_NR01_2144_1856,5
GEO_NR01_2144_1888,5
GEO_NR01_2144_1920,5
GEO_NR01_2144_1952,5
GEO_NR01_2144_1984,5
GEO_NR01_2144_2016,5
GEO_NR01_2144_2048,5
GEO_NR01_2144_2080,5
GEO_NR01_2144_2112,5
GEO_NR01_2144_2144,5
GEO_NR01_2144_2176,5
GEO_NR01_2144_2208,5
GEO_NR01_2144_2240,5
GEO_NR01_2144_2272,5
GEO_NR01_2144_2304,5
GEO_NR01_2144_2336,5
GEO_NR01_2144_2368,5
GEO_NR01_2144_2400,5
GEO_NR01_2176_0000,5
GEO_NR01_2176_0032,5
GEO_NR01_2176_0064,5
GEO_NR01_2176_0096,5
GEO_NR01_2176_0128,5
GEO_NR01_2176_0160,5
GEO_NR01_2176_0192,5
GEO_NR01_2176_0224,5
GEO_NR01_2176_0256,5
GEO_NR01_2176_0288,5
GEO_NR01_2176_0320,5
GEO_NR01_2176_0352,5
GEO_NR01_2176_0384,5
GEO_NR01_2176_0416,5
GEO_NR01_2176_0448,5
GEO_NR01_2176_0480,5
GEO_NR01_2176_0512,5
GEO_NR01_2176_0544,5
GEO_NR01_2176_0576,5
GEO_NR01_2176_0608,5
GEO_NR01_2176_0640,5
GEO_NR01_2176_0672,5
GEO_NR01_2176_0704,5
GEO_NR01_2176_0736,5
GEO_NR01_2176_0768,5
GEO_NR01_2176_0800,5
GEO_NR01_2176_0832,5
GEO_NR01_2176_0864,5
GEO_NR01_2176_0896,5
GEO_NR01_2176_0928,5
GEO_NR01_2176_0960,5
GEO_NR01_2176_0992,5
GEO_NR01_2176_1024,5
GEO_NR01_2176_1056,5
GEO_NR01_2176_1088,5
GEO_NR01_2176_1120,5
GEO_NR01_2176_1152,5
GEO_NR01_2176_1184,5
GEO_NR01_2176_1216,5
GEO_NR01_2176_1248,5
GEO_NR01_2176_1280,5
GEO_NR01_2176_1312,5
GEO_NR01_2176_1344,5
GEO_NR01_2176_1376,5
GEO_NR01_2176_1408,5
GEO_NR01_2176_1440,5
GEO_NR01_2176_1472,5
GEO_NR01_2176_1504,5
GEO_NR01_2176_1536,5
GEO_NR01_2176_1568,5
GEO_NR01_2176_1600,5
GEO_NR01_2176_1632,5
GEO_NR01_2176_1664,5
GEO_NR01_2176_1696,5
GEO_NR01_2176_1728,5
GEO_NR01_2176_1760,5
GEO_NR01_2176_1792,5
GEO_NR01_2176_1824,5
GEO_NR01_2176_1856,5
GEO_NR01_2176_1888,5
GEO_NR01_2176_1920,5
GEO_NR01_2176_1952,5
GEO_NR01_2176_1984,5
GEO_NR01_2176_2016,5
GEO_NR01_2176_2048,5
GEO_NR01_2176_2080,5
GEO_NR01_2176_2112,5
GEO_NR01_2176_2144,5
GEO_NR01_2176_2176,5
GEO_NR01_2176_2208,5
GEO_NR01_2176_2240,5
GEO_NR01_2176_2272,5
GEO_NR01_2176_2304,5
GEO_NR01_2176_2336,5
GEO_NR01_2176_2368,5
GEO_NR01_2176_2400,5
GEO_NR01_2208_0000,5
GEO_NR01_2208_0032,5
GEO_NR01_2208_0064,5
GEO_NR01_2208_0096,5
GEO_NR01_2208_0128,5
GEO_NR01_2208_0160,5
GEO_NR01_2208_0192,5
GEO_NR01_2208_0224,5
GEO_NR01_2208_0256,5
GEO_NR01_2208_0288,5
GEO_NR01_2208_0320,5
GEO_NR01_2208_0352,5
GEO_NR01_2208_0384,5
GEO_NR01_2208_0416,5
GEO_NR01_2208_0448,5
GEO_NR01_2208_0480,5
GEO_NR01_2208_0512,5
GEO_NR01_2208_0544,5
GEO_NR01_2208_0576,5
GEO_NR01_2208_0608,5
GEO_NR01_2208_0640,5
GEO_NR01_2208_0672,5
GEO_NR01_2208_0704,5
GEO_NR01_2208_0736,5
GEO_NR01_2208_0768,5
GEO_NR01_2208_0800,5
GEO_NR01_2208_0832,5
GEO_NR01_2208_0864,5
GEO_NR01_2208_0896,5
GEO_NR01_2208_0928,5
GEO_NR01_2208_0960,5
GEO_NR01_2208_0992,5
GEO_NR01_2208_1024,5
GEO_NR01_2208_1056,5
GEO_NR01_2208_1088,5
GEO_NR01_2208_1120,5
GEO_NR01_2208_1152,5
GEO_NR01_2208_1184,5
GEO_NR01_2208_1216,5
GEO_NR01_2208_1248,5
GEO_NR01_2208_1280,5
GEO_NR01_2208_1312,5
GEO_NR01_2208_1344,5
GEO_NR01_2208_1376,5
GEO_NR01_2208_1408,5
GEO_NR01_2208_1440,5
GEO_NR01_2208_1472,5
GEO_NR01_2208_1504,5
GEO_NR01_2208_1536,5
GEO_NR01_2208_1568,5
GEO_NR01_2208_1600,5
GEO_NR01_2208_1632,5
GEO_NR01_2208_1664,5
GEO_NR01_2208_1696,5
GEO_NR01_2208_1728,5
GEO_NR01_2208_1760,5
GEO_NR01_2208_1792,5
GEO_NR01_2208_1824,5
GEO_NR01_2208_1856,5
GEO_NR01_2208_1888,5
GEO_NR01_2208_1920,5
GEO_NR01_2208_1952,5
GEO_NR01_2208_1984,5
GEO_NR01_2208_2016,5
GEO_NR01_2208_2048,5
GEO_NR01_2208_2080,5
GEO_NR01_2208_2112,5
GEO_NR01_2208_2144,5
GEO_NR01_2208_2176,5
GEO_NR01_2208_2208,5
GEO_NR01_2208_2240,5
GEO_NR01_2208_2272,5
GEO_NR01_2208_2304,5
GEO_NR01_2208_2336,5
GEO_NR01_2208_2368,5
GEO_NR01_2208_2400,5
GEO_NR01_2240_0000,5
GEO_NR01_2240_0032,5
GEO_NR01_2240_0064,5
GEO_NR01_2240_0096,5
GEO_NR01_2240_0128,5
GEO_NR01_2240_0160,5
GEO_NR01_2240_0192,5
GEO_NR01_2240_0224,5
GEO_NR01_2240_0256,5
GEO_NR01_2240_0288,5
GEO_NR01_2240_0320,5
GEO_NR01_2240_0352,5
GEO_NR01_2240_0384,5
GEO_NR01_2240_0416,5
GEO_NR01_2240_0448,5
GEO_NR01_2240_0480,5
GEO_NR01_2240_0512,5
GEO_NR01_2240_0544,5
GEO_NR01_2240_0576,5
GEO_NR01_2240_0608,5
GEO_NR01_2240_0640,5
GEO_NR01_2240_0672,5
GEO_NR01_2240_0704,5
GEO_NR01_2240_0736,5
GEO_NR01_2240_0768,5
GEO_NR01_2240_0800,5
GEO_NR01_2240_0832,5
GEO_NR01_2240_0864,5
GEO_NR01_2240_0896,5
GEO_NR01_2240_0928,5
GEO_NR01_2240_0960,5
GEO_NR01_2240_0992,5
GEO_NR01_2240_1024,5
GEO_NR01_2240_1056,5
GEO_NR01_2240_1088,5
GEO_NR01_2240_1120,5
GEO_NR01_2240_1152,5
GEO_NR01_2240_1184,5
GEO_NR01_2240_1216,5
GEO_NR01_2240_1248,5
GEO_NR01_2240_1280,5
GEO_NR01_2240_1312,5
GEO_NR01_2240_1344,5
GEO_NR01_2240_1376,5
GEO_NR01_2240_1408,5
GEO_NR01_2240_1440,5
GEO_NR01_2240_1472,5
GEO_NR01_2240_1504,5
GEO_NR01_2240_1536,5
GEO_NR01_2240_1568,5
GEO_NR01_2240_1600,5
GEO_NR01_2240_1632,5
GEO_NR01_2240_1664,5
GEO_NR01_2240_1696,5
GEO_NR01_2240_1728,5
GEO_NR01_2240_1760,5
GEO_NR01_2240_1792,5
GEO_NR01_2240_1824,5
GEO_NR01_2240_1856,5
GEO_NR01_2240_1888,5
GEO_NR01_2240_1920,5
GEO_NR01_2240_1952,5
GEO_NR01_2240_1984,5
GEO_NR01_2240_2016,5
GEO_NR01_2240_2048,5
GEO_NR01_2240_2080,5
GEO_NR01_2240_2112,5
GEO_NR01_2240_2144,5
GEO_NR01_2240_2176,5
GEO_NR01_2240_2208,5
GEO_NR01_2240_2240,5
GEO_NR01_2240_2272,5
GEO_NR01_2240_2304,5
GEO_NR01_2240_2336,5
GEO_NR01_2240_2368,5
GEO_NR01_2240_2400,5
GEO_NR01_2272_0000,5
GEO_NR01_2272_0032,5
GEO_NR01_2272_0064,5
GEO_NR01_2272_0096,5
GEO_NR01_2272_0128,5
GEO_NR01_2272_0160,5
GEO_NR01_2272_0192,5
GEO_NR01_2272_0224,5
GEO_NR01_2272_0256,5
GEO_NR01_2272_0288,5
GEO_NR01_2272_0320,5
GEO_NR01_2272_0352,5
GEO_NR01_2272_0384,5
GEO_NR01_2272_0416,5
GEO_NR01_2272_0448,5
GEO_NR01_2272_0480,5
GEO_NR01_2272_0512,5
GEO_NR01_2272_0544,5
GEO_NR01_2272_0576,5
GEO_NR01_2272_0608,5
GEO_NR01_2272_0640,5
GEO_NR01_2272_0672,5
GEO_NR01_2272_0704,5
GEO_NR01_2272_0736,5
GEO_NR01_2272_0768,5
GEO_NR01_2272_0800,5
GEO_NR01_2272_0832,5
GEO_NR01_2272_0864,5
GEO_NR01_2272_0896,5
GEO_NR01_2272_0928,5
GEO_NR01_2272_0960,5
GEO_NR01_2272_0992,5
GEO_NR01_2272_1024,5
GEO_NR01_2272_1056,5
GEO_NR01_2272_1088,5
GEO_NR01_2272_1120,5
GEO_NR01_2272_1152,5
GEO_NR01_2272_1184,5
GEO_NR01_2272_1216,5
GEO_NR01_2272_1248,5
GEO_NR01_2272_1280,5
GEO_NR01_2272_1312,5
GEO_NR01_2272_1344,5
GEO_NR01_2272_1376,5
GEO_NR01_2272_1408,5
GEO_NR01_2272_1440,5
GEO_NR01_2272_1472,5
GEO_NR01_2272_1504,5
GEO_NR01_2272_1536,5
GEO_NR01_2272_1568,5
GEO_NR01_2272_1600,5
GEO_NR01_2272_1632,5
GEO_NR01_2272_1664,5
GEO_NR01_2272_1696,5
GEO_NR01_2272_1728,5
GEO_NR01_2272_1760,5
GEO_NR01_2272_1792,5
GEO_NR01_2272_1824,5
GEO_NR01_2272_1856,5
GEO_NR01_2272_1888,5
GEO_NR01_2272_1920,5
GEO_NR01_2272_1952,5
GEO_NR01_2272_1984,5
GEO_NR01_2272_2016,5
GEO_NR01_2272_2048,5
GEO_NR01_2272_2080,5
GEO_NR01_2272_2112,5
GEO_NR01_2272_2144,5
GEO_NR01_2272_2176,5
GEO_NR01_2272_2208,5
GEO_NR01_2272_2240,5
GEO_NR01_2272_2272,5
GEO_NR01_2272_2304,5
GEO_NR01_2272_2336,5
GEO_NR01_2272_2368,5
GEO_NR01_2272_2400,5
GEO_NR01_2304_0000,5
GEO_NR01_2304_0032,5
GEO_NR01_2304_0064,5
GEO_NR01_2304_0096,5
GEO_NR01_2304_0128,5
GEO_NR01_2304_0160,5
GEO_NR01_2304_0192,5
GEO_NR01_2304_0224,5
GEO_NR01_2304_0256,5
GEO_NR01_2304_0288,5
GEO_NR01_2304_0320,5
GEO_NR01_2304_0352,5
GEO_NR01_2304_0384,5
GEO_NR01_2304_0416,5
GEO_NR01_2304_0448,5
GEO_NR01_2304_0480,5
GEO_NR01_2304_0512,5
GEO_NR01_2304_0544,5
GEO_NR01_2304_0576,5
GEO_NR01_2304_0608,5
GEO_NR01_2304_0640,5
GEO_NR01_2304_0672,5
GEO_NR01_2304_0704,5
GEO_NR01_2304_0736,5
GEO_NR01_2304_0768,5
GEO_NR01_2304_0800,5
GEO_NR01_2304_0832,5
GEO_NR01_2304_0864,5
GEO_NR01_2304_0896,5
GEO_NR01_2304_0928,5
GEO_NR01_2304_0960,5
GEO_NR01_2304_0992,5
GEO_NR01_2304_1024,5
GEO_NR01_2304_1056,5
GEO_NR01_2304_1088,5
GEO_NR01_2304_1120,5
GEO_NR01_2304_1152,5
GEO_NR01_2304_1184,5
GEO_NR01_2304_1216,5
GEO_NR01_2304_1248,5
GEO_NR01_2304_1280,5
GEO_NR01_2304_1312,5
GEO_NR01_2304_1344,5
GEO_NR01_2304_1376,5
GEO_NR01_2304_1408,5
GEO_NR01_2304_1440,5
GEO_NR01_2304_1472,5
GEO_NR01_2304_1504,5
GEO_NR01_2304_1536,5
GEO_NR01_2304_1568,5
GEO_NR01_2304_1600,5
GEO_NR01_2304_1632,5
GEO_NR01_2304_1664,5
GEO_NR01_2304_1696,5
GEO_NR01_2304_1728,5
GEO_NR01_2304_1760,5
GEO_NR01_2304_1792,5
GEO_NR01_2304_1824,5
GEO_NR01_2304_1856,5
GEO_NR01_2304_1888,5
GEO_NR01_2304_1920,5
GEO_NR01_2304_1952,5
GEO_NR01_2304_1984,5
GEO_NR01_2304_2016,5
GEO_NR01_2304_2048,5
GEO_NR01_2304_2080,5
GEO_NR01_2304_2112,5
GEO_NR01_2304_2144,5
GEO_NR01_2304_2176,5
GEO_NR01_2304_2208,5
GEO_NR01_2304_2240,5
GEO_NR01_2304_2272,5
GEO_NR01_2304_2304,5
GEO_NR01_2304_2336,5
GEO_NR01_2304_2368,5
GEO_NR01_2304_2400,5
GEO_NR01_2336_0000,5
GEO_NR01_2336_0032,5
GEO_NR01_2336_0064,5
GEO_NR01_2336_0096,5
GEO_NR01_2336_0128,5
GEO_NR01_2336_0160,5
GEO_NR01_2336_0192,5
GEO_NR01_2336_0224,5
GEO_NR01_2336_0256,5
GEO_NR01_2336_0288,5
GEO_NR01_2336_0320,5
GEO_NR01_2336_0352,5
GEO_NR01_2336_0384,5
GEO_NR01_2336_0416,5
GEO_NR01_2336_0448,5
GEO_NR01_2336_0480,5
GEO_NR01_2336_0512,5
GEO_NR01_2336_0544,5
GEO_NR01_2336_0576,5
GEO_NR01_2336_0608,5
GEO_NR01_2336_0640,5
GEO_NR01_2336_0672,5
GEO_NR01_2336_0704,5
GEO_NR01_2336_0736,5
GEO_NR01_2336_0768,5
GEO_NR01_2336_0800,5
GEO_NR01_2336_0832,5
GEO_NR01_2336_0864,5
GEO_NR01_2336_0896,5
GEO_NR01_2336_0928,5
GEO_NR01_2336_0960,5
GEO_NR01_2336_0992,5
GEO_NR01_2336_1024,5
GEO_NR01_2336_1056,5
GEO_NR01_2336_1088,5
GEO_NR01_2336_1120,5
GEO_NR01_2336_1152,5
GEO_NR01_2336_1184,5
GEO_NR01_2336_1216,5
GEO_NR01_2336_1248,5
GEO_NR01_2336_1280,5
GEO_NR01_2336_1312,5
GEO_NR01_2336_1344,5
GEO_NR01_2336_1376,5
GEO_NR01_2336_1408,5
GEO_NR01_2336_1440,5
GEO_NR01_2336_1472,5
GEO_NR01_2336_1504,5
GEO_NR01_2336_1536,5
GEO_NR01_2336_1568,5
GEO_NR01_2336_1600,5
GEO_NR01_2336_1632,5
GEO_NR01_2336_1664,5
GEO_NR01_2336_1696,5
GEO_NR01_2336_1728,5
GEO_NR01_2336_1760,5
GEO_NR01_2336_1792,5
GEO_NR01_2336_1824,5
GEO_NR01_2336_1856,5
GEO_NR01_2336_1888,5
GEO_NR01_2336_1920,5
GEO_NR01_2336_1952,5
GEO_NR01_2336_1984,5
GEO_NR01_2336_2016,5
GEO_NR01_2336_2048,5
GEO_NR01_2336_2080,5
GEO_NR01_2336_2112,5
GEO_NR01_2336_2144,5
GEO_NR01_2336_2176,5
GEO_NR01_2336_2208,5
GEO_NR01_2336_2240,5
GEO_NR01_2336_2272,5
GEO_NR01_2336_2304,5
GEO_NR01_2336_2336,5
GEO_NR01_2336_2368,5
GEO_NR01_2336_2400,5
GEO_NR01_2368_0000,5
GEO_NR01_2368_0032,5
GEO_NR01_2368_0064,5
GEO_NR01_2368_0096,5
GEO_NR01_2368_0128,5
GEO_NR01_2368_0160,5
GEO_NR01_2368_0192,5
GEO_NR01_2368_0224,5
GEO_NR01_2368_0256,5
GEO_NR01_2368_0288,5
GEO_NR01_2368_0320,5
GEO_NR01_2368_0352,5
GEO_NR01_2368_0384,5
GEO_NR01_2368_0416,5
GEO_NR01_2368_0448,5
GEO_NR01_2368_0480,5
GEO_NR01_2368_0512,5
GEO_NR01_2368_0544,5
GEO_NR01_2368_0576,5
GEO_NR01_2368_0608,5
GEO_NR01_2368_0640,5
GEO_NR01_2368_0672,5
GEO_NR01_2368_0704,5
GEO_NR01_2368_0736,5
GEO_NR01_2368_0768,5
GEO_NR01_2368_0800,5
GEO_NR01_2368_0832,5
GEO_NR01_2368_0864,5
GEO_NR01_2368_0896,5
GEO_NR01_2368_0928,5
GEO_NR01_2368_0960,5
GEO_NR01_2368_0992,5
GEO_NR01_2368_1024,5
GEO_NR01_2368_1056,5
GEO_NR01_2368_1088,5
GEO_NR01_2368_1120,5
GEO_NR01_2368_1152,5
GEO_NR01_2368_1184,5
GEO_NR01_2368_1216,5
GEO_NR01_2368_1248,5
GEO_NR01_2368_1280,5
GEO_NR01_2368_1312,5
GEO_NR01_2368_1344,5
GEO_NR01_2368_1376,5
GEO_NR01_2368_1408,5
GEO_NR01_2368_1440,5
GEO_NR01_2368_1472,5
GEO_NR01_2368_1504,5
GEO_NR01_2368_1536,5
GEO_NR01_2368_1568,5
GEO_NR01_2368_1600,5
GEO_NR01_2368_1632,5
GEO_NR01_2368_1664,5
GEO_NR01_2368_1696,5
GEO_NR01_2368_1728,5
GEO_NR01_2368_1760,5
GEO_NR01_2368_1792,5
GEO_NR01_2368_1824,5
GEO_NR01_2368_1856,5
GEO_NR01_2368_1888,5
GEO_NR01_2368_1920,5
GEO_NR01_2368_1952,5
GEO_NR01_2368_1984,5
GEO_NR01_2368_2016,5
GEO_NR01_2368_2048,5
GEO_NR01_2368_2080,5
GEO_NR01_2368_2112,5
GEO_NR01_2368_2144,5
GEO_NR01_2368_2176,5
GEO_NR01_2368_2208,5
GEO_NR01_2368_2240,5
GEO_NR01_2368_2272,5
GEO_NR01_2368_2304,5
GEO_NR01_2368_2336,5
GEO_NR01_2368_2368,5
GEO_NR01_2368_2400,5
GEO_NR02_0000_0000,5
GEO_NR02_0000_0032,5
GEO_NR02_0000_0192,4
GEO_NR02_0000_0224,4
GEO_NR02_0000_0288,4
GEO_NR02_0000_0320,4
GEO_NR02_0000_0768,4
GEO_NR02_0000_0800,4
GEO_NR02_0000_0832,4
GEO_NR02_0000_1088,4
GEO_NR02_0000_1344,4
GEO_NR02_0000_1376,4
GEO_NR02_0000_1472,4
GEO_NR02_0000_1504,4
GEO_NR02_0000_1536,4
GEO_NR02_0000_1568,4
GEO_NR02_0000_1824,4
GEO_NR02_0000_1952,4
GEO_NR02_0000_1984,4
GEO_NR02_0000_2016,4
GEO_NR02_0000_2048,4
GEO_NR02_0000_2080,4
GEO_NR02_0000_2112,4
GEO_NR02_0000_2144,4
GEO_NR02_0000_2176,4
GEO_NR02_0032_0000,5
GEO_NR02_0032_0032,5
GEO_NR02_0032_0160,4
GEO_NR02_0032_0288,4
GEO_NR02_0032_0320,4
GEO_NR02_0032_0352,4
GEO_NR02_0032_0704,4
GEO_NR02_0032_0736,4
GEO_NR02_0032_0768,4
GEO_NR02_0032_0800,4
GEO_NR02_0032_0832,4
GEO_NR02_0032_1344,4
GEO_NR02_0032_1376,4
GEO_NR02_0032_1472,4
GEO_NR02_0032_1504,4
GEO_NR02_0032_1536,4
GEO_NR02_0032_1984,4
GEO_NR02_0032_2016,4
GEO_NR02_0032_2048,4
GEO_NR02_0032_2080,4
GEO_NR02_0032_2112,4
GEO_NR02_0032_2144,4
GEO_NR02_0032_2176,4
GEO_NR02_0064_0000,5
GEO_NR02_0064_0032,5
GEO_NR02_0064_0160,4
GEO_NR02_0064_0608,4
GEO_NR02_0064_0640,4
GEO_NR02_0064_0672,4
GEO_NR02_0064_0704,4
GEO_NR02_0064_0736,4
GEO_NR02_0064_0768,4
GEO_NR02_0064_0800,4
GEO_NR02_0064_0960,4
GEO_NR02_0064_0992,4
GEO_NR02_0064_1024,4
GEO_NR02_0064_1056,4
GEO_NR02_0064_1088,4
GEO_NR02_0064_1120,4
GEO_NR02_0064_1152,4
GEO_NR02_0064_1312,4
GEO_NR02_0064_1344,4
GEO_NR02_0064_1376,4
GEO_NR02_0064_1408,4
GEO_NR02_0064_1440,4
GEO_NR02_0064_1472,4
GEO_NR02_0064_1504,4
GEO_NR02_0064_1536,4
GEO_NR02_0064_1984,4
GEO_NR02_0064_2016,4
GEO_NR02_0064_2048,4
GEO_NR02_0064_2080,4
GEO_NR02_0064_2112,4
GEO_NR02_0096_0000,5
GEO_NR02_0096_0032,5
GEO_NR02_0096_0608,4
GEO_NR02_0096_0640,4
GEO_NR02_0096_0672,4
GEO_NR02_0096_0768,4
GEO_NR02_0096_0800,4
GEO_NR02_0096_0864,4
GEO_NR02_0096_0896,4
GEO_NR02_0096_0928,4
GEO_NR02_0096_0960,4
GEO_NR02_0096_0992,4
GEO_NR02_0096_1024,4
GEO_NR02_0096_1056,4
GEO_NR02_0096_1088,4
GEO_NR02_0096_1120,4
GEO_NR02_0096_1152,4
GEO_NR02_0096_1248,4
GEO_NR02_0096_1280,4
GEO_NR02_0096_1504,4
GEO_NR02_0096_1600,4
GEO_NR02_0096_1984,4
GEO_NR02_0096_2016,4
GEO_NR02_0128_0000,5
GEO_NR02_0128_0608,4
GEO_NR02_0128_0640,4
GEO_NR02_0128_0672,4
GEO_NR02_0128_0704,4
GEO_NR02_0128_0736,4
GEO_NR02_0128_0768,4
GEO_NR02_0128_0800,4
GEO_NR02_0128_0832,4
GEO_NR02_0128_0864,4
GEO_NR02_0128_0896,4
GEO_NR02_0128_0928,4
GEO_NR02_0128_0960,4
GEO_NR02_0128_0992,4
GEO_NR02_0128_1024,4
GEO_NR02_0128_1056,4
GEO_NR02_0128_1088,4
GEO_NR02_0128_1120,4
GEO_NR02_0128_1152,4
GEO_NR02_0128_1248,4
GEO_NR02_0128_1728,4
GEO_NR02_0160_0128,4
GEO_NR02_0160_0160,4
GEO_NR02_0160_0416,4
GEO_NR02_0160_0608,4
GEO_NR02_0160_0640,4
GEO_NR02_0160_0672,4
GEO_NR02_0160_0704,4
GEO_NR02_0160_0736,4
GEO_NR02_0160_0768,4
GEO_NR02_0160_0800,4
GEO_NR02_0160_0832,4
GEO_NR02_0160_0864,4
GEO_NR02_0160_0896,4
GEO_NR02_0160_0928,4
GEO_NR02_0160_0960,4
GEO_NR02_0160_0992,4
GEO_NR02_0160_1024,4
GEO_NR02_0160_1056,4
GEO_NR02_0160_1088,4
GEO_NR02_0160_1120,4
GEO_NR02_0160_1152,4
GEO_NR02_0160_1184,4
GEO_NR02_0160_1216,4
GEO_NR02_0160_1728,4
GEO_NR02_0160_1760,4
GEO_NR02_0160_2016,2
GEO_NR02_0192_0096,4
GEO_NR02_0192_0128,4
GEO_NR02_0192_0160,4
GEO_NR02_0192_0320,4
GEO_NR02_0192_0352,4
GEO_NR02_0192_0448,4
GEO_NR02_0192_0640,4
GEO_NR02_0192_0672,4
GEO_NR02_0192_0704,4
GEO_NR02_0192_0736,4
GEO_NR02_0192_0768,4
GEO_NR02_0192_0800,4
GEO_NR02_0192_0832,4
GEO_NR02_0192_0864,4
GEO_NR02_0192_0896,4
GEO_NR02_0192_0928,4
GEO_NR02_0192_0960,4
GEO_NR02_0192_1056,4
GEO_NR02_0192_1088,4
GEO_NR02_0192_1120,4
GEO_NR02_0192_1152,4
GEO_NR02_0192_1184,4
GEO_NR02_0192_1216,4
GEO_NR02_0192_1248,4
GEO_NR02_0192_1280,4
GEO_NR02_0192_1504,4
GEO_NR02_0192_1888,4
GEO_NR02_0192_1920,4
GEO_NR02_0192_1952,4
GEO_NR02_0192_2240,2
GEO_NR02_0224_0064,4
GEO_NR02_0224_0096,4
GEO_NR02_0224_0128,4
GEO_NR02_0224_0288,4
GEO_NR02_0224_0320,4
GEO_NR02_0224_0352,4
GEO_NR02_0224_0448,4
GEO_NR02_0224_0640,4
GEO_NR02_0224_0672,4
GEO_NR02_0224_0704,4
GEO_NR02_0224_0736,4
GEO_NR02_0224_0768,4
GEO_NR02_0224_0832,4
GEO_NR02_0224_0864,4
GEO_NR02_0224_0896,4
GEO_NR02_0224_0928,4
GEO_NR02_0224_0960,4
GEO_NR02_0224_1024,4
GEO_NR02_0224_1056,4
GEO_NR02_0224_1088,4
GEO_NR02_0224_1120,4
GEO_NR02_0224_1152,4
GEO_NR02_0224_1184,4
GEO_NR02_0224_1216,4
GEO_NR02_0224_1504,4
GEO_NR02_0224_1536,4
GEO_NR02_0224_1568,4
GEO_NR02_0224_1600,4
GEO_NR02_0224_1856,4
GEO_NR02_0224_1888,4
GEO_NR02_0224_1920,4
GEO_NR02_0224_2144,2
GEO_NR02_0224_2176,2
GEO_NR02_0224_2208,2
GEO_NR02_0224_2240,2
GEO_NR02_0256_0000,4
GEO_NR02_0256_0064,4
GEO_NR02_0256_0096,4
GEO_NR02_0256_0128,4
GEO_NR02_0256_0256,4
GEO_NR02_0256_0288,4
GEO_NR02_0256_0320,4
GEO_NR02_0256_0352,4
GEO_NR02_0256_0736,4
GEO_NR02_0256_0768,4
GEO_NR02_0256_0832,4
GEO_NR02_0256_0864,4
GEO_NR02_0256_0896,4
GEO_NR02_0256_0928,4
GEO_NR02_0256_0960,4
GEO_NR02_0256_1088,4
GEO_NR02_0256_1120,4
GEO_NR02_0256_1152,4
GEO_NR02_0256_1184,4
GEO_NR02_0256_1216,4
GEO_NR02_0256_1248,4
GEO_NR02_0256_1280,4
GEO_NR02_0256_1312,4
GEO_NR02_0256_1504,4
GEO_NR02_0256_1536,4
GEO_NR02_0256_1568,4
GEO_NR02_0256_1600,4
GEO_NR02_0256_1632,4
GEO_NR02_0256_1824,4
GEO_NR02_0256_1856,4
GEO_NR02_0256_2208,2
GEO_NR02_0256_2240,2
GEO_NR02_0256_2272,2
GEO_NR02_0288_0000,4
GEO_NR02_0288_0128,4
GEO_NR02_0288_0256,4
GEO_NR02_0288_0288,4
GEO_NR02_0288_0320,4
GEO_NR02_0288_0352,4
GEO_NR02_0288_0384,4
GEO_NR02_0288_0736,4
GEO_NR02_0288_0768,4
GEO_NR02_0288_0800,4
GEO_NR02_0288_0832,4
GEO_NR02_0288_0864,4
GEO_NR02_0288_0896,4
GEO_NR02_0288_0928,4
GEO_NR02_0288_1088,4
GEO_NR02_0288_1120,4
GEO_NR02_0288_1152,4
GEO_NR02_0288_1184,4
GEO_NR02_0288_1216,4
GEO_NR02_0288_1248,4
GEO_NR02_0288_1280,4
GEO_NR02_0288_1312,4
GEO_NR02_0288_1472,4
GEO_NR02_0288_1504,4
GEO_NR02_0288_1568,4
GEO_NR02_0288_1600,4
GEO_NR02_0288_1632,4
GEO_NR02_0288_1824,4
GEO_NR02_0288_1856,4
GEO_NR02_0288_2048,4
GEO_NR02_0288_2240,2
GEO_NR02_0288_2272,2
GEO_NR02_0288_2368,1
GEO_NR02_0320_0000,4
GEO_NR02_0320_0128,4
GEO_NR02_0320_0224,4
GEO_NR02_0320_0256,4
GEO_NR02_0320_0288,4
GEO_NR02_0320_0736,4
GEO_NR02_0320_0768,4
GEO_NR02_0320_0800,4
GEO_NR02_0320_0896,4
GEO_NR02_0320_0928,4
GEO_NR02_0320_0960,4
GEO_NR02_0320_1088,4
GEO_NR02_0320_1120,4
GEO_NR02_0320_1152,4
GEO_NR02_0320_1184,4
GEO_NR02_0320_1248,4
GEO_NR02_0320_1280,4
GEO_NR02_0320_1312,4
GEO_NR02_0320_1472,4
GEO_NR02_0320_1568,4
GEO_NR02_0320_1600,4
GEO_NR02_0320_1632,4
GEO_NR02_0320_1824,4
GEO_NR02_0320_2080,4
GEO_NR02_0352_0096,4
GEO_NR02_0352_0128,4
GEO_NR02_0352_0160,4
GEO_NR02_0352_0192,4
GEO_NR02_0352_0224,4
GEO_NR02_0352_0576,4
GEO_NR02_0352_0608,4
GEO_NR02_0352_0640,4
GEO_NR02_0352_0768,4
GEO_NR02_0352_0800,4
GEO_NR02_0352_0832,4
GEO_NR02_0352_0896,4
GEO_NR02_0352_0928,4
GEO_NR02_0352_0960,4
GEO_NR02_0352_1056,4
GEO_NR02_0352_1088,4
GEO_NR02_0352_1120,4
GEO_NR02_0352_1152,4
GEO_NR02_0352_1184,4
GEO_NR02_0352_1280,4
GEO_NR02_0352_1312,4
GEO_NR02_0352_1472,4
GEO_NR02_0352_1504,4
GEO_NR02_0352_1920,4
GEO_NR02_0352_2272,2
GEO_NR02_0384_0064,4
GEO_NR02_0384_0096,4
GEO_NR02_0384_0128,4
GEO_NR02_0384_0160,4
GEO_NR02_0384_0192,4
GEO_NR02_0384_0512,4
GEO_NR02_0384_0608,4
GEO_NR02_0384_0640,4
GEO_NR02_0384_0672,4
GEO_NR02_0384_0768,4
GEO_NR02_0384_0800,4
GEO_NR02_0384_0832,4
GEO_NR02_0384_0864,4
GEO_NR02_0384_0896,4
GEO_NR02_0384_0928,4
GEO_NR02_0384_0960,4
GEO_NR02_0384_0992,4
GEO_NR02_0384_1056,4
GEO_NR02_0384_1088,4
GEO_NR02_0384_1120,4
GEO_NR02_0384_1152,4
GEO_NR02_0384_1184,4
GEO_NR02_0384_1216,4
GEO_NR02_0384_1248,4
GEO_NR02_0384_1280,4
GEO_NR02_0384_1312,4
GEO_NR02_0384_1504,4
GEO_NR02_0384_1696,4
GEO_NR02_0384_1824,4
GEO_NR02_0384_1920,4
GEO_NR02_0384_2272,2
GEO_NR02_0384_2304,2
GEO_NR02_0416_0096,4
GEO_NR02_0416_0128,4
GEO_NR02_0416_0160,4
GEO_NR02_0416_0192,4
GEO_NR02_0416_0224,4
GEO_NR02_0416_0608,4
GEO_NR02_0416_0640,4
GEO_NR02_0416_0768,4
GEO_NR02_0416_0800,4
GEO_NR02_0416_0832,4
GEO_NR02_0416_0864,4
GEO_NR02_0416_0928,4
GEO_NR02_0416_0960,4
GEO_NR02_0416_0992,4
GEO_NR02_0416_1024,4
GEO_NR02_0416_1056,4
GEO_NR02_0416_1088,4
GEO_NR02_0416_1120,4
GEO_NR02_0416_1152,4
GEO_NR02_0416_1184,4
GEO_NR02_0416_1216,4
GEO_NR02_0416_1248,4
GEO_NR02_0416_1280,4
GEO_NR02_0416_1568,4
GEO_NR02_0416_1792,4
GEO_NR02_0416_1920,4
GEO_NR02_0416_1952,4
GEO_NR02_0416_1984,4
GEO_NR02_0416_2048,4
GEO_NR02_0448_0160,4
GEO_NR02_0448_0192,4
GEO_NR02_0448_0224,4
GEO_NR02_0448_0512,4
GEO_NR02_0448_0608,4
GEO_NR02_0448_0640,4
GEO_NR02_0448_0672,4
GEO_NR02_0448_0704,4
GEO_NR02_0448_0736,4
GEO_NR02_0448_0768,4
GEO_NR02_0448_0800,4
GEO_NR02_0448_0832,4
GEO_NR02_0448_0928,4
GEO_NR02_0448_0960,4
GEO_NR02_0448_0992,4
GEO_NR02_0448_1024,4
GEO_NR02_0448_1056,4
GEO_NR02_0448_1088,4
GEO_NR02_0448_1152,4
GEO_NR02_0448_1184,4
GEO_NR02_0448_1216,4
GEO_NR02_0448_1568,4
GEO_NR02_0448_1792,4
GEO_NR02_0448_1920,4
GEO_NR02_0448_1952,4
GEO_NR02_0448_1984,4
GEO_NR02_0448_2016,4
GEO_NR02_0448_2048,4
GEO_NR02_0448_2112,4
GEO_NR02_0480_0160,4
GEO_NR02_0480_0192,4
GEO_NR02_0480_0512,4
GEO_NR02_0480_0544,4
GEO_NR02_0480_0576,4
GEO_NR02_0480_0608,4
GEO_NR02_0480_0640,4
GEO_NR02_0480_0672,4
GEO_NR02_0480_0704,4
GEO_NR02_0480_0736,4
GEO_NR02_0480_0768,4
GEO_NR02_0480_0800,4
GEO_NR02_0480_0896,4
GEO_NR02_0480_0928,4
GEO_NR02_0480_0960,4
GEO_NR02_0480_0992,4
GEO_NR02_0480_1024,4
GEO_NR02_0480_1056,4
GEO_NR02_0480_1088,4
GEO_NR02_0480_1120,4
GEO_NR02_0480_1152,4
GEO_NR02_0480_1184,4
GEO_NR02_0480_1216,4
GEO_NR02_0480_1568,4
GEO_NR02_0480_2016,4
GEO_NR02_0480_2048,4
GEO_NR02_0480_2144,4
GEO_NR02_0480_2336,2
GEO_NR02_0480_2368,2
GEO_NR02_0512_0416,4
GEO_NR02_0512_0544,4
GEO_NR02_0512_0576,4
GEO_NR02_0512_0608,4
GEO_NR02_0512_0640,4
GEO_NR02_0512_0672,4
GEO_NR02_0512_0704,4
GEO_NR02_0512_0736,4
GEO_NR02_0512_0768,4
GEO_NR02_0512_0864,4
GEO_NR02_0512_0896,4
GEO_NR02_0512_0928,4
GEO_NR02_0512_0960,4
GEO_NR02_0512_0992,4
GEO_NR02_0512_1024,4
GEO_NR02_0512_1056,4
GEO_NR02_0512_1088,4
GEO_NR02_0512_1152,4
GEO_NR02_0512_1184,4
GEO_NR02_0512_1216,4
GEO_NR02_0512_1568,4
GEO_NR02_0512_1792,4
GEO_NR02_0512_2016,4
GEO_NR02_0512_2336,2
GEO_NR02_0512_2368,2
GEO_NR02_0544_0000,4
GEO_NR02_0544_0544,4
GEO_NR02_0544_0576,4
GEO_NR02_0544_0704,4
GEO_NR02_0544_0736,4
GEO_NR02_0544_0768,4
GEO_NR02_0544_0928,4
GEO_NR02_0544_0960,4
GEO_NR02_0544_0992,4
GEO_NR02_0544_1024,4
GEO_NR02_0544_1248,4
GEO_NR02_0544_1312,4
GEO_NR02_0544_1344,4
GEO_NR02_0544_1376,4
GEO_NR02_0544_1696,4
GEO_NR02_0544_1728,4
GEO_NR02_0544_1760,4
GEO_NR02_0544_1792,4
GEO_NR02_0544_1888,4
GEO_NR02_0544_1920,4
GEO_NR02_0544_1952,4
GEO_NR02_0544_2304,2
GEO_NR02_0544_2336,2
GEO_NR02_0544_2368,2
GEO_NR02_0576_0000,4
GEO_NR02_0576_0480,4
GEO_NR02_0576_0512,4
GEO_NR02_0576_0544,4
GEO_NR02_0576_0576,4
GEO_NR02_0576_0608,4
GEO_NR02_0576_0704,4
GEO_NR02_0576_0736,4
GEO_NR02_0576_0768,4
GEO_NR02_0576_0928,4
GEO_NR02_0576_0960,4
GEO_NR02_0576_0992,4
GEO_NR02_0576_1088,4
GEO_NR02_0576_1312,4
GEO_NR02_0576_1344,4
GEO_NR02_0576_1536,4
GEO_NR02_0576_1600,4
GEO_NR02_0576_1664,4
GEO_NR02_0576_1696,4
GEO_NR02_0576_1728,4
GEO_NR02_0576_1760,4
GEO_NR02_0576_1792,4
GEO_NR02_0576_1888,4
GEO_NR02_0576_1920,4
GEO_NR02_0576_1952,4
GEO_NR02_0576_2080,4
GEO_NR02_0576_2112,4
GEO_NR02_0608_0000,4
GEO_NR02_0608_0480,4
GEO_NR02_0608_0512,4
GEO_NR02_0608_0544,4
GEO_NR02_0608_0576,4
GEO_NR02_0608_0608,4
GEO_NR02_0608_0640,4
GEO_NR02_0608_0704,4
GEO_NR02_0608_0736,4
GEO_NR02_0608_0768,4
GEO_NR02_0608_0800,4
GEO_NR02_0608_0832,4
GEO_NR02_0608_0960,4
GEO_NR02_0608_0992,4
GEO_NR02_0608_1088,4
GEO_NR02_0608_1120,4
GEO_NR02_0608_1280,4
GEO_NR02_0608_1312,4
GEO_NR02_0608_1344,4
GEO_NR02_0608_1376,4
GEO_NR02_0608_1472,4
GEO_NR02_0608_1504,4
GEO_NR02_0608_1536,4
GEO_NR02_0608_1568,4
GEO_NR02_0608_1600,4
GEO_NR02_0608_1632,4
GEO_NR02_0608_1664,4
GEO_NR02_0608_1696,4
GEO_NR02_0608_1888,4
GEO_NR02_0608_1920,4
GEO_NR02_0608_1952,4
GEO_NR02_0608_2080,4
GEO_NR02_0608_2112,4
GEO_NR02_0640_0000,4
GEO_NR02_0640_0512,4
GEO_NR02_0640_0544,4
GEO_NR02_0640_0576,4
GEO_NR02_0640_0608,4
GEO_NR02_0640_0640,4
GEO_NR02_0640_0672,4
GEO_NR02_0640_0704,4
GEO_NR02_0640_0736,4
GEO_NR02_0640_0800,4
GEO_NR02_0640_0832,4
GEO_NR02_0640_0960,4
GEO_NR02_0640_0992,4
GEO_NR02_0640_1056,4
GEO_NR02_0640_1088,4
GEO_NR02_0640_1536,4
GEO_NR02_0640_1568,4
GEO_NR02_0640_1600,4
GEO_NR02_0640_1632,4
GEO_NR02_0640_1664,4
GEO_NR02_0640_1888,4
GEO_NR02_0640_1920,4
GEO_NR02_0640_2080,4
GEO_NR02_0640_2112,4
GEO_NR02_0640_2144,4
GEO_NR02_0672_0608,4
GEO_NR02_0672_0672,4
GEO_NR02_0672_0704,4
GEO_NR02_0672_0736,4
GEO_NR02_0672_0832,4
GEO_NR02_0672_0960,4
GEO_NR02_0672_0992,4
GEO_NR02_0672_1024,4
GEO_NR02_0672_1056,4
GEO_NR02_0672_1536,4
GEO_NR02_0672_1568,4
GEO_NR02_0672_1664,4
GEO_NR02_0672_1856,4
GEO_NR02_0672_1888,4
GEO_NR02_0672_2080,4
GEO_NR02_0672_2112,4
GEO_NR02_0672_2144,4
GEO_NR02_0704_0288,4
GEO_NR02_0704_0320,4
GEO_NR02_0704_0512,4
GEO_NR02_0704_0704,4
GEO_NR02_0704_0736,4
GEO_NR02_0704_0832,4
GEO_NR02_0704_0928,4
GEO_NR02_0704_0960,4
GEO_NR02_0704_0992,4
GEO_NR02_0704_1024,4
GEO_NR02_0704_1056,4
GEO_NR02_0704_1504,4
GEO_NR02_0704_1536,4
GEO_NR02_0704_1568,4
GEO_NR02_0704_1664,4
GEO_NR02_0704_1696,4
GEO_NR02_0704_1728,4
GEO_NR02_0704_1856,4
GEO_NR02_0736_0288,4
GEO_NR02_0736_0320,4
GEO_NR02_0736_0576,4
GEO_NR02_0736_0608,4
GEO_NR02_0736_0704,4
GEO_NR02_0736_0736,4
GEO_NR02_0736_0768,4
GEO_NR02_0736_0800,4
GEO_NR02_0736_0832,4
GEO_NR02_0736_0928,4
GEO_NR02_0736_0960,4
GEO_NR02_0736_1504,4
GEO_NR02_0736_1536,4
GEO_NR02_0736_1568,4
GEO_NR02_0736_1632,4
GEO_NR02_0736_1664,4
GEO_NR02_0736_1696,4
GEO_NR02_0736_1728,4
GEO_NR02_0736_1856,4
GEO_NR02_0736_1920,4
GEO_NR02_0736_1952,4
GEO_NR02_0736_2144,4
GEO_NR02_0768_0288,4
GEO_NR02_0768_0320,4
GEO_NR02_0768_0352,4
GEO_NR02_0768_0384,4
GEO_NR02_0768_0416,4
GEO_NR02_0768_0448,4
GEO_NR02_0768_0640,4
GEO_NR02_0768_0736,4
GEO_NR02_0768_0768,4
GEO_NR02_0768_0864,4
GEO_NR02_0768_0896,4
GEO_NR02_0768_0928,4
GEO_NR02_0768_1504,4
GEO_NR02_0768_1536,4
GEO_NR02_0768_1568,4
GEO_NR02_0768_1600,4
GEO_NR02_0768_1632,4
GEO_NR02_0768_1664,4
GEO_NR02_0768_1696,4
GEO_NR02_0768_1920,4
GEO_NR02_0768_1952,4
GEO_NR02_0768_2112,4
GEO_NR02_0768_2144,4
GEO_NR02_0800_0288,4
GEO_NR02_0800_0320,4
GEO_NR02_0800_0352,4
GEO_NR02_0800_0384,4
GEO_NR02_0800_0416,4
GEO_NR02_0800_0512,4
GEO_NR02_0800_0544,4
GEO_NR02_0800_0672,4
GEO_NR02_0800_0736,4
GEO_NR02_0800_0768,4
GEO_NR02_0800_0864,4
GEO_NR02_0800_0896,4
GEO_NR02_0800_1152,4
GEO_NR02_0800_1504,4
GEO_NR02_0800_1536,4
GEO_NR02_0800_1568,4
GEO_NR02_0800_1600,4
GEO_NR02_0800_1632,4
GEO_NR02_0800_1664,4
GEO_NR02_0800_1696,4
GEO_NR02_0800_2144,4
GEO_NR02_0832_0256,4
GEO_NR02_0832_0288,4
GEO_NR02_0832_0320,4
GEO_NR02_0832_0352,4
GEO_NR02_0832_0384,4
GEO_NR02_0832_0416,4
GEO_NR02_0832_0448,4
GEO_NR02_0832_0544,4
GEO_NR02_0832_0576,4
GEO_NR02_0832_0672,4
GEO_NR02_0832_0704,4
GEO_NR02_0832_0768,4
GEO_NR02_0832_0800,4
GEO_NR02_0832_0832,4
GEO_NR02_0832_0864,4
GEO_NR02_0832_0896,4
GEO_NR02_0832_1152,4
GEO_NR02_0832_1472,4
GEO_NR02_0832_1504,4
GEO_NR02_0832_1536,4
GEO_NR02_0832_1568,4
GEO_NR02_0832_1600,4
GEO_NR02_0832_1632,4
GEO_NR02_0832_1664,4
GEO_NR02_0832_1696,4
GEO_NR02_0832_1728,4
GEO_NR02_0832_2144,4
GEO_NR02_0864_0256,4
GEO_NR02_0864_0288,4
GEO_NR02_0864_0320,4
GEO_NR02_0864_0352,4
GEO_NR02_0864_0384,4
GEO_NR02_0864_0416,4
GEO_NR02_0864_0448,4
GEO_NR02_0864_0544,4
GEO_NR02_0864_0576,4
GEO_NR02_0864_0608,4
GEO_NR02_0864_0672,4
GEO_NR02_0864_0704,4
GEO_NR02_0864_0736,4
GEO_NR02_0864_0768,4
GEO_NR02_0864_0800,4
GEO_NR02_0864_0832,4
GEO_NR02_0864_0864,4
GEO_NR02_0864_0896,4
GEO_NR02_0864_0928,4
GEO_NR02_0864_0960,4
GEO_NR02_0864_0992,4
GEO_NR02_0864_1024,4
GEO_NR02_0864_1120,4
GEO_NR02_0864_1152,4
GEO_NR02_0864_1184,4
GEO_NR02_0864_1472,4
GEO_NR02_0864_1504,4
GEO_NR02_0864_1536,4
GEO_NR02_0864_1632,4
GEO_NR02_0864_1664,4
GEO_NR02_0864_1696,4
GEO_NR02_0864_1728,4
GEO_NR02_0864_1984,4
GEO_NR02_0864_2112,4
GEO_NR02_0864_2144,4
GEO_NR02_0896_0256,4
GEO_NR02_0896_0288,4
GEO_NR02_0896_0320,4
GEO_NR02_0896_0352,4
GEO_NR02_0896_0384,4
GEO_NR02_0896_0416,4
GEO_NR02_0896_0448,4
GEO_NR02_0896_0544,4
GEO_NR02_0896_0576,4
GEO_NR02_0896_0608,4
GEO_NR02_0896_0640,4
GEO_NR02_0896_0672,4
GEO_NR02_0896_0704,4
GEO_NR02_0896_0768,4
GEO_NR02_0896_0800,4
GEO_NR02_0896_0832,4
GEO_NR02_0896_0864,4
GEO_NR02_0896_0896,4
GEO_NR02_0896_0928,4
GEO_NR02_0896_0960,4
GEO_NR02_0896_0992,4
GEO_NR02_0896_1024,4
GEO_NR02_0896_1120,4
GEO_NR02_0896_1152,4
GEO_NR02_0896_1184,4
GEO_NR02_0896_1504,4
GEO_NR02_0896_1536,4
GEO_NR02_0896_1632,4
GEO_NR02_0896_1664,4
GEO_NR02_0896_1696,4
GEO_NR02_0896_2112,4
GEO_NR02_0928_0288,4
GEO_NR02_0928_0320,4
GEO_NR02_0928_0352,4
GEO_NR02_0928_0448,4
GEO_NR02_0928_0480,4
GEO_NR02_0928_0512,4
GEO_NR02_0928_0544,4
GEO_NR02_0928_0576,4
GEO_NR02_0928_0608,4
GEO_NR02_0928_0640,4
GEO_NR02_0928_0672,4
GEO_NR02_0928_0704,4
GEO_NR02_0928_0736,4
GEO_NR02_0928_0768,4
GEO_NR02_0928_0800,4
GEO_NR02_0928_0832,4
GEO_NR02_0928_0864,4
GEO_NR02_0928_0896,4
GEO_NR02_0928_0928,4
GEO_NR02_0928_0960,4
GEO_NR02_0928_0992,4
GEO_NR02_0928_1088,4
GEO_NR02_0928_1120,4
GEO_NR02_0928_1152,4
GEO_NR02_0928_1184,4
GEO_NR02_0928_1504,4
GEO_NR02_0928_1536,4
GEO_NR02_0928_1600,4
GEO_NR02_0928_1632,4
GEO_NR02_0928_1664,4
GEO_NR02_0928_1696,4
GEO_NR02_0928_2080,4
GEO_NR02_0928_2112,4
GEO_NR02_0960_0128,4
GEO_NR02_0960_0288,4
GEO_NR02_0960_0320,4
GEO_NR02_0960_0352,4
GEO_NR02_0960_0384,4
GEO_NR02_0960_0416,4
GEO_NR02_0960_0448,4
GEO_NR02_0960_0480,4
GEO_NR02_0960_0512,4
GEO_NR02_0960_0576,4
GEO_NR02_0960_0608,4
GEO_NR02_0960_0640,4
GEO_NR02_0960_0672,4
GEO_NR02_0960_0704,4
GEO_NR02_0960_0736,4
GEO_NR02_0960_0768,4
GEO_NR02_0960_0800,4
GEO_NR02_0960_0832,4
GEO_NR02_0960_0864,4
GEO_NR02_0960_0896,4
GEO_NR02_0960_0928,4
GEO_NR02_0960_0960,4
GEO_NR02_0960_1024,4
GEO_NR02_0960_1056,4
GEO_NR02_0960_1088,4
GEO_NR02_0960_1120,4
GEO_NR02_0960_1152,4
GEO_NR02_0960_1184,4
GEO_NR02_0960_1504,4
GEO_NR02_0960_1536,4
GEO_NR02_0960_1568,4
GEO_NR02_0960_1600,4
GEO_NR02_0960_2112,4
GEO_NR02_0992_0064,4
GEO_NR02_0992_0096,4
GEO_NR02_0992_0128,4
GEO_NR02_0992_0288,4
GEO_NR02_0992_0320,4
GEO_NR02_0992_0352,4
GEO_NR02_0992_0384,4
GEO_NR02_0992_0416,4
GEO_NR02_0992_0448,4
GEO_NR02_0992_0480,4
GEO_NR02_0992_0608,4
GEO_NR02_0992_0640,4
GEO_NR02_0992_0672,4
GEO_NR02_0992_0704,4
GEO_NR02_0992_0736,4
GEO_NR02_0992_0800,4
GEO_NR02_0992_0832,4
GEO_NR02_0992_0864,4
GEO_NR02_0992_0896,4
GEO_NR02_0992_0928,4
GEO_NR02_0992_0960,4
GEO_NR02_0992_1088,4
GEO_NR02_0992_1184,4
GEO_NR02_0992_1504,4
GEO_NR02_0992_1536,4
GEO_NR02_0992_1568,4
GEO_NR02_0992_1600,4
GEO_NR02_0992_1632,4
GEO_NR02_0992_2208,4
GEO_NR02_0992_2240,4
GEO_NR02_0992_2368,2
GEO_NR02_1024_0032,4
GEO_NR02_1024_0064,4
GEO_NR02_1024_0096,4
GEO_NR02_1024_0128,4
GEO_NR02_1024_0160,4
GEO_NR02_1024_0224,4
GEO_NR02_1024_0320,4
GEO_NR02_1024_0352,4
GEO_NR02_1024_0384,4
GEO_NR02_1024_0416,4
GEO_NR02_1024_0512,4
GEO_NR02_1024_0544,4
GEO_NR02_1024_0576,4
GEO_NR02_1024_0608,4
GEO_NR02_1024_0640,4
GEO_NR02_1024_0832,4
GEO_NR02_1024_0864,4
GEO_NR02_1024_0896,4
GEO_NR02_1024_0928,4
GEO_NR02_1024_0960,4
GEO_NR02_1024_1056,4
GEO_NR02_1024_1088,4
GEO_NR02_1024_1504,4
GEO_NR02_1024_1536,4
GEO_NR02_1024_1568,4
GEO_NR02_1024_1600,4
GEO_NR02_1024_1888,4
GEO_NR02_1056_0032,4
GEO_NR02_1056_0064,4
GEO_NR02_1056_0096,4
GEO_NR02_1056_0128,4
GEO_NR02_1056_0160,4
GEO_NR02_1056_0320,4
GEO_NR02_1056_0352,4
GEO_NR02_1056_0512,4
GEO_NR02_1056_0544,4
GEO_NR02_1056_0640,4
GEO_NR02_1056_0832,4
GEO_NR02_1056_0864,4
GEO_NR02_1056_0896,4
GEO_NR02_1056_0928,4
GEO_NR02_1056_0960,4
GEO_NR02_1056_0992,4
GEO_NR02_1056_1024,4
GEO_NR02_1056_1056,4
GEO_NR02_1056_1088,4
GEO_NR02_1056_1120,4
GEO_NR02_1056_1504,4
GEO_NR02_1056_1536,4
GEO_NR02_1056_1568,4
GEO_NR02_1056_1600,4
GEO_NR02_1056_1824,4
GEO_NR02_1056_1856,4
GEO_NR02_1056_1888,4
GEO_NR02_1056_1920,4
GEO_NR02_1088_0032,4
GEO_NR02_1088_0064,4
GEO_NR02_1088_0096,4
GEO_NR02_1088_0128,4
GEO_NR02_1088_0160,4
GEO_NR02_1088_0256,4
GEO_NR02_1088_0288,4
GEO_NR02_1088_0320,4
GEO_NR02_1088_0544,4
GEO_NR02_1088_0576,4
GEO_NR02_1088_0640,4
GEO_NR02_1088_0768,4
GEO_NR02_1088_0800,4
GEO_NR02_1088_0832,4
GEO_NR02_1088_0864,4
GEO_NR02_1088_0960,4
GEO_NR02_1088_0992,4
GEO_NR02_1088_1024,4
GEO_NR02_1088_1056,4
GEO_NR02_1088_1088,4
GEO_NR02_1088_1120,4
GEO_NR02_1088_1152,4
GEO_NR02_1088_1472,4
GEO_NR02_1088_1504,4
GEO_NR02_1088_1536,4
GEO_NR02_1088_1568,4
GEO_NR02_1088_1824,4
GEO_NR02_1088_1856,4
GEO_NR02_1088_1888,4
GEO_NR02_1088_1920,4
GEO_NR02_1088_1952,4
GEO_NR02_1088_2016,4
GEO_NR02_1088_2048,4
GEO_NR02_1088_2208,4
GEO_NR02_1088_2304,4
GEO_NR02_1120_0256,4
GEO_NR02_1120_0288,4
GEO_NR02_1120_0320,4
GEO_NR02_1120_0352,4
GEO_NR02_1120_0416,4
GEO_NR02_1120_0544,4
GEO_NR02_1120_0576,4
GEO_NR02_1120_0768,4
GEO_NR02_1120_0800,4
GEO_NR02_1120_0832,4
GEO_NR02_1120_0864,4
GEO_NR02_1120_0896,4
GEO_NR02_1120_0928,4
GEO_NR02_1120_0960,4
GEO_NR02_1120_0992,4
GEO_NR02_1120_1024,4
GEO_NR02_1120_1056,4
GEO_NR02_1120_1088,4
GEO_NR02_1120_1120,4
GEO_NR02_1120_1152,4
GEO_NR02_1120_1184,4
GEO_NR02_1120_1216,4
GEO_NR02_1120_1472,4
GEO_NR02_1120_1504,4
GEO_NR02_1120_1536,4
GEO_NR02_1120_1824,4
GEO_NR02_1120_1856,4
GEO_NR02_1120_1888,4
GEO_NR02_1120_1920,4
GEO_NR02_1120_1952,4
GEO_NR02_1120_1984,4
GEO_NR02_1120_2016,4
GEO_NR02_1120_2048,4
GEO_NR02_1120_2176,4
GEO_NR02_1120_2208,4
GEO_NR02_1120_2240,4
GEO_NR02_1120_2272,4
GEO_NR02_1120_2304,4
GEO_NR02_1152_0256,4
GEO_NR02_1152_0288,4
GEO_NR02_1152_0320,4
GEO_NR02_1152_0352,4
GEO_NR02_1152_0384,4
GEO_NR02_1152_0512,4
GEO_NR02_1152_0544,4
GEO_NR02_1152_0576,4
GEO_NR02_1152_0768,4
GEO_NR02_1152_0800,4
GEO_NR02_1152_0832,4
GEO_NR02_1152_0864,4
GEO_NR02_1152_0896,4
GEO_NR02_1152_0928,4
GEO_NR02_1152_0960,4
GEO_NR02_1152_0992,4
GEO_NR02_1152_1024,4
GEO_NR02_1152_1056,4
GEO_NR02_1152_1088,4
GEO_NR02_1152_1120,4
GEO_NR02_1152_1152,4
GEO_NR02_1152_1184,4
GEO_NR02_1152_1216,4
GEO_NR02_1152_1248,4
GEO_NR02_1152_1472,4
GEO_NR02_1152_1856,4
GEO_NR02_1152_1888,4
GEO_NR02_1152_1920,4
GEO_NR02_1152_2016,4
GEO_NR02_1152_2048,4
GEO_NR02_1152_2144,4
GEO_NR02_1152_2176,4
GEO_NR02_1152_2208,4
GEO_NR02_1152_2240,4
GEO_NR02_1152_2272,4
GEO_NR02_1152_2304,4
GEO_NR02_1152_2336,4
GEO_NR02_1184_0256,4
GEO_NR02_1184_0288,4
GEO_NR02_1184_0320,4
GEO_NR02_1184_0352,4
GEO_NR02_1184_0384,4
GEO_NR02_1184_0416,4
GEO_NR02_1184_0512,4
GEO_NR02_1184_0544,4
GEO_NR02_1184_0576,4
GEO_NR02_1184_0608,4
GEO_NR02_1184_0768,4
GEO_NR02_1184_0800,4
GEO_NR02_1184_0832,4
GEO_NR02_1184_0864,4
GEO_NR02_1184_0896,4
GEO_NR02_1184_0928,4
GEO_NR02_1184_0960,4
GEO_NR02_1184_0992,4
GEO_NR02_1184_1024,4
GEO_NR02_1184_1056,4
GEO_NR02_1184_1088,4
GEO_NR02_1184_1120,4
GEO_NR02_1184_1152,4
GEO_NR02_1184_1184,4
GEO_NR02_1184_1216,4
GEO_NR02_1184_1248,4
GEO_NR02_1184_1408,4
GEO_NR02_1184_1856,4
GEO_NR02_1184_1888,4
GEO_NR02_1184_1920,4
GEO_NR02_1184_2048,4
GEO_NR02_1184_2144,4
GEO_NR02_1184_2176,4
GEO_NR02_1184_2272,4
GEO_NR02_1184_2304,4
GEO_NR02_1184_2336,4
GEO_NR02_1184_2368,4
GEO_NR02_1216_0256,4
GEO_NR02_1216_0288,4
GEO_NR02_1216_0320,4
GEO_NR02_1216_0352,4
GEO_NR02_1216_0384,4
GEO_NR02_1216_0416,4
GEO_NR02_1216_0864,4
GEO_NR02_1216_0896,4
GEO_NR02_1216_0928,4
GEO_NR02_1216_0960,4
GEO_NR02_1216_0992,4
GEO_NR02_1216_1024,4
GEO_NR02_1216_1056,4
GEO_NR02_1216_1088,4
GEO_NR02_1216_1120,4
GEO_NR02_1216_1152,4
GEO_NR02_1216_1280,4
GEO_NR02_1216_1312,4
GEO_NR02_1216_1728,2
GEO_NR02_1216_1760,2
GEO_NR02_1216_1856,4
GEO_NR02_1216_1920,4
GEO_NR02_1216_2176,4
GEO_NR02_1216_2272,4
GEO_NR02_1216_2304,4
GEO_NR02_1216_2336,4
GEO_NR02_1216_2368,4
GEO_NR02_1248_0288,4
GEO_NR02_1248_0320,4
GEO_NR02_1248_0352,4
GEO_NR02_1248_0384,4
GEO_NR02_1248_0896,4
GEO_NR02_1248_0928,4
GEO_NR02_1248_0960,4
GEO_NR02_1248_0992,4
GEO_NR02_1248_1024,4
GEO_NR02_1248_1056,4
GEO_NR02_1248_1088,4
GEO_NR02_1248_1120,4
GEO_NR02_1248_1152,4
GEO_NR02_1248_1280,4
GEO_NR02_1248_1312,4
GEO_NR02_1248_1344,4
GEO_NR02_1248_1440,4
GEO_NR02_1248_1568,4
GEO_NR02_1248_1728,2
GEO_NR02_1248_2176,4
GEO_NR02_1248_2208,4
GEO_NR02_1248_2272,4
GEO_NR02_1248_2304,4
GEO_NR02_1248_2336,4
GEO_NR02_1248_2368,4
GEO_NR02_1280_0000,4
GEO_NR02_1280_0032,4
GEO_NR02_1280_0064,4
GEO_NR02_1280_0288,4
GEO_NR02_1280_0320,4
GEO_NR02_1280_0352,4
GEO_NR02_1280_0864,4
GEO_NR02_1280_0896,4
GEO_NR02_1280_0928,4
GEO_NR02_1280_0960,4
GEO_NR02_1280_0992,4
GEO_NR02_1280_1024,4
GEO_NR02_1280_1056,4
GEO_NR02_1280_1088,4
GEO_NR02_1280_1120,4
GEO_NR02_1280_1152,4
GEO_NR02_1280_1184,4
GEO_NR02_1280_1312,4
GEO_NR02_1280_1344,4
GEO_NR02_1280_1376,4
GEO_NR02_1280_1408,4
GEO_NR02_1280_1440,4
GEO_NR02_1280_1472,4
GEO_NR02_1280_1504,4
GEO_NR02_1280_1536,4
GEO_NR02_1280_1568,4
GEO_NR02_1280_1600,4
GEO_NR02_1280_1632,4
GEO_NR02_1280_1664,4
GEO_NR02_1280_2176,4
GEO_NR02_1280_2208,4
GEO_NR02_1280_2240,4
GEO_NR02_1280_2272,4
GEO_NR02_1280_2304,4
GEO_NR02_1280_2336,4
GEO_NR02_1280_2368,4
GEO_NR02_1312_0000,4
GEO_NR02_1312_0032,4
GEO_NR02_1312_0064,4
GEO_NR02_1312_0256,4
GEO_NR02_1312_0288,4
GEO_NR02_1312_0320,4
GEO_NR02_1312_0352,4
GEO_NR02_1312_0448,4
GEO_NR02_1312_0928,4
GEO_NR02_1312_0960,4
GEO_NR02_1312_0992,4
GEO_NR02_1312_1024,4
GEO_NR02_1312_1056,4
GEO_NR02_1312_1088,4
GEO_NR02_1312_1120,4
GEO_NR02_1312_1152,4
GEO_NR02_1312_1184,4
GEO_NR02_1312_1280,4
GEO_NR02_1312_1312,4
GEO_NR02_1312_1344,4
GEO_NR02_1312_1376,4
GEO_NR02_1312_1408,4
GEO_NR02_1312_1440,4
GEO_NR02_1312_1472,4
GEO_NR02_1312_1600,4
GEO_NR02_1312_1632,4
GEO_NR02_1312_1664,4
GEO_NR02_1312_1696,4
GEO_NR02_1312_2240,4
GEO_NR02_1312_2272,4
GEO_NR02_1312_2304,4
GEO_NR02_1312_2336,4
GEO_NR02_1312_2368,4
GEO_NR02_1344_0000,4
GEO_NR02_1344_0032,4
GEO_NR02_1344_0064,4
GEO_NR02_1344_0256,4
GEO_NR02_1344_0288,4
GEO_NR02_1344_0928,4
GEO_NR02_1344_0960,4
GEO_NR02_1344_0992,4
GEO_NR02_1344_1024,4
GEO_NR02_1344_1056,4
GEO_NR02_1344_1088,4
GEO_NR02_1344_1152,4
GEO_NR02_1344_1184,4
GEO_NR02_1344_1280,4
GEO_NR02_1344_1312,4
GEO_NR02_1344_1344,4
GEO_NR02_1344_1376,4
GEO_NR02_1344_1408,4
GEO_NR02_1344_1440,4
GEO_NR02_1344_1472,4
GEO_NR02_1344_1504,4
GEO_NR02_1344_1536,4
GEO_NR02_1344_1568,4
GEO_NR02_1344_1600,4
GEO_NR02_1344_1632,4
GEO_NR02_1344_1664,4
GEO_NR02_1344_1696,4
GEO_NR02_1344_1728,4
GEO_NR02_1344_2240,4
GEO_NR02_1344_2272,4
GEO_NR02_1344_2304,4
GEO_NR02_1376_0000,4
GEO_NR02_1376_0032,4
GEO_NR02_1376_0064,4
GEO_NR02_1376_0096,4
GEO_NR02_1376_0288,4
GEO_NR02_1376_0960,4
GEO_NR02_1376_0992,4
GEO_NR02_1376_1024,4
GEO_NR02_1376_1056,4
GEO_NR02_1376_1088,4
GEO_NR02_1376_1152,4
GEO_NR02_1376_1184,4
GEO_NR02_1376_1312,4
GEO_NR02_1376_1344,4
GEO_NR02_1376_1696,4
GEO_NR02_1376_1728,4
GEO_NR02_1376_1760,4
GEO_NR02_1376_1792,4
GEO_NR02_1408_0032,4
GEO_NR02_1408_0064,4
GEO_NR02_1408_0096,4
GEO_NR02_1408_0288,4
GEO_NR02_1408_0960,4
GEO_NR02_1408_0992,4
GEO_NR02_1408_1024,4
GEO_NR02_1408_1056,4
GEO_NR02_1408_1088,4
GEO_NR02_1408_1120,4
GEO_NR02_1408_1696,4
GEO_NR02_1408_1728,4
GEO_NR02_1408_1760,4
GEO_NR02_1408_1792,4
GEO_NR02_1408_1824,4
GEO_NR02_1408_1856,4
GEO_NR02_1440_0064,4
GEO_NR02_1440_0096,4
GEO_NR02_1440_0384,4
GEO_NR02_1440_0416,4
GEO_NR02_1440_0448,4
GEO_NR02_1440_0992,4
GEO_NR02_1440_1024,4
GEO_NR02_1440_1056,4
GEO_NR02_1440_1088,4
GEO_NR02_1440_1120,4
GEO_NR02_1440_1248,4
GEO_NR02_1440_1728,4
GEO_NR02_1440_1760,4
GEO_NR02_1440_1792,4
GEO_NR02_1440_1824,4
GEO_NR02_1440_1856,4
GEO_NR02_1440_1888,4
GEO_NR02_1472_0000,4
GEO_NR02_1472_0064,4
GEO_NR02_1472_0096,4
GEO_NR02_1472_0128,4
GEO_NR02_1472_0224,4
GEO_NR02_1472_1184,4
GEO_NR02_1472_1216,4
GEO_NR02_1472_1248,4
GEO_NR02_1472_1728,4
GEO_NR02_1472_1760,4
GEO_NR02_1472_1792,4
GEO_NR02_1472_1824,4
GEO_NR02_1472_1856,4
GEO_NR02_1472_1888,4
GEO_NR02_1472_1952,0
GEO_NR02_1472_1984,0
GEO_NR02_1472_2144,0
GEO_NR02_1504_0000,4
GEO_NR02_1504_0096,4
GEO_NR02_1504_0128,4
GEO_NR02_1504_0192,4
GEO_NR02_1504_0224,4
GEO_NR02_1504_0736,3
GEO_NR02_1504_0768,3
GEO_NR02_1504_1088,4
GEO_NR02_1504_1120,4
GEO_NR02_1504_1152,4
GEO_NR02_1504_1184,4
GEO_NR02_1504_1216,4
GEO_NR02_1504_1248,4
GEO_NR02_1504_1728,4
GEO_NR02_1504_1792,4
GEO_NR02_1504_1824,4
GEO_NR02_1504_1856,4
GEO_NR02_1504_1888,4
GEO_NR02_1504_1920,4
GEO_NR02_1504_1984,0
GEO_NR02_1504_2016,0
GEO_NR02_1504_2176,0
GEO_NR02_1536_0000,4
GEO_NR02_1536_0128,4
GEO_NR02_1536_0160,4
GEO_NR02_1536_0192,4
GEO_NR02_1536_0224,4
GEO_NR02_1536_0256,4
GEO_NR02_1536_0288,4
GEO_NR02_1536_0736,3
GEO_NR02_1536_0768,3
GEO_NR02_1536_0800,3
GEO_NR02_1536_0832,3
GEO_NR02_1536_0864,3
GEO_NR02_1536_1056,4
GEO_NR02_1536_1088,4
GEO_NR02_1536_1120,4
GEO_NR02_1536_1216,4
GEO_NR02_1536_1248,4
GEO_NR02_1536_1344,4
GEO_NR02_1536_1376,4
GEO_NR02_1536_1824,4
GEO_NR02_1536_1888,4
GEO_NR02_1536_1920,4
GEO_NR02_1536_2016,0
GEO_NR02_1536_2176,0
GEO_NR02_1536_2208,0
GEO_NR02_1536_2240,0
GEO_NR02_1568_0032,4
GEO_NR02_1568_0096,4
GEO_NR02_1568_0128,4
GEO_NR02_1568_0160,4
GEO_NR02_1568_0768,3
GEO_NR02_1568_0800,3
GEO_NR02_1568_0832,3
GEO_NR02_1568_0864,3
GEO_NR02_1568_1056,4
GEO_NR02_1568_1088,4
GEO_NR02_1568_1216,4
GEO_NR02_1568_1248,4
GEO_NR02_1568_1280,4
GEO_NR02_1568_1312,4
GEO_NR02_1568_1344,4
GEO_NR02_1568_1376,4
GEO_NR02_1568_1408,4
GEO_NR02_1568_1472,4
GEO_NR02_1568_1728,4
GEO_NR02_1568_1824,4
GEO_NR02_1568_1856,4
GEO_NR02_1568_1920,4
GEO_NR02_1568_2016,0
GEO_NR02_1568_2272,0
GEO_NR02_1600_0064,4
GEO_NR02_1600_0128,4
GEO_NR02_1600_0160,4
GEO_NR02_1600_0352,4
GEO_NR02_1600_0384,4
GEO_NR02_1600_0416,4
GEO_NR02_1600_0448,4
GEO_NR02_1600_0480,4
GEO_NR02_1600_0512,4
GEO_NR02_1600_0832,3
GEO_NR02_1600_0864,3
GEO_NR02_1600_0896,3
GEO_NR02_1600_0928,3
GEO_NR02_1600_1088,4
GEO_NR02_1600_1184,4
GEO_NR02_1600_1216,4
GEO_NR02_1600_1248,4
GEO_NR02_1600_1280,4
GEO_NR02_1600_1376,4
GEO_NR02_1600_1408,4
GEO_NR02_1600_1440,4
GEO_NR02_1600_1472,4
GEO_NR02_1600_1888,4
GEO_NR02_1600_1920,4
GEO_NR02_1600_2304,0
GEO_NR02_1632_0064,4
GEO_NR02_1632_0096,4
GEO_NR02_1632_0128,4
GEO_NR02_1632_0160,4
GEO_NR02_1632_0352,4
GEO_NR02_1632_0384,4
GEO_NR02_1632_0416,4
GEO_NR02_1632_0448,4
GEO_NR02_1632_0480,4
GEO_NR02_1632_0512,4
GEO_NR02_1632_0800,3
GEO_NR02_1632_0832,3
GEO_NR02_1632_0864,3
GEO_NR02_1632_0896,3
GEO_NR02_1632_1088,4
GEO_NR02_1632_1120,4
GEO_NR02_1632_1216,4
GEO_NR02_1632_1248,4
GEO_NR02_1632_1280,4
GEO_NR02_1632_1312,4
GEO_NR02_1632_1344,4
GEO_NR02_1632_1472,4
GEO_NR02_1632_1760,4
GEO_NR02_1632_1984,4
GEO_NR02_1632_2112,4
GEO_NR02_1632_2144,4
GEO_NR02_1632_2176,4
GEO_NR02_1632_2208,4
GEO_NR02_1632_2240,4
GEO_NR02_1632_2336,0
GEO_NR02_1664_0064,4
GEO_NR02_1664_0096,4
GEO_NR02_1664_0128,4
GEO_NR02_1664_0288,4
GEO_NR02_1664_0320,4
GEO_NR02_1664_0352,4
GEO_NR02_1664_0384,4
GEO_NR02_1664_0416,4
GEO_NR02_1664_0448,4
GEO_NR02_1664_0480,4
GEO_NR02_1664_0512,4
GEO_NR02_1664_0800,3
GEO_NR02_1664_0832,3
GEO_NR02_1664_0864,3
GEO_NR02_1664_0896,3
GEO_NR02_1664_1120,4
GEO_NR02_1664_1248,4
GEO_NR02_1664_1280,4
GEO_NR02_1664_1312,4
GEO_NR02_1664_1344,4
GEO_NR02_1664_1760,4
GEO_NR02_1664_1792,4
GEO_NR02_1664_1824,4
GEO_NR02_1664_1984,4
GEO_NR02_1664_2016,4
GEO_NR02_1664_2112,4
GEO_NR02_1664_2144,4
GEO_NR02_1664_2176,4
GEO_NR02_1664_2208,4
GEO_NR02_1664_2240,4
GEO_NR02_1696_0096,4
GEO_NR02_1696_0256,4
GEO_NR02_1696_0288,4
GEO_NR02_1696_0320,4
GEO_NR02_1696_0352,4
GEO_NR02_1696_0384,4
GEO_NR02_1696_0416,4
GEO_NR02_1696_0800,3
GEO_NR02_1696_0832,3
GEO_NR02_1696_0864,3
GEO_NR02_1696_1120,4
GEO_NR02_1696_1248,4
GEO_NR02_1696_1280,4
GEO_NR02_1696_1312,4
GEO_NR02_1696_1344,4
GEO_NR02_1696_1408,4
GEO_NR02_1696_1440,4
GEO_NR02_1696_1504,4
GEO_NR02_1696_1536,4
GEO_NR02_1696_1792,4
GEO_NR02_1696_1824,4
GEO_NR02_1696_1984,4
GEO_NR02_1696_2112,4
GEO_NR02_1696_2144,4
GEO_NR02_1696_2176,4
GEO_NR02_1696_2208,4
GEO_NR02_1696_2240,4
GEO_NR02_1728_0000,4
GEO_NR02_1728_0224,4
GEO_NR02_1728_0256,4
GEO_NR02_1728_0288,4
GEO_NR02_1728_0320,4
GEO_NR02_1728_0352,4
GEO_NR02_1728_0384,4
GEO_NR02_1728_0416,4
GEO_NR02_1728_0544,4
GEO_NR02_1728_1120,4
GEO_NR02_1728_1248,4
GEO_NR02_1728_1280,4
GEO_NR02_1728_1312,4
GEO_NR02_1728_1344,4
GEO_NR02_1728_1376,4
GEO_NR02_1728_1408,4
GEO_NR02_1728_1440,4
GEO_NR02_1728_1472,4
GEO_NR02_1728_1504,4
GEO_NR02_1728_1536,4
GEO_NR02_1728_1760,4
GEO_NR02_1728_2176,4
GEO_NR02_1728_2208,4
GEO_NR02_1728_2240,4
GEO_NR02_1760_0000,4
GEO_NR02_1760_0192,4
GEO_NR02_1760_0224,4
GEO_NR02_1760_0256,4
GEO_NR02_1760_0288,4
GEO_NR02_1760_0320,4
GEO_NR02_1760_0512,4
GEO_NR02_1760_0544,4
GEO_NR02_1760_0704,3
GEO_NR02_1760_0992,1
GEO_NR02_1760_1216,4
GEO_NR02_1760_1248,4
GEO_NR02_1760_1280,4
GEO_NR02_1760_1376,4
GEO_NR02_1760_1408,4
GEO_NR02_1760_1440,4
GEO_NR02_1760_1472,4
GEO_NR02_1760_1504,4
GEO_NR02_1760_1536,4
GEO_NR02_1760_1760,4
GEO_NR02_1760_1920,4
GEO_NR02_1760_2176,4
GEO_NR02_1792_0000,4
GEO_NR02_1792_0192,4
GEO_NR02_1792_0224,4
GEO_NR02_1792_0256,4
GEO_NR02_1792_0288,4
GEO_NR02_1792_0512,4
GEO_NR02_1792_0544,4
GEO_NR02_1792_0704,3
GEO_NR02_1792_0832,1
GEO_NR02_1792_1216,4
GEO_NR02_1792_1248,4
GEO_NR02_1792_1280,4
GEO_NR02_1792_1408,4
GEO_NR02_1792_1440,4
GEO_NR02_1792_1472,4
GEO_NR02_1792_1504,4
GEO_NR02_1792_1536,4
GEO_NR02_1792_1664,2
GEO_NR02_1792_1760,4
GEO_NR02_1792_1792,4
GEO_NR02_1792_1824,4
GEO_NR02_1792_2080,4
GEO_NR02_1792_2112,4
GEO_NR02_1792_2144,4
GEO_NR02_1792_2176,4
GEO_NR02_1824_0032,4
GEO_NR02_1824_0064,4
GEO_NR02_1824_0192,4
GEO_NR02_1824_0224,4
GEO_NR02_1824_0256,4
GEO_NR02_1824_0416,5
GEO_NR02_1824_0512,4
GEO_NR02_1824_0544,4
GEO_NR02_1824_0672,3
GEO_NR02_1824_0704,3
GEO_NR02_1824_0928,1
GEO_NR02_1824_0960,1
GEO_NR02_1824_1248,4
GEO_NR02_1824_1408,4
GEO_NR02_1824_1440,4
GEO_NR02_1824_1472,4
GEO_NR02_1824_1504,4
GEO_NR02_1824_1536,4
GEO_NR02_1824_1568,4
GEO_NR02_1824_1600,4
GEO_NR02_1824_1696,2
GEO_NR02_1824_1792,4
GEO_NR02_1824_1824,4
GEO_NR02_1824_1856,4
GEO_NR02_1824_2080,4
GEO_NR02_1824_2112,4
GEO_NR02_1824_2144,4
GEO_NR02_1824_2208,4
GEO_NR02_1856_0000,4
GEO_NR02_1856_0032,4
GEO_NR02_1856_0064,4
GEO_NR02_1856_0128,4
GEO_NR02_1856_0160,4
GEO_NR02_1856_0416,5
GEO_NR02_1856_0512,4
GEO_NR02_1856_0544,4
GEO_NR02_1856_0640,3
GEO_NR02_1856_0672,3
GEO_NR02_1856_0800,3
GEO_NR02_1856_0896,1
GEO_NR02_1856_0928,1
GEO_NR02_1856_0960,1
GEO_NR02_1856_0992,1
GEO_NR02_1856_1248,4
GEO_NR02_1856_1280,4
GEO_NR02_1856_1312,4
GEO_NR02_1856_1344,4
GEO_NR02_1856_1376,4
GEO_NR02_1856_1408,4
GEO_NR02_1856_1472,4
GEO_NR02_1856_1504,4
GEO_NR02_1856_1536,4
GEO_NR02_1856_1568,4
GEO_NR02_1856_1600,4
GEO_NR02_1856_1632,4
GEO_NR02_1856_1664,4
GEO_NR02_1856_1824,4
GEO_NR02_1856_1856,4
GEO_NR02_1856_1888,4
GEO_NR02_1856_1920,4
GEO_NR02_1856_2016,4
GEO_NR02_1856_2048,4
GEO_NR02_1856_2080,4
GEO_NR02_1888_0000,4
GEO_NR02_1888_0032,4
GEO_NR02_1888_0128,4
GEO_NR02_1888_0160,4
GEO_NR02_1888_0416,5
GEO_NR02_1888_0544,4
GEO_NR02_1888_0608,3
GEO_NR02_1888_0640,3
GEO_NR02_1888_0672,3
GEO_NR02_1888_0704,3
GEO_NR02_1888_0736,3
GEO_NR02_1888_0928,1
GEO_NR02_1888_0960,1
GEO_NR02_1888_0992,1
GEO_NR02_1888_1344,4
GEO_NR02_1888_1376,4
GEO_NR02_1888_1472,4
GEO_NR02_1888_1568,4
GEO_NR02_1888_1632,4
GEO_NR02_1888_1664,4
GEO_NR02_1920_0000,4
GEO_NR02_1920_0128,4
GEO_NR02_1920_0160,4
GEO_NR02_1920_0416,5
GEO_NR02_1920_0448,5
GEO_NR02_1920_0704,3
GEO_NR02_1920_0736,3
GEO_NR02_1952_0000,4
GEO_NR02_1952_0064,4
GEO_NR02_1952_0096,4
GEO_NR02_1952_0128,4
GEO_NR02_1952_0160,4
GEO_NR02_1952_0416,5
GEO_NR02_1952_0448,5
GEO_NR02_1984_0064,4
GEO_NR02_1984_0096,4
GEO_NR02_1984_0128,4
GEO_NR02_1984_0160,4
GEO_NR02_1984_0192,4
GEO_NR02_1984_0416,5
GEO_NR02_1984_0448,5
GEO_NR02_1984_0832,4
GEO_NR02_1984_0864,4
GEO_NR02_1984_1088,4
GEO_NR02_2016_0064,4
GEO_NR02_2016_0096,4
GEO_NR02_2016_0128,4
GEO_NR02_2016_0160,4
GEO_NR02_2016_0192,4
GEO_NR02_2016_0224,4
GEO_NR02_2016_0768,4
GEO_NR02_2016_0800,4
GEO_NR02_2016_0832,4
GEO_NR02_2016_0864,4
GEO_NR02_2016_2048,5
GEO_NR02_2016_2080,5
GEO_NR02_2016_2112,5
GEO_NR02_2016_2144,5
GEO_NR02_2016_2176,5
GEO_NR02_2016_2208,5
GEO_NR02_2016_2240,5
GEO_NR02_2016_2272,5
GEO_NR02_2016_2304,5
GEO_NR02_2048_0064,4
GEO_NR02_2048_0096,4
GEO_NR02_2048_0128,4
GEO_NR02_2048_0160,4
GEO_NR02_2048_0192,4
GEO_NR02_2048_0224,4
GEO_NR02_2048_0640,1
GEO_NR02_2048_1440,5
GEO_NR02_2048_1472,5
GEO_NR02_2048_1504,5
GEO_NR02_2048_1536,5
GEO_NR02_2048_1568,5
GEO_NR02_2048_1600,5
GEO_NR02_2048_1632,5
GEO_NR02_2048_1664,5
GEO_NR02_2048_1696,5
GEO_NR02_2048_1728,5
GEO_NR02_2048_1760,5
GEO_NR02_2048_1792,5
GEO_NR02_2048_1824,5
GEO_NR02_2048_1856,5
GEO_NR02_2048_1888,5
GEO_NR02_2048_1920,5
GEO_NR02_2048_1952,5
GEO_NR02_2048_1984,5
GEO_NR02_2048_2016,5
GEO_NR02_2048_2048,5
GEO_NR02_2048_2080,5
GEO_NR02_2048_2112,5
GEO_NR02_2048_2144,5
GEO_NR02_2048_2176,5
GEO_NR02_2048_2208,5
GEO_NR02_2048_2240,5
GEO_NR02_2048_2272,5
GEO_NR02_2048_2304,5
GEO_NR02_2048_2336,5
GEO_NR02_2048_2368,5
GEO_NR02_2080_0128,4
GEO_NR02_2080_0160,4
GEO_NR02_2080_0448,5
GEO_NR02_2080_1248,5
GEO_NR02_2080_1280,5
GEO_NR02_2080_1312,5
GEO_NR02_2080_1344,5
GEO_NR02_2080_1376,5
GEO_NR02_2080_1408,5
GEO_NR02_2080_1440,5
GEO_NR02_2080_1472,5
GEO_NR02_2080_1504,5
GEO_NR02_2080_1536,5
GEO_NR02_2080_1568,5
GEO_NR02_2080_1600,5
GEO_NR02_2080_1632,5
GEO_NR02_2080_1664,5
GEO_NR02_2080_1696,5
GEO_NR02_2080_1728,5
GEO_NR02_2080_1760,5
GEO_NR02_2080_1792,5
GEO_NR02_2080_1824,5
GEO_NR02_2080_1856,5
GEO_NR02_2080_1888,5
GEO_NR02_2080_1920,5
GEO_NR02_2080_1952,5
GEO_NR02_2080_1984,5
GEO_NR02_2080_2016,5
GEO_NR02_2080_2048,5
GEO_NR02_2080_2080,5
GEO_NR02_2080_2112,5
GEO_NR02_2080_2144,5
GEO_NR02_2080_2176,5
GEO_NR02_2080_2208,5
GEO_NR02_2080_2240,5
GEO_NR02_2080_2272,5
GEO_NR02_2080_2304,5
GEO_NR02_2080_2336,5
GEO_NR02_2080_2368,5
GEO_NR02_2112_0160,4
GEO_NR02_2112_1120,5
GEO_NR02_2112_1152,5
GEO_NR02_2112_1184,5
GEO_NR02_2112_1216,5
GEO_NR02_2112_1248,5
GEO_NR02_2112_1280,5
GEO_NR02_2112_1312,5
GEO_NR02_2112_1344,5
GEO_NR02_2112_1376,5
GEO_NR02_2112_1408,5
GEO_NR02_2112_1440,5
GEO_NR02_2112_1472,5
GEO_NR02_2112_1504,5
GEO_NR02_2112_1536,5
GEO_NR02_2112_1568,5
GEO_NR02_2112_1600,5
GEO_NR02_2112_1632,5
GEO_NR02_2112_1664,5
GEO_NR02_2112_1696,5
GEO_NR02_2112_1728,5
GEO_NR02_2112_1760,5
GEO_NR02_2112_1792,5
GEO_NR02_2112_1824,5
GEO_NR02_2112_1856,5
GEO_NR02_2112_1888,5
GEO_NR02_2112_1920,5
GEO_NR02_2112_1952,5
GEO_NR02_2112_1984,5
GEO_NR02_2112_2016,5
GEO_NR02_2112_2048,5
GEO_NR02_2112_2080,5
GEO_NR02_2112_2112,5
GEO_NR02_2112_2144,5
GEO_NR02_2112_2176,5
GEO_NR02_2112_2208,5
GEO_NR02_2112_2240,5
GEO_NR02_2112_2272,5
GEO_NR02_2112_2304,5
GEO_NR02_2112_2336,5
GEO_NR02_2112_2368,5
GEO_NR02_2144_0160,4
GEO_NR02_2144_0192,4
GEO_NR02_2144_1024,5
GEO_NR02_2144_1056,5
GEO_NR02_2144_1088,5
GEO_NR02_2144_1120,5
GEO_NR02_2144_1152,5
GEO_NR02_2144_1184,5
GEO_NR02_2144_1216,5
GEO_NR02_2144_1248,5
GEO_NR02_2144_1280,5
GEO_NR02_2144_1312,5
GEO_NR02_2144_1344,5
GEO_NR02_2144_1376,5
GEO_NR02_2144_1408,5
GEO_NR02_2144_1440,5
GEO_NR02_2144_1472,5
GEO_NR02_2144_1504,5
GEO_NR02_2144_1536,5
GEO_NR02_2144_1568,5
GEO_NR02_2144_1600,5
GEO_NR02_2144_1632,5
GEO_NR02_2144_1664,5
GEO_NR02_2144_1696,5
GEO_NR02_2144_1728,5
GEO_NR02_2144_1760,5
GEO_NR02_2144_1792,5
GEO_NR02_2144_1824,5
GEO_NR02_2144_1856,5
GEO_NR02_2144_1888,5
GEO_NR02_2144_1920,5
GEO_NR02_2144_1952,5
GEO_NR02_2144_1984,5
GEO_NR02_2144_2016,5
GEO_NR02_2144_2048,5
GEO_NR02_2144_2080,5
GEO_NR02_2144_2112,5
GEO_NR02_2144_2144,5
GEO_NR02_2144_2176,5
GEO_NR02_2144_2208,5
GEO_NR02_2144_2240,5
GEO_NR02_2144_2272,5
GEO_NR02_2144_2304,5
GEO_NR02_2144_2336,5
GEO_NR02_2144_2368,5
GEO_NR02_2176_0000,5
GEO_NR02_2176_0160,4
GEO_NR02_2176_0192,4
GEO_NR02_2176_0928,5
GEO_NR02_2176_0960,5
GEO_NR02_2176_0992,5
GEO_NR02_2176_1024,5
GEO_NR02_2176_1056,5
GEO_NR02_2176_1088,5
GEO_NR02_2176_1120,5
GEO_NR02_2176_1152,5
GEO_NR02_2176_1184,5
GEO_NR02_2176_1216,5
GEO_NR02_2176_1248,5
GEO_NR02_2176_1280,5
GEO_NR02_2176_1312,5
GEO_NR02_2176_1344,5
GEO_NR02_2176_1376,5
GEO_NR02_2176_1408,5
GEO_NR02_2176_1440,5
GEO_NR02_2176_1472,5
GEO_NR02_2176_1504,5
GEO_NR02_2176_1536,5
GEO_NR02_2176_1568,5
GEO_NR02_2176_1600,5
GEO_NR02_2176_1632,5
GEO_NR02_2176_1664,5
GEO_NR02_2176_1696,5
GEO_NR02_2176_1728,5
GEO_NR02_2176_1760,5
GEO_NR02_2176_1792,5
GEO_NR02_2176_1824,5
GEO_NR02_2176_1856,5
GEO_NR02_2176_1888,5
GEO_NR02_2176_1920,5
GEO_NR02_2176_1952,5
GEO_NR02_2176_1984,5
GEO_NR02_2176_2016,5
GEO_NR02_2176_2048,5
GEO_NR02_2176_2080,5
GEO_NR02_2176_2112,5
GEO_NR02_2176_2144,5
GEO_NR02_2176_2176,5
GEO_NR02_2176_2208,5
GEO_NR02_2176_2240,5
GEO_NR02_2176_2272,5
GEO_NR02_2176_2304,5
GEO_NR02_2176_2336,5
GEO_NR02_2176_2368,5
GEO_NR02_2208_0832,5
GEO_NR02_2208_0864,5
GEO_NR02_2208_0896,5
GEO_NR02_2208_0928,5
GEO_NR02_2208_0960,5
GEO_NR02_2208_0992,5
GEO_NR02_2208_1024,5
GEO_NR02_2208_1056,5
GEO_NR02_2208_1088,5
GEO_NR02_2208_1120,5
GEO_NR02_2208_1152,5
GEO_NR02_2208_1184,5
GEO_NR02_2208_1216,5
GEO_NR02_2208_1248,5
GEO_NR02_2208_1280,5
GEO_NR02_2208_1312,5
GEO_NR02_2208_1344,5
GEO_NR02_2208_1376,5
GEO_NR02_2208_1408,5
GEO_NR02_2208_1440,5
GEO_NR02_2208_1472,5
GEO_NR02_2208_1504,5
GEO_NR02_2208_1536,5
GEO_NR02_2208_1568,5
GEO_NR02_2208_1600,5
GEO_NR02_2208_1632,5
GEO_NR02_2208_1664,5
GEO_NR02_2208_1696,5
GEO_NR02_2208_1728,5
GEO_NR02_2208_1760,5
GEO_NR02_2208_1792,5
GEO_NR02_2208_1824,5
GEO_NR02_2208_1856,5
GEO_NR02_2208_1888,5
GEO_NR02_2208_1920,5
GEO_NR02_2208_1952,5
GEO_NR02_2208_1984,5
GEO_NR02_2208_2016,5
GEO_NR02_2208_2048,5
GEO_NR02_2208_2080,5
GEO_NR02_2208_2112,5
GEO_NR02_2208_2144,5
GEO_NR02_2208_2176,5
GEO_NR02_2208_2208,5
GEO_NR02_2208_2240,5
GEO_NR02_2208_2272,5
GEO_NR02_2208_2304,5
GEO_NR02_2208_2336,5
GEO_NR02_2208_2368,5
GEO_NR02_2240_0160,4
GEO_NR02_2240_0672,5
GEO_NR02_2240_0704,5
GEO_NR02_2240_0736,5
GEO_NR02_2240_0768,5
GEO_NR02_2240_0800,5
GEO_NR02_2240_0832,5
GEO_NR02_2240_0864,5
GEO_NR02_2240_0896,5
GEO_NR02_2240_0928,5
GEO_NR02_2240_0960,5
GEO_NR02_2240_0992,5
GEO_NR02_2240_1024,5
GEO_NR02_2240_1056,5
GEO_NR02_2240_1088,5
GEO_NR02_2240_1120,5
GEO_NR02_2240_1152,5
GEO_NR02_2240_1184,5
GEO_NR02_2240_1216,5
GEO_NR02_2240_1248,5
GEO_NR02_2240_1280,5
GEO_NR02_2240_1312,5
GEO_NR02_2240_1344,5
GEO_NR02_2240_1376,5
GEO_NR02_2240_1408,5
GEO_NR02_2240_1440,5
GEO_NR02_2240_1472,5
GEO_NR02_2240_1504,5
GEO_NR02_2240_1536,5
GEO_NR02_2240_1568,5
GEO_NR02_2240_1600,5
GEO_NR02_2240_1632,5
GEO_NR02_2240_1664,5
GEO_NR02_2240_1696,5
GEO_NR02_2240_1728,5
GEO_NR02_2240_1760,5
GEO_NR02_2240_1792,5
GEO_NR02_2240_1824,5
GEO_NR02_2240_1856,5
GEO_NR02_2240_1888,5
GEO_NR02_2240_1920,5
GEO_NR02_2240_1952,5
GEO_NR02_2240_1984,5
GEO_NR02_2240_2016,5
GEO_NR02_2240_2048,5
GEO_NR02_2240_2080,5
GEO_NR02_2240_2112,5
GEO_NR02_2240_2144,5
GEO_NR02_2240_2176,5
GEO_NR02_2240_2208,5
GEO_NR02_2240_2240,5
GEO_NR02_2240_2272,5
GEO_NR02_2240_2304,5
GEO_NR02_2240_2336,5
GEO_NR02_2240_2368,5
GEO_NR02_2272_0128,4
GEO_NR02_2272_0160,4
GEO_NR02_2272_0192,4
GEO_NR02_2272_0544,5
GEO_NR02_2272_0576,5
GEO_NR02_2272_0608,5
GEO_NR02_2272_0640,5
GEO_NR02_2272_0672,5
GEO_NR02_2272_0704,5
GEO_NR02_2272_0736,5
GEO_NR02_2272_0768,5
GEO_NR02_2272_0800,5
GEO_NR02_2272_0832,5
GEO_NR02_2272_0864,5
GEO_NR02_2272_0896,5
GEO_NR02_2272_0928,5
GEO_NR02_2272_0960,5
GEO_NR02_2272_0992,5
GEO_NR02_2272_1024,5
GEO_NR02_2272_1056,5
GEO_NR02_2272_1088,5
GEO_NR02_2272_1120,5
GEO_NR02_2272_1152,5
GEO_NR02_2272_1184,5
GEO_NR02_2272_1216,5
GEO_NR02_2272_1248,5
GEO_NR02_2272_1280,5
GEO_NR02_2272_1312,5
GEO_NR02_2272_1344,5
GEO_NR02_2272_1376,5
GEO_NR02_2272_1408,5
GEO_NR02_2272_1440,5
GEO_NR02_2272_1472,5
GEO_NR02_2272_1504,5
GEO_NR02_2272_1536,5
GEO_NR02_2272_1568,5
GEO_NR02_2272_1600,5
GEO_NR02_2272_1632,5
GEO_NR02_2272_1664,5
GEO_NR02_2272_1696,5
GEO_NR02_2272_1728,5
GEO_NR02_2272_1760,5
GEO_NR02_2272_1792,5
GEO_NR02_2272_1824,5
GEO_NR02_2272_1856,5
GEO_NR02_2272_1888,5
GEO_NR02_2272_1920,5
GEO_NR02_2272_1952,5
GEO_NR02_2272_1984,5
GEO_NR02_2272_2016,5
GEO_NR02_2272_2048,5
GEO_NR02_2272_2080,5
GEO_NR02_2272_2112,5
GEO_NR02_2272_2144,5
GEO_NR02_2272_2176,5
GEO_NR02_2272_2208,5
GEO_NR02_2272_2240,5
GEO_NR02_2272_2272,5
GEO_NR02_2272_2304,5
GEO_NR02_2272_2336,5
GEO_NR02_2272_2368,5
GEO_NR02_2304_0128,4
GEO_NR02_2304_0160,4
GEO_NR02_2304_0448,5
GEO_NR02_2304_0480,5
GEO_NR02_2304_0512,5
GEO_NR02_2304_0544,5
GEO_NR02_2304_0576,5
GEO_NR02_2304_0608,5
GEO_NR02_2304_0640,5
GEO_NR02_2304_0672,5
GEO_NR02_2304_0704,5
GEO_NR02_2304_0736,5
GEO_NR02_2304_0768,5
GEO_NR02_2304_0800,5
GEO_NR02_2304_0832,5
GEO_NR02_2304_0864,5
GEO_NR02_2304_0896,5
GEO_NR02_2304_0928,5
GEO_NR02_2304_0960,5
GEO_NR02_2304_0992,5
GEO_NR02_2304_1024,5
GEO_NR02_2304_1056,5
GEO_NR02_2304_1088,5
GEO_NR02_2304_1120,5
GEO_NR02_2304_1152,5
GEO_NR02_2304_1184,5
GEO_NR02_2304_1216,5
GEO_NR02_2304_1248,5
GEO_NR02_2304_1280,5
GEO_NR02_2304_1312,5
GEO_NR02_2304_1344,5
GEO_NR02_2304_1376,5
GEO_NR02_2304_1408,5
GEO_NR02_2304_1440,5
GEO_NR02_2304_1472,5
GEO_NR02_2304_1504,5
GEO_NR02_2304_1536,5
GEO_NR02_2304_1568,5
GEO_NR02_2304_1600,5
GEO_NR02_2304_1632,5
GEO_NR02_2304_1664,5
GEO_NR02_2304_1696,5
GEO_NR02_2304_1728,5
GEO_NR02_2304_1760,5
GEO_NR02_2304_1792,5
GEO_NR02_2304_1824,5
GEO_NR02_2304_1856,5
GEO_NR02_2304_1888,5
GEO_NR02_2304_1920,5
GEO_NR02_2304_1952,5
GEO_NR02_2304_1984,5
GEO_NR02_2304_2016,5
GEO_NR02_2304_2048,5
GEO_NR02_2304_2080,5
GEO_NR02_2304_2112,5
GEO_NR02_2304_2144,5
GEO_NR02_2304_2176,5
GEO_NR02_2304_2208,5
GEO_NR02_2304_2240,5
GEO_NR02_2304_2272,5
GEO_NR02_2304_2304,5
GEO_NR02_2304_2336,5
GEO_NR02_2304_2368,5
GEO_NR02_2336_0352,5
GEO_NR02_2336_0384,5
GEO_NR02_2336_0416,5
GEO_NR02_2336_0448,5
GEO_NR02_2336_0480,5
GEO_NR02_2336_0512,5
GEO_NR02_2336_0544,5
GEO_NR02_2336_0576,5
GEO_NR02_2336_0608,5
GEO_NR02_2336_0640,5
GEO_NR02_2336_0672,5
GEO_NR02_2336_0704,5
GEO_NR02_2336_0736,5
GEO_NR02_2336_0768,5
GEO_NR02_2336_0800,5
GEO_NR02_2336_0832,5
GEO_NR02_2336_0864,5
GEO_NR02_2336_0896,5
GEO_NR02_2336_0928,5
GEO_NR02_2336_0960,5
GEO_NR02_2336_0992,5
GEO_NR02_2336_1024,5
GEO_NR02_2336_1056,5
GEO_NR02_2336_1088,5
GEO_NR02_2336_1120,5
GEO_NR02_2336_1152,5
GEO_NR02_2336_1184,5
GEO_NR02_2336_1216,5
GEO_NR02_2336_1248,5
GEO_NR02_2336_1280,5
GEO_NR02_2336_1312,5
GEO_NR02_2336_1344,5
GEO_NR02_2336_1376,5
GEO_NR02_2336_1408,5
GEO_NR02_2336_1440,5
GEO_NR02_2336_1472,5
GEO_NR02_2336_1504,5
GEO_NR02_2336_1536,5
GEO_NR02_2336_1568,5
GEO_NR02_2336_1600,5
GEO_NR02_2336_1632,5
GEO_NR02_2336_1664,5
GEO_NR02_2336_1696,5
GEO_NR02_2336_1728,5
GEO_NR02_2336_1760,5
GEO_NR02_2336_1792,5
GEO_NR02_2336_1824,5
GEO_NR02_2336_1856,5
GEO_NR02_2336_1888,5
GEO_NR02_2336_1920,5
GEO_NR02_2336_1952,5
GEO_NR02_2336_1984,5
GEO_NR02_2336_2016,5
GEO_NR02_2336_2048,5
GEO_NR02_2336_2080,5
GEO_NR02_2336_2112,5
GEO_NR02_2336_2144,5
GEO_NR02_2336_2176,5
GEO_NR02_2336_2208,5
GEO_NR02_2336_2240,5
GEO_NR02_2336_2272,5
GEO_NR02_2336_2304,5
GEO_NR02_2336_2336,5
GEO_NR02_2336_2368,5
GEO_NR02_2368_0256,5
GEO_NR02_2368_0288,5
GEO_NR02_2368_0320,5
GEO_NR02_2368_0352,5
GEO_NR02_2368_0384,5
GEO_NR02_2368_0416,5
GEO_NR02_2368_0448,5
GEO_NR02_2368_0480,5
GEO_NR02_2368_0512,5
GEO_NR02_2368_0544,5
GEO_NR02_2368_0576,5
GEO_NR02_2368_0608,5
GEO_NR02_2368_0640,5
GEO_NR02_2368_0672,5
GEO_NR02_2368_0704,5
GEO_NR02_2368_0736,5
GEO_NR02_2368_0768,5
GEO_NR02_2368_0800,5
GEO_NR02_2368_0832,5
GEO_NR02_2368_0864,5
GEO_NR02_2368_0896,5
GEO_NR02_2368_0928,5
GEO_NR02_2368_0960,5
GEO_NR02_2368_0992,5
GEO_NR02_2368_1024,5
GEO_NR02_2368_1056,5
GEO_NR02_2368_1088,5
GEO_NR02_2368_1120,5
GEO_NR02_2368_1152,5
GEO_NR02_2368_1184,5
GEO_NR02_2368_1216,5
GEO_NR02_2368_1248,5
GEO_NR02_2368_1280,5
GEO_NR02_2368_1312,5
GEO_NR02_2368_1344,5
GEO_NR02_2368_1376,5
GEO_NR02_2368_1408,5
GEO_NR02_2368_1440,5
GEO_NR02_2368_1472,5
GEO_NR02_2368_1504,5
GEO_NR02_2368_1536,5
GEO_NR02_2368_1568,5
GEO_NR02_2368_1600,5
GEO_NR02_2368_1632,5
GEO_NR02_2368_1664,5
GEO_NR02_2368_1696,5
GEO_NR02_2368_1728,5
GEO_NR02_2368_1760,5
GEO_NR02_2368_1792,5
GEO_NR02_2368_1824,5
GEO_NR02_2368_1856,5
GEO_NR02_2368_1888,5
GEO_NR02_2368_1920,5
GEO_NR02_2368_1952,5
GEO_NR02_2368_1984,5
GEO_NR02_2368_2016,5
GEO_NR02_2368_2048,5
GEO_NR02_2368_2080,5
GEO_NR02_2368_2112,5
GEO_NR02_2368_2144,5
GEO_NR02_2368_2176,5
GEO_NR02_2368_2208,5
GEO_NR02_2368_2240,5
GEO_NR02_2368_2272,5
GEO_NR02_2368_2304,5
GEO_NR02_2368_2336,5
GEO_NR02_2368_2368,5
GEO_NR03_0000_0000,5
GEO_NR03_0000_0032,5
GEO_NR03_0000_0064,5
GEO_NR03_0000_0096,5
GEO_NR03_0000_0128,5
GEO_NR03_0000_0160,5
GEO_NR03_0000_0192,5
GEO_NR03_0000_0288,4
GEO_NR03_0000_0352,4
GEO_NR03_0000_0384,4
GEO_NR03_0000_0512,4
GEO_NR03_0000_0544,4
GEO_NR03_0000_0640,4
GEO_NR03_0000_0672,4
GEO_NR03_0000_0704,4
GEO_NR03_0000_0736,4
GEO_NR03_0000_0768,4
GEO_NR03_0000_0800,4
GEO_NR03_0000_1024,4
GEO_NR03_0000_1056,4
GEO_NR03_0000_1088,4
GEO_NR03_0000_1120,4
GEO_NR03_0000_1152,4
GEO_NR03_0000_1216,4
GEO_NR03_0000_1248,4
GEO_NR03_0000_1280,4
GEO_NR03_0000_1504,4
GEO_NR03_0000_1536,4
GEO_NR03_0000_1568,4
GEO_NR03_0000_1600,4
GEO_NR03_0000_1632,4
GEO_NR03_0000_1664,4
GEO_NR03_0000_1696,4
GEO_NR03_0000_1728,4
GEO_NR03_0000_1760,4
GEO_NR03_0032_0000,5
GEO_NR03_0032_0032,5
GEO_NR03_0032_0064,5
GEO_NR03_0032_0096,5
GEO_NR03_0032_0128,5
GEO_NR03_0032_0160,5
GEO_NR03_0032_0192,5
GEO_NR03_0032_0288,4
GEO_NR03_0032_0416,4
GEO_NR03_0032_0448,4
GEO_NR03_0032_0480,4
GEO_NR03_0032_0512,4
GEO_NR03_0032_0672,4
GEO_NR03_0032_0704,4
GEO_NR03_0032_0736,4
GEO_NR03_0032_0768,4
GEO_NR03_0032_0800,4
GEO_NR03_0032_0832,4
GEO_NR03_0032_0928,4
GEO_NR03_0032_0960,4
GEO_NR03_0032_0992,4
GEO_NR03_0032_1024,4
GEO_NR03_0032_1056,4
GEO_NR03_0032_1088,4
GEO_NR03_0032_1184,4
GEO_NR03_0032_1216,4
GEO_NR03_0032_1248,4
GEO_NR03_0032_1280,4
GEO_NR03_0032_1312,4
GEO_NR03_0032_1536,4
GEO_NR03_0032_1632,4
GEO_NR03_0032_1664,4
GEO_NR03_0032_1696,4
GEO_NR03_0032_1728,4
GEO_NR03_0032_1760,4
GEO_NR03_0032_1984,2
GEO_NR03_0064_0000,5
GEO_NR03_0064_0032,5
GEO_NR03_0064_0064,5
GEO_NR03_0064_0096,5
GEO_NR03_0064_0128,5
GEO_NR03_0064_0160,5
GEO_NR03_0064_0192,5
GEO_NR03_0064_0384,4
GEO_NR03_0064_0416,4
GEO_NR03_0064_0448,4
GEO_NR03_0064_0480,4
GEO_NR03_0064_0672,4
GEO_NR03_0064_0704,4
GEO_NR03_0064_0736,4
GEO_NR03_0064_0800,4
GEO_NR03_0064_0832,4
GEO_NR03_0064_0928,4
GEO_NR03_0064_0960,4
GEO_NR03_0064_0992,4
GEO_NR03_0064_1152,4
GEO_NR03_0064_1184,4
GEO_NR03_0064_1216,4
GEO_NR03_0064_1248,4
GEO_NR03_0064_1280,4
GEO_NR03_0064_1312,4
GEO_NR03_0064_1344,4
GEO_NR03_0064_1536,4
GEO_NR03_0064_1664,4
GEO_NR03_0064_1696,4
GEO_NR03_0064_1728,4
GEO_NR03_0064_1760,4
GEO_NR03_0064_1920,2
GEO_NR03_0064_1952,2
GEO_NR03_0064_1984,2
GEO_NR03_0096_0000,5
GEO_NR03_0096_0032,5
GEO_NR03_0096_0064,5
GEO_NR03_0096_0096,5
GEO_NR03_0096_0128,5
GEO_NR03_0096_0160,5
GEO_NR03_0096_0192,5
GEO_NR03_0096_0320,0
GEO_NR03_0096_0352,0
GEO_NR03_0096_0416,4
GEO_NR03_0096_0576,0
GEO_NR03_0096_0736,4
GEO_NR03_0096_0768,4
GEO_NR03_0096_0800,4
GEO_NR03_0096_1184,4
GEO_NR03_0096_1216,4
GEO_NR03_0096_1248,4
GEO_NR03_0096_1280,4
GEO_NR03_0096_1312,4
GEO_NR03_0096_1344,4
GEO_NR03_0096_1376,4
GEO_NR03_0096_1440,4
GEO_NR03_0096_1952,2
GEO_NR03_0096_1984,2
GEO_NR03_0096_2016,2
GEO_NR03_0128_0000,5
GEO_NR03_0128_0032,5
GEO_NR03_0128_0064,5
GEO_NR03_0128_0096,5
GEO_NR03_0128_0128,5
GEO_NR03_0128_0160,5
GEO_NR03_0128_0192,5
GEO_NR03_0128_0224,5
GEO_NR03_0128_0320,0
GEO_NR03_0128_0352,0
GEO_NR03_0128_0800,4
GEO_NR03_0128_0992,4
GEO_NR03_0128_1088,4
GEO_NR03_0128_1184,4
GEO_NR03_0128_1216,4
GEO_NR03_0128_1248,4
GEO_NR03_0128_1280,4
GEO_NR03_0128_1312,4
GEO_NR03_0128_1344,4
GEO_NR03_0128_1376,4
GEO_NR03_0128_1408,4
GEO_NR03_0128_1440,4
GEO_NR03_0128_1472,4
GEO_NR03_0128_1504,4
GEO_NR03_0128_1536,4
GEO_NR03_0128_1568,4
GEO_NR03_0128_2304,4
GEO_NR03_0160_0000,5
GEO_NR03_0160_0032,5
GEO_NR03_0160_0064,5
GEO_NR03_0160_0096,5
GEO_NR03_0160_0128,5
GEO_NR03_0160_0160,5
GEO_NR03_0160_0192,5
GEO_NR03_0160_0352,0
GEO_NR03_0160_0448,4
GEO_NR03_0160_0480,4
GEO_NR03_0160_0800,4
GEO_NR03_0160_0928,4
GEO_NR03_0160_0960,4
GEO_NR03_0160_0992,4
GEO_NR03_0160_1024,4
GEO_NR03_0160_1056,4
GEO_NR03_0160_1088,4
GEO_NR03_0160_1120,4
GEO_NR03_0160_1152,4
GEO_NR03_0160_1184,4
GEO_NR03_0160_1344,4
GEO_NR03_0160_1376,4
GEO_NR03_0160_1472,4
GEO_NR03_0160_1504,4
GEO_NR03_0160_1536,4
GEO_NR03_0160_1568,4
GEO_NR03_0160_1600,4
GEO_NR03_0160_1632,4
GEO_NR03_0160_1952,4
GEO_NR03_0192_0000,5
GEO_NR03_0192_0032,5
GEO_NR03_0192_0064,5
GEO_NR03_0192_0096,5
GEO_NR03_0192_0128,5
GEO_NR03_0192_0160,5
GEO_NR03_0192_0192,5
GEO_NR03_0192_0288,4
GEO_NR03_0192_0448,4
GEO_NR03_0192_0480,4
GEO_NR03_0192_0736,4
GEO_NR03_0192_0768,4
GEO_NR03_0192_0800,4
GEO_NR03_0192_0832,4
GEO_NR03_0192_0928,4
GEO_NR03_0192_0960,4
GEO_NR03_0192_0992,4
GEO_NR03_0192_1024,4
GEO_NR03_0192_1056,4
GEO_NR03_0192_1088,4
GEO_NR03_0192_1120,4
GEO_NR03_0192_1152,4
GEO_NR03_0192_1184,4
GEO_NR03_0192_1472,4
GEO_NR03_0192_1504,4
GEO_NR03_0192_1536,4
GEO_NR03_0192_1568,4
GEO_NR03_0192_1600,4
GEO_NR03_0192_1632,4
GEO_NR03_0192_1664,4
GEO_NR03_0192_1952,4
GEO_NR03_0192_1984,4
GEO_NR03_0224_0000,5
GEO_NR03_0224_0032,5
GEO_NR03_0224_0064,5
GEO_NR03_0224_0096,5
GEO_NR03_0224_0128,5
GEO_NR03_0224_0160,5
GEO_NR03_0224_0192,5
GEO_NR03_0224_0288,4
GEO_NR03_0224_0704,4
GEO_NR03_0224_0736,4
GEO_NR03_0224_0768,4
GEO_NR03_0224_0800,4
GEO_NR03_0224_0896,4
GEO_NR03_0224_0928,4
GEO_NR03_0224_0960,4
GEO_NR03_0224_0992,4
GEO_NR03_0224_1024,4
GEO_NR03_0224_1056,4
GEO_NR03_0224_1088,4
GEO_NR03_0224_1120,4
GEO_NR03_0224_1152,4
GEO_NR03_0224_1184,4
GEO_NR03_0224_1504,4
GEO_NR03_0224_1632,4
GEO_NR03_0224_1664,4
GEO_NR03_0224_1696,4
GEO_NR03_0224_1888,4
GEO_NR03_0224_1952,4
GEO_NR03_0224_1984,4
GEO_NR03_0224_2016,4
GEO_NR03_0224_2048,4
GEO_NR03_0224_2080,4
GEO_NR03_0224_2112,4
GEO_NR03_0224_2144,4
GEO_NR03_0256_0000,5
GEO_NR03_0256_0032,5
GEO_NR03_0256_0064,5
GEO_NR03_0256_0096,5
GEO_NR03_0256_0128,5
GEO_NR03_0256_0160,5
GEO_NR03_0256_0192,5
GEO_NR03_0256_0288,4
GEO_NR03_0256_0736,4
GEO_NR03_0256_0768,4
GEO_NR03_0256_0800,4
GEO_NR03_0256_0992,4
GEO_NR03_0256_1024,4
GEO_NR03_0256_1056,4
GEO_NR03_0256_1088,4
GEO_NR03_0256_1120,4
GEO_NR03_0256_1152,4
GEO_NR03_0256_1184,4
GEO_NR03_0256_1856,4
GEO_NR03_0256_1888,4
GEO_NR03_0256_1920,4
GEO_NR03_0256_1952,4
GEO_NR03_0256_1984,4
GEO_NR03_0256_2016,4
GEO_NR03_0256_2048,4
GEO_NR03_0256_2080,4
GEO_NR03_0256_2112,4
GEO_NR03_0256_2144,4
GEO_NR03_0256_2336,4
GEO_NR03_0288_0000,5
GEO_NR03_0288_0032,5
GEO_NR03_0288_0064,5
GEO_NR03_0288_0096,5
GEO_NR03_0288_0128,5
GEO_NR03_0288_0160,5
GEO_NR03_0288_0192,5
GEO_NR03_0288_0288,4
GEO_NR03_0288_0736,4
GEO_NR03_0288_0768,4
GEO_NR03_0288_0800,4
GEO_NR03_0288_0832,4
GEO_NR03_0288_0864,4
GEO_NR03_0288_0896,4
GEO_NR03_0288_0992,4
GEO_NR03_0288_1024,4
GEO_NR03_0288_1056,4
GEO_NR03_0288_1088,4
GEO_NR03_0288_1120,4
GEO_NR03_0288_1152,4
GEO_NR03_0288_1184,4
GEO_NR03_0288_1216,4
GEO_NR03_0288_1280,4
GEO_NR03_0288_1312,4
GEO_NR03_0288_1344,4
GEO_NR03_0288_1376,4
GEO_NR03_0288_1536,4
GEO_NR03_0288_1568,4
GEO_NR03_0288_1600,4
GEO_NR03_0288_1856,4
GEO_NR03_0288_1888,4
GEO_NR03_0288_1920,4
GEO_NR03_0288_1952,4
GEO_NR03_0288_1984,4
GEO_NR03_0288_2080,4
GEO_NR03_0288_2112,4
GEO_NR03_0320_0000,5
GEO_NR03_0320_0032,5
GEO_NR03_0320_0064,5
GEO_NR03_0320_0096,5
GEO_NR03_0320_0128,5
GEO_NR03_0320_0160,5
GEO_NR03_0320_0192,5
GEO_NR03_0320_0288,4
GEO_NR03_0320_0480,4
GEO_NR03_0320_0672,4
GEO_NR03_0320_0736,4
GEO_NR03_0320_0768,4
GEO_NR03_0320_0832,4
GEO_NR03_0320_0864,4
GEO_NR03_0320_0896,4
GEO_NR03_0320_0928,4
GEO_NR03_0320_0960,4
GEO_NR03_0320_0992,4
GEO_NR03_0320_1024,4
GEO_NR03_0320_1056,4
GEO_NR03_0320_1088,4
GEO_NR03_0320_1120,4
GEO_NR03_0320_1152,4
GEO_NR03_0320_1184,4
GEO_NR03_0320_1216,4
GEO_NR03_0320_1248,4
GEO_NR03_0320_1280,4
GEO_NR03_0320_1312,4
GEO_NR03_0320_1344,4
GEO_NR03_0320_1376,4
GEO_NR03_0320_1408,4
GEO_NR03_0320_1440,4
GEO_NR03_0320_1472,4
GEO_NR03_0320_1504,4
GEO_NR03_0320_1536,4
GEO_NR03_0320_1568,4
GEO_NR03_0320_1600,4
GEO_NR03_0320_1632,4
GEO_NR03_0320_1856,4
GEO_NR03_0320_1888,4
GEO_NR03_0320_1920,4
GEO_NR03_0320_1952,4
GEO_NR03_0320_2112,4
GEO_NR03_0320_2144,4
GEO_NR03_0352_0000,5
GEO_NR03_0352_0032,5
GEO_NR03_0352_0064,5
GEO_NR03_0352_0096,5
GEO_NR03_0352_0128,5
GEO_NR03_0352_0160,5
GEO_NR03_0352_0192,5
GEO_NR03_0352_0288,4
GEO_NR03_0352_0480,4
GEO_NR03_0352_0512,4
GEO_NR03_0352_0544,4
GEO_NR03_0352_0704,4
GEO_NR03_0352_0736,4
GEO_NR03_0352_0768,4
GEO_NR03_0352_0800,4
GEO_NR03_0352_0832,4
GEO_NR03_0352_0864,4
GEO_NR03_0352_0896,4
GEO_NR03_0352_0928,4
GEO_NR03_0352_0960,4
GEO_NR03_0352_0992,4
GEO_NR03_0352_1024,4
GEO_NR03_0352_1056,4
GEO_NR03_0352_1120,4
GEO_NR03_0352_1152,4
GEO_NR03_0352_1184,4
GEO_NR03_0352_1280,4
GEO_NR03_0352_1312,4
GEO_NR03_0352_1344,4
GEO_NR03_0352_1376,4
GEO_NR03_0352_1408,4
GEO_NR03_0352_1440,4
GEO_NR03_0352_1472,4
GEO_NR03_0352_1504,4
GEO_NR03_0352_1536,4
GEO_NR03_0352_1568,4
GEO_NR03_0352_1632,4
GEO_NR03_0352_1664,4
GEO_NR03_0352_1696,4
GEO_NR03_0352_1728,4
GEO_NR03_0352_1760,4
GEO_NR03_0352_1856,4
GEO_NR03_0352_1888,4
GEO_NR03_0352_1920,4
GEO_NR03_0352_2112,4
GEO_NR03_0352_2144,4
GEO_NR03_0384_0000,5
GEO_NR03_0384_0032,5
GEO_NR03_0384_0064,5
GEO_NR03_0384_0096,5
GEO_NR03_0384_0128,5
GEO_NR03_0384_0160,5
GEO_NR03_0384_0192,5
GEO_NR03_0384_0320,0
GEO_NR03_0384_0352,0
GEO_NR03_0384_0512,4
GEO_NR03_0384_0544,4
GEO_NR03_0384_0736,4
GEO_NR03_0384_0768,4
GEO_NR03_0384_0864,4
GEO_NR03_0384_0896,4
GEO_NR03_0384_0928,4
GEO_NR03_0384_0960,4
GEO_NR03_0384_0992,4
GEO_NR03_0384_1024,4
GEO_NR03_0384_1056,4
GEO_NR03_0384_1120,4
GEO_NR03_0384_1152,4
GEO_NR03_0384_1184,4
GEO_NR03_0384_1344,4
GEO_NR03_0384_1376,4
GEO_NR03_0384_1408,4
GEO_NR03_0384_1440,4
GEO_NR03_0384_1472,4
GEO_NR03_0384_1504,4
GEO_NR03_0384_1536,4
GEO_NR03_0384_1568,4
GEO_NR03_0384_1632,4
GEO_NR03_0384_1664,4
GEO_NR03_0384_1696,4
GEO_NR03_0384_1728,4
GEO_NR03_0384_1760,4
GEO_NR03_0384_1792,4
GEO_NR03_0384_1856,4
GEO_NR03_0384_1888,4
GEO_NR03_0416_0000,5
GEO_NR03_0416_0032,5
GEO_NR03_0416_0064,5
GEO_NR03_0416_0096,5
GEO_NR03_0416_0128,5
GEO_NR03_0416_0160,5
GEO_NR03_0416_0192,5
GEO_NR03_0416_0320,0
GEO_NR03_0416_0512,4
GEO_NR03_0416_0704,4
GEO_NR03_0416_0736,4
GEO_NR03_0416_0768,4
GEO_NR03_0416_0864,4
GEO_NR03_0416_0992,4
GEO_NR03_0416_1024,4
GEO_NR03_0416_1056,4
GEO_NR03_0416_1088,4
GEO_NR03_0416_1120,4
GEO_NR03_0416_1152,4
GEO_NR03_0416_1344,4
GEO_NR03_0416_1376,4
GEO_NR03_0416_1408,4
GEO_NR03_0416_1440,4
GEO_NR03_0416_1472,4
GEO_NR03_0416_1504,4
GEO_NR03_0416_1536,4
GEO_NR03_0416_1568,4
GEO_NR03_0416_1600,4
GEO_NR03_0416_1632,4
GEO_NR03_0416_1664,4
GEO_NR03_0416_1696,4
GEO_NR03_0416_1728,4
GEO_NR03_0416_1760,4
GEO_NR03_0416_1792,4
GEO_NR03_0416_1824,4
GEO_NR03_0416_1856,4
GEO_NR03_0416_1888,4
GEO_NR03_0416_1920,4
GEO_NR03_0416_1952,4
GEO_NR03_0416_1984,4
GEO_NR03_0416_2240,0
GEO_NR03_0448_0000,5
GEO_NR03_0448_0032,5
GEO_NR03_0448_0064,5
GEO_NR03_0448_0096,5
GEO_NR03_0448_0128,5
GEO_NR03_0448_0160,5
GEO_NR03_0448_0192,5
GEO_NR03_0448_0224,5
GEO_NR03_0448_0416,4
GEO_NR03_0448_0448,4
GEO_NR03_0448_0480,4
GEO_NR03_0448_0512,4
GEO_NR03_0448_0576,4
GEO_NR03_0448_0608,4
GEO_NR03_0448_0640,4
GEO_NR03_0448_0672,4
GEO_NR03_0448_0704,4
GEO_NR03_0448_0736,4
GEO_NR03_0448_0768,4
GEO_NR03_0448_0800,4
GEO_NR03_0448_0832,4
GEO_NR03_0448_0864,4
GEO_NR03_0448_0960,4
GEO_NR03_0448_0992,4
GEO_NR03_0448_1024,4
GEO_NR03_0448_1056,4
GEO_NR03_0448_1088,4
GEO_NR03_0448_1120,4
GEO_NR03_0448_1152,4
GEO_NR03_0448_1312,4
GEO_NR03_0448_1344,4
GEO_NR03_0448_1472,4
GEO_NR03_0448_1504,4
GEO_NR03_0448_1536,4
GEO_NR03_0448_1568,4
GEO_NR03_0448_1600,4
GEO_NR03_0448_1632,4
GEO_NR03_0448_1664,4
GEO_NR03_0448_1696,4
GEO_NR03_0448_1728,4
GEO_NR03_0448_1792,4
GEO_NR03_0448_1824,4
GEO_NR03_0448_1856,4
GEO_NR03_0448_1888,4
GEO_NR03_0448_1920,4
GEO_NR03_0448_1952,4
GEO_NR03_0448_1984,4
GEO_NR03_0448_2080,4
GEO_NR03_0448_2240,0
GEO_NR03_0480_0000,5
GEO_NR03_0480_0032,5
GEO_NR03_0480_0064,5
GEO_NR03_0480_0096,5
GEO_NR03_0480_0128,5
GEO_NR03_0480_0160,5
GEO_NR03_0480_0192,5
GEO_NR03_0480_0224,5
GEO_NR03_0480_0320,4
GEO_NR03_0480_0352,4
GEO_NR03_0480_0384,4
GEO_NR03_0480_0416,4
GEO_NR03_0480_0448,4
GEO_NR03_0480_0480,4
GEO_NR03_0480_0512,4
GEO_NR03_0480_0544,4
GEO_NR03_0480_0576,4
GEO_NR03_0480_0608,4
GEO_NR03_0480_0640,4
GEO_NR03_0480_0672,4
GEO_NR03_0480_0704,4
GEO_NR03_0480_0800,4
GEO_NR03_0480_0832,4
GEO_NR03_0480_0864,4
GEO_NR03_0480_0960,4
GEO_NR03_0480_0992,4
GEO_NR03_0480_1024,4
GEO_NR03_0480_1056,4
GEO_NR03_0480_1088,4
GEO_NR03_0480_1120,4
GEO_NR03_0480_1152,4
GEO_NR03_0480_1184,4
GEO_NR03_0480_1312,4
GEO_NR03_0480_1344,4
GEO_NR03_0480_1504,4
GEO_NR03_0480_1536,4
GEO_NR03_0480_1568,4
GEO_NR03_0480_1600,4
GEO_NR03_0480_1632,4
GEO_NR03_0480_1664,4
GEO_NR03_0480_1696,4
GEO_NR03_0480_1792,4
GEO_NR03_0480_1824,4
GEO_NR03_0480_1856,4
GEO_NR03_0480_1888,4
GEO_NR03_0480_1920,4
GEO_NR03_0480_1952,4
GEO_NR03_0480_1984,4
GEO_NR03_0480_2080,4
GEO_NR03_0512_0000,5
GEO_NR03_0512_0032,5
GEO_NR03_0512_0064,5
GEO_NR03_0512_0096,5
GEO_NR03_0512_0128,5
GEO_NR03_0512_0160,5
GEO_NR03_0512_0192,5
GEO_NR03_0512_0224,5
GEO_NR03_0512_0320,4
GEO_NR03_0512_0352,4
GEO_NR03_0512_0416,4
GEO_NR03_0512_0448,4
GEO_NR03_0512_0480,4
GEO_NR03_0512_0512,4
GEO_NR03_0512_0544,4
GEO_NR03_0512_0576,4
GEO_NR03_0512_0608,4
GEO_NR03_0512_0672,4
GEO_NR03_0512_0704,4
GEO_NR03_0512_0832,4
GEO_NR03_0512_0960,4
GEO_NR03_0512_0992,4
GEO_NR03_0512_1024,4
GEO_NR03_0512_1056,4
GEO_NR03_0512_1088,4
GEO_NR03_0512_1120,4
GEO_NR03_0512_1152,4
GEO_NR03_0512_1184,4
GEO_NR03_0512_1216,4
GEO_NR03_0512_1248,4
GEO_NR03_0512_1280,4
GEO_NR03_0512_1312,4
GEO_NR03_0512_1344,4
GEO_NR03_0512_1504,4
GEO_NR03_0512_1536,4
GEO_NR03_0512_1568,4
GEO_NR03_0512_1600,4
GEO_NR03_0512_1632,4
GEO_NR03_0512_1664,4
GEO_NR03_0512_1696,4
GEO_NR03_0512_1792,4
GEO_NR03_0512_1824,4
GEO_NR03_0512_1856,4
GEO_NR03_0512_1952,4
GEO_NR03_0512_1984,4
GEO_NR03_0512_2080,4
GEO_NR03_0544_0000,5
GEO_NR03_0544_0032,5
GEO_NR03_0544_0064,5
GEO_NR03_0544_0096,5
GEO_NR03_0544_0128,5
GEO_NR03_0544_0160,5
GEO_NR03_0544_0192,5
GEO_NR03_0544_0224,5
GEO_NR03_0544_0320,4
GEO_NR03_0544_0352,4
GEO_NR03_0544_0384,4
GEO_NR03_0544_0416,4
GEO_NR03_0544_0448,4
GEO_NR03_0544_0480,4
GEO_NR03_0544_0512,4
GEO_NR03_0544_0544,4
GEO_NR03_0544_0576,4
GEO_NR03_0544_0608,4
GEO_NR03_0544_0672,4
GEO_NR03_0544_0832,4
GEO_NR03_0544_0864,4
GEO_NR03_0544_0896,4
GEO_NR03_0544_0928,4
GEO_NR03_0544_0960,4
GEO_NR03_0544_0992,4
GEO_NR03_0544_1024,4
GEO_NR03_0544_1056,4
GEO_NR03_0544_1088,4
GEO_NR03_0544_1120,4
GEO_NR03_0544_1152,4
GEO_NR03_0544_1280,4
GEO_NR03_0544_1312,4
GEO_NR03_0544_1344,4
GEO_NR03_0544_1408,4
GEO_NR03_0544_1440,4
GEO_NR03_0544_1472,4
GEO_NR03_0544_1504,4
GEO_NR03_0544_1536,4
GEO_NR03_0544_1568,4
GEO_NR03_0544_1600,4
GEO_NR03_0544_1632,4
GEO_NR03_0544_1664,4
GEO_NR03_0544_1696,4
GEO_NR03_0544_1728,4
GEO_NR03_0544_1760,4
GEO_NR03_0544_1792,4
GEO_NR03_0544_1888,4
GEO_NR03_0544_1920,4
GEO_NR03_0544_1952,4
GEO_NR03_0544_1984,4
GEO_NR03_0544_2048,4
GEO_NR03_0544_2080,4
GEO_NR03_0544_2112,4
GEO_NR03_0544_2144,4
GEO_NR03_0576_0000,5
GEO_NR03_0576_0032,5
GEO_NR03_0576_0064,5
GEO_NR03_0576_0096,5
GEO_NR03_0576_0128,5
GEO_NR03_0576_0160,5
GEO_NR03_0576_0192,5
GEO_NR03_0576_0224,5
GEO_NR03_0576_0320,4
GEO_NR03_0576_0352,4
GEO_NR03_0576_0384,4
GEO_NR03_0576_0416,4
GEO_NR03_0576_0448,4
GEO_NR03_0576_0480,4
GEO_NR03_0576_0512,4
GEO_NR03_0576_0544,4
GEO_NR03_0576_0576,4
GEO_NR03_0576_0608,4
GEO_NR03_0576_0640,4
GEO_NR03_0576_0672,4
GEO_NR03_0576_0832,4
GEO_NR03_0576_0864,4
GEO_NR03_0576_0896,4
GEO_NR03_0576_0928,4
GEO_NR03_0576_0960,4
GEO_NR03_0576_0992,4
GEO_NR03_0576_1024,4
GEO_NR03_0576_1056,4
GEO_NR03_0576_1088,4
GEO_NR03_0576_1120,4
GEO_NR03_0576_1152,4
GEO_NR03_0576_1344,4
GEO_NR03_0576_1440,4
GEO_NR03_0576_1472,4
GEO_NR03_0576_1504,4
GEO_NR03_0576_1536,4
GEO_NR03_0576_1568,4
GEO_NR03_0576_1600,4
GEO_NR03_0576_1632,4
GEO_NR03_0576_1664,4
GEO_NR03_0576_1696,4
GEO_NR03_0576_1728,4
GEO_NR03_0576_1760,4
GEO_NR03_0576_1792,4
GEO_NR03_0576_1920,4
GEO_NR03_0576_1952,4
GEO_NR03_0576_1984,4
GEO_NR03_0576_2016,4
GEO_NR03_0576_2048,4
GEO_NR03_0576_2080,4
GEO_NR03_0576_2112,4
GEO_NR03_0576_2144,4
GEO_NR03_0608_0000,5
GEO_NR03_0608_0032,5
GEO_NR03_0608_0064,5
GEO_NR03_0608_0096,5
GEO_NR03_0608_0128,5
GEO_NR03_0608_0160,5
GEO_NR03_0608_0192,5
GEO_NR03_0608_0224,5
GEO_NR03_0608_0320,4
GEO_NR03_0608_0416,4
GEO_NR03_0608_0448,4
GEO_NR03_0608_0480,4
GEO_NR03_0608_0512,4
GEO_NR03_0608_0544,4
GEO_NR03_0608_0576,4
GEO_NR03_0608_0608,4
GEO_NR03_0608_0640,4
GEO_NR03_0608_0672,4
GEO_NR03_0608_0704,4
GEO_NR03_0608_0800,4
GEO_NR03_0608_0832,4
GEO_NR03_0608_0864,4
GEO_NR03_0608_0896,4
GEO_NR03_0608_0928,4
GEO_NR03_0608_0960,4
GEO_NR03_0608_0992,4
GEO_NR03_0608_1024,4
GEO_NR03_0608_1056,4
GEO_NR03_0608_1088,4
GEO_NR03_0608_1120,4
GEO_NR03_0608_1152,4
GEO_NR03_0608_1184,4
GEO_NR03_0608_1376,4
GEO_NR03_0608_1408,4
GEO_NR03_0608_1440,4
GEO_NR03_0608_1472,4
GEO_NR03_0608_1504,4
GEO_NR03_0608_1536,4
GEO_NR03_0608_1568,4
GEO_NR03_0608_1600,4
GEO_NR03_0608_1632,4
GEO_NR03_0608_1664,4
GEO_NR03_0608_1696,4
GEO_NR03_0608_1728,4
GEO_NR03_0608_1760,4
GEO_NR03_0608_1792,4
GEO_NR03_0608_1824,4
GEO_NR03_0608_1920,4
GEO_NR03_0608_1952,4
GEO_NR03_0608_1984,4
GEO_NR03_0608_2016,4
GEO_NR03_0608_2048,4
GEO_NR03_0608_2080,4
GEO_NR03_0608_2112,4
GEO_NR03_0608_2144,4
GEO_NR03_0640_0000,5
GEO_NR03_0640_0032,5
GEO_NR03_0640_0064,5
GEO_NR03_0640_0096,5
GEO_NR03_0640_0128,5
GEO_NR03_0640_0160,5
GEO_NR03_0640_0192,5
GEO_NR03_0640_0224,5
GEO_NR03_0640_0352,4
GEO_NR03_0640_0384,4
GEO_NR03_0640_0416,4
GEO_NR03_0640_0448,4
GEO_NR03_0640_0480,4
GEO_NR03_0640_0512,4
GEO_NR03_0640_0544,4
GEO_NR03_0640_0576,4
GEO_NR03_0640_0608,4
GEO_NR03_0640_0640,4
GEO_NR03_0640_0672,4
GEO_NR03_0640_0800,4
GEO_NR03_0640_0832,4
GEO_NR03_0640_0864,4
GEO_NR03_0640_0896,4
GEO_NR03_0640_0928,4
GEO_NR03_0640_0960,4
GEO_NR03_0640_0992,4
GEO_NR03_0640_1024,4
GEO_NR03_0640_1056,4
GEO_NR03_0640_1088,4
GEO_NR03_0640_1120,4
GEO_NR03_0640_1152,4
GEO_NR03_0640_1184,4
GEO_NR03_0640_1216,4
GEO_NR03_0640_1248,4
GEO_NR03_0640_1344,4
GEO_NR03_0640_1376,4
GEO_NR03_0640_1408,4
GEO_NR03_0640_1440,4
GEO_NR03_0640_1472,4
GEO_NR03_0640_1504,4
GEO_NR03_0640_1536,4
GEO_NR03_0640_1568,4
GEO_NR03_0640_1600,4
GEO_NR03_0640_1632,4
GEO_NR03_0640_1664,4
GEO_NR03_0640_1696,4
GEO_NR03_0640_1760,4
GEO_NR03_0640_1792,4
GEO_NR03_0640_1824,4
GEO_NR03_0640_1856,4
GEO_NR03_0640_1888,4
GEO_NR03_0640_1920,4
GEO_NR03_0640_1952,4
GEO_NR03_0640_1984,4
GEO_NR03_0640_2016,4
GEO_NR03_0640_2048,4
GEO_NR03_0640_2080,4
GEO_NR03_0640_2112,4
GEO_NR03_0672_0000,5
GEO_NR03_0672_0032,5
GEO_NR03_0672_0064,5
GEO_NR03_0672_0096,5
GEO_NR03_0672_0128,5
GEO_NR03_0672_0160,5
GEO_NR03_0672_0192,5
GEO_NR03_0672_0224,5
GEO_NR03_0672_0352,4
GEO_NR03_0672_0448,4
GEO_NR03_0672_0480,4
GEO_NR03_0672_0512,4
GEO_NR03_0672_0544,4
GEO_NR03_0672_0576,4
GEO_NR03_0672_0608,4
GEO_NR03_0672_0672,4
GEO_NR03_0672_0768,4
GEO_NR03_0672_0800,4
GEO_NR03_0672_0832,4
GEO_NR03_0672_0864,4
GEO_NR03_0672_0896,4
GEO_NR03_0672_0928,4
GEO_NR03_0672_0960,4
GEO_NR03_0672_0992,4
GEO_NR03_0672_1024,4
GEO_NR03_0672_1088,4
GEO_NR03_0672_1120,4
GEO_NR03_0672_1152,4
GEO_NR03_0672_1184,4
GEO_NR03_0672_1216,4
GEO_NR03_0672_1248,4
GEO_NR03_0672_1280,4
GEO_NR03_0672_1312,4
GEO_NR03_0672_1344,4
GEO_NR03_0672_1376,4
GEO_NR03_0672_1408,4
GEO_NR03_0672_1440,4
GEO_NR03_0672_1472,4
GEO_NR03_0672_1504,4
GEO_NR03_0672_1536,4
GEO_NR03_0672_1568,4
GEO_NR03_0672_1600,4
GEO_NR03_0672_1760,4
GEO_NR03_0672_1792,4
GEO_NR03_0672_1824,4
GEO_NR03_0672_1856,4
GEO_NR03_0672_1888,4
GEO_NR03_0672_1952,4
GEO_NR03_0672_1984,4
GEO_NR03_0672_2016,4
GEO_NR03_0672_2048,4
GEO_NR03_0672_2080,4
GEO_NR03_0672_2112,4
GEO_NR03_0704_0000,5
GEO_NR03_0704_0032,5
GEO_NR03_0704_0064,5
GEO_NR03_0704_0096,5
GEO_NR03_0704_0128,5
GEO_NR03_0704_0160,5
GEO_NR03_0704_0192,5
GEO_NR03_0704_0224,5
GEO_NR03_0704_0352,4
GEO_NR03_0704_0768,4
GEO_NR03_0704_0800,4
GEO_NR03_0704_0832,4
GEO_NR03_0704_0864,4
GEO_NR03_0704_0896,4
GEO_NR03_0704_0928,4
GEO_NR03_0704_0960,4
GEO_NR03_0704_0992,4
GEO_NR03_0704_1024,4
GEO_NR03_0704_1056,4
GEO_NR03_0704_1088,4
GEO_NR03_0704_1120,4
GEO_NR03_0704_1152,4
GEO_NR03_0704_1184,4
GEO_NR03_0704_1440,4
GEO_NR03_0704_1472,4
GEO_NR03_0704_1504,4
GEO_NR03_0704_1536,4
GEO_NR03_0704_1568,4
GEO_NR03_0704_1600,4
GEO_NR03_0704_1632,4
GEO_NR03_0704_1728,4
GEO_NR03_0704_1760,4
GEO_NR03_0704_1792,4
GEO_NR03_0704_1824,4
GEO_NR03_0704_1856,4
GEO_NR03_0704_1888,4
GEO_NR03_0704_1952,4
GEO_NR03_0704_1984,4
GEO_NR03_0704_2016,4
GEO_NR03_0704_2048,4
GEO_NR03_0704_2080,4
GEO_NR03_0704_2112,4
GEO_NR03_0704_2144,4
GEO_NR03_0736_0000,5
GEO_NR03_0736_0032,5
GEO_NR03_0736_0064,5
GEO_NR03_0736_0096,5
GEO_NR03_0736_0128,5
GEO_NR03_0736_0160,5
GEO_NR03_0736_0192,5
GEO_NR03_0736_0224,5
GEO_NR03_0736_0832,4
GEO_NR03_0736_0864,4
GEO_NR03_0736_0896,4
GEO_NR03_0736_0928,4
GEO_NR03_0736_0960,4
GEO_NR03_0736_0992,4
GEO_NR03_0736_1024,4
GEO_NR03_0736_1056,4
GEO_NR03_0736_1088,4
GEO_NR03_0736_1120,4
GEO_NR03_0736_1152,4
GEO_NR03_0736_1184,4
GEO_NR03_0736_1472,4
GEO_NR03_0736_1504,4
GEO_NR03_0736_1536,4
GEO_NR03_0736_1568,4
GEO_NR03_0736_1600,4
GEO_NR03_0736_1632,4
GEO_NR03_0736_1760,4
GEO_NR03_0736_1792,4
GEO_NR03_0736_1824,4
GEO_NR03_0736_2112,4
GEO_NR03_0736_2144,4
GEO_NR03_0768_0000,5
GEO_NR03_0768_0032,5
GEO_NR03_0768_0064,5
GEO_NR03_0768_0096,5
GEO_NR03_0768_0128,5
GEO_NR03_0768_0160,5
GEO_NR03_0768_0192,5
GEO_NR03_0768_0224,5
GEO_NR03_0768_0480,4
GEO_NR03_0768_0640,4
GEO_NR03_0768_0672,4
GEO_NR03_0768_0864,4
GEO_NR03_0768_0896,4
GEO_NR03_0768_0928,4
GEO_NR03_0768_0960,4
GEO_NR03_0768_0992,4
GEO_NR03_0768_1024,4
GEO_NR03_0768_1056,4
GEO_NR03_0768_1088,4
GEO_NR03_0768_1120,4
GEO_NR03_0768_1152,4
GEO_NR03_0768_1504,4
GEO_NR03_0768_1536,4
GEO_NR03_0768_1568,4
GEO_NR03_0768_1600,4
GEO_NR03_0768_1632,4
GEO_NR03_0768_1664,4
GEO_NR03_0768_1760,4
GEO_NR03_0768_1792,4
GEO_NR03_0768_1824,4
GEO_NR03_0768_1984,4
GEO_NR03_0768_2272,4
GEO_NR03_0768_2304,4
GEO_NR03_0800_0000,5
GEO_NR03_0800_0032,5
GEO_NR03_0800_0064,5
GEO_NR03_0800_0096,5
GEO_NR03_0800_0128,5
GEO_NR03_0800_0160,5
GEO_NR03_0800_0192,5
GEO_NR03_0800_0224,5
GEO_NR03_0800_0480,4
GEO_NR03_0800_0512,4
GEO_NR03_0800_0896,4
GEO_NR03_0800_0928,4
GEO_NR03_0800_0960,4
GEO_NR03_0800_0992,4
GEO_NR03_0800_1024,4
GEO_NR03_0800_1056,4
GEO_NR03_0800_1088,4
GEO_NR03_0800_1120,4
GEO_NR03_0800_1152,4
GEO_NR03_0800_1184,4
GEO_NR03_0800_1504,4
GEO_NR03_0800_1536,4
GEO_NR03_0800_1568,4
GEO_NR03_0800_1600,4
GEO_NR03_0800_1632,4
GEO_NR03_0800_1664,4
GEO_NR03_0800_1696,4
GEO_NR03_0800_1728,4
GEO_NR03_0800_1760,4
GEO_NR03_0800_1792,4
GEO_NR03_0800_1824,4
GEO_NR03_0800_1984,4
GEO_NR03_0800_2240,4
GEO_NR03_0832_0000,5
GEO_NR03_0832_0032,5
GEO_NR03_0832_0064,5
GEO_NR03_0832_0096,5
GEO_NR03_0832_0128,5
GEO_NR03_0832_0160,5
GEO_NR03_0832_0192,5
GEO_NR03_0832_0224,5
GEO_NR03_0832_0896,4
GEO_NR03_0832_0992,4
GEO_NR03_0832_1024,4
GEO_NR03_0832_1056,4
GEO_NR03_0832_1088,4
GEO_NR03_0832_1120,4
GEO_NR03_0832_1152,4
GEO_NR03_0832_1184,4
GEO_NR03_0832_1216,4
GEO_NR03_0832_1504,4
GEO_NR03_0832_1536,4
GEO_NR03_0832_1568,4
GEO_NR03_0832_1600,4
GEO_NR03_0832_1632,4
GEO_NR03_0832_1664,4
GEO_NR03_0832_1760,4
GEO_NR03_0832_1792,4
GEO_NR03_0832_1824,4
GEO_NR03_0832_1856,4
GEO_NR03_0832_1984,4
GEO_NR03_0864_0000,5
GEO_NR03_0864_0032,5
GEO_NR03_0864_0064,5
GEO_NR03_0864_0096,5
GEO_NR03_0864_0128,5
GEO_NR03_0864_0160,5
GEO_NR03_0864_0192,5
GEO_NR03_0864_0224,5
GEO_NR03_0864_0992,4
GEO_NR03_0864_1024,4
GEO_NR03_0864_1056,4
GEO_NR03_0864_1088,4
GEO_NR03_0864_1120,4
GEO_NR03_0864_1152,4
GEO_NR03_0864_1184,4
GEO_NR03_0864_1216,4
GEO_NR03_0864_1248,4
GEO_NR03_0864_1472,4
GEO_NR03_0864_1504,4
GEO_NR03_0864_1536,4
GEO_NR03_0864_1568,4
GEO_NR03_0864_1600,4
GEO_NR03_0864_1632,4
GEO_NR03_0864_1664,4
GEO_NR03_0864_1760,4
GEO_NR03_0864_1792,4
GEO_NR03_0864_1824,4
GEO_NR03_0864_1984,4
GEO_NR03_0896_0000,5
GEO_NR03_0896_0032,5
GEO_NR03_0896_0064,5
GEO_NR03_0896_0096,5
GEO_NR03_0896_0128,5
GEO_NR03_0896_0160,5
GEO_NR03_0896_0192,5
GEO_NR03_0896_0224,5
GEO_NR03_0896_0352,4
GEO_NR03_0896_1024,4
GEO_NR03_0896_1056,4
GEO_NR03_0896_1088,4
GEO_NR03_0896_1120,4
GEO_NR03_0896_1152,4
GEO_NR03_0896_1184,4
GEO_NR03_0896_1216,4
GEO_NR03_0896_1248,4
GEO_NR03_0896_1280,4
GEO_NR03_0896_1440,4
GEO_NR03_0896_1472,4
GEO_NR03_0896_1504,4
GEO_NR03_0896_1536,4
GEO_NR03_0896_1568,4
GEO_NR03_0896_1600,4
GEO_NR03_0896_1632,4
GEO_NR03_0896_1664,4
GEO_NR03_0896_1696,4
GEO_NR03_0896_1728,4
GEO_NR03_0896_1760,4
GEO_NR03_0896_1792,4
GEO_NR03_0896_2176,4
GEO_NR03_0896_2208,4
GEO_NR03_0896_2240,4
GEO_NR03_0928_0000,5
GEO_NR03_0928_0032,5
GEO_NR03_0928_0064,5
GEO_NR03_0928_0096,5
GEO_NR03_0928_0128,5
GEO_NR03_0928_0160,5
GEO_NR03_0928_0192,5
GEO_NR03_0928_0224,5
GEO_NR03_0928_0864,4
GEO_NR03_0928_0960,5
GEO_NR03_0928_1120,4
GEO_NR03_0928_1152,4
GEO_NR03_0928_1184,4
GEO_NR03_0928_1216,4
GEO_NR03_0928_1248,4
GEO_NR03_0928_1280,4
GEO_NR03_0928_1312,4
GEO_NR03_0928_1440,4
GEO_NR03_0928_1472,4
GEO_NR03_0928_1536,4
GEO_NR03_0928_1568,4
GEO_NR03_0928_1600,4
GEO_NR03_0928_1632,4
GEO_NR03_0928_1664,4
GEO_NR03_0928_1696,4
GEO_NR03_0928_1728,4
GEO_NR03_0928_1760,4
GEO_NR03_0928_1792,4
GEO_NR03_0928_2112,4
GEO_NR03_0928_2144,4
GEO_NR03_0928_2176,4
GEO_NR03_0928_2208,4
GEO_NR03_0928_2240,4
GEO_NR03_0960_0000,5
GEO_NR03_0960_0032,5
GEO_NR03_0960_0064,5
GEO_NR03_0960_0096,5
GEO_NR03_0960_0128,5
GEO_NR03_0960_0160,5
GEO_NR03_0960_0192,5
GEO_NR03_0960_0224,5
GEO_NR03_0960_0864,4
GEO_NR03_0960_0960,5
GEO_NR03_0960_0992,5
GEO_NR03_0960_1120,4
GEO_NR03_0960_1152,4
GEO_NR03_0960_1216,4
GEO_NR03_0960_1248,4
GEO_NR03_0960_1280,4
GEO_NR03_0960_1312,4
GEO_NR03_0960_1344,4
GEO_NR03_0960_1376,4
GEO_NR03_0960_1440,4
GEO_NR03_0960_1472,4
GEO_NR03_0960_1504,4
GEO_NR03_0960_1536,4
GEO_NR03_0960_1568,4
GEO_NR03_0960_1600,4
GEO_NR03_0960_1632,4
GEO_NR03_0960_1664,4
GEO_NR03_0960_2144,4
GEO_NR03_0960_2176,4
GEO_NR03_0960_2208,4
GEO_NR03_0960_2240,4
GEO_NR03_0992_0000,5
GEO_NR03_0992_0032,5
GEO_NR03_0992_0064,5
GEO_NR03_0992_0096,5
GEO_NR03_0992_0128,5
GEO_NR03_0992_0160,5
GEO_NR03_0992_0192,5
GEO_NR03_0992_0224,5
GEO_NR03_0992_0768,4
GEO_NR03_0992_0800,4
GEO_NR03_0992_0832,4
GEO_NR03_0992_0864,4
GEO_NR03_0992_1088,4
GEO_NR03_0992_1120,4
GEO_NR03_0992_1152,4
GEO_NR03_0992_1248,4
GEO_NR03_0992_1280,4
GEO_NR03_0992_1312,4
GEO_NR03_0992_1344,4
GEO_NR03_0992_1376,4
GEO_NR03_0992_1408,4
GEO_NR03_0992_1472,4
GEO_NR03_0992_1504,4
GEO_NR03_0992_1600,4
GEO_NR03_0992_1632,4
GEO_NR03_0992_1664,4
GEO_NR03_0992_1984,4
GEO_NR03_0992_2176,4
GEO_NR03_0992_2208,4
GEO_NR03_0992_2240,4
GEO_NR03_1024_0000,5
GEO_NR03_1024_0032,5
GEO_NR03_1024_0064,5
GEO_NR03_1024_0096,5
GEO_NR03_1024_0128,5
GEO_NR03_1024_0160,5
GEO_NR03_1024_0192,5
GEO_NR03_1024_0224,5
GEO_NR03_1024_0480,0
GEO_NR03_1024_0768,4
GEO_NR03_1024_0800,4
GEO_NR03_1024_0832,4
GEO_NR03_1024_0864,4
GEO_NR03_1024_0896,4
GEO_NR03_1024_1024,4
GEO_NR03_1024_1088,4
GEO_NR03_1024_1120,4
GEO_NR03_1024_1152,4
GEO_NR03_1024_1184,4
GEO_NR03_1024_1248,4
GEO_NR03_1024_1344,4
GEO_NR03_1024_1376,4
GEO_NR03_1024_1472,4
GEO_NR03_1024_1952,4
GEO_NR03_1024_1984,4
GEO_NR03_1024_2016,4
GEO_NR03_1024_2176,4
GEO_NR03_1024_2208,4
GEO_NR03_1024_2240,4
GEO_NR03_1056_0000,5
GEO_NR03_1056_0032,5
GEO_NR03_1056_0064,5
GEO_NR03_1056_0096,5
GEO_NR03_1056_0128,5
GEO_NR03_1056_0160,5
GEO_NR03_1056_0192,5
GEO_NR03_1056_0224,5
GEO_NR03_1056_0480,0
GEO_NR03_1056_0512,0
GEO_NR03_1056_0768,4
GEO_NR03_1056_0800,4
GEO_NR03_1056_0832,4
GEO_NR03_1056_0864,4
GEO_NR03_1056_0896,4
GEO_NR03_1056_0928,4
GEO_NR03_1056_0960,4
GEO_NR03_1056_0992,4
GEO_NR03_1056_1024,4
GEO_NR03_1056_1056,4
GEO_NR03_1056_1088,4
GEO_NR03_1056_1120,4
GEO_NR03_1056_1152,4
GEO_NR03_1056_1184,4
GEO_NR03_1056_1216,4
GEO_NR03_1056_1344,4
GEO_NR03_1056_1376,4
GEO_NR03_1056_1920,4
GEO_NR03_1056_1952,4
GEO_NR03_1056_1984,4
GEO_NR03_1056_2016,4
GEO_NR03_1056_2048,4
GEO_NR03_1056_2336,4
GEO_NR03_1088_0000,5
GEO_NR03_1088_0032,5
GEO_NR03_1088_0064,5
GEO_NR03_1088_0096,5
GEO_NR03_1088_0128,5
GEO_NR03_1088_0160,5
GEO_NR03_1088_0192,5
GEO_NR03_1088_0224,5
GEO_NR03_1088_0384,0
GEO_NR03_1088_0416,0
GEO_NR03_1088_0448,0
GEO_NR03_1088_0480,0
GEO_NR03_1088_0512,0
GEO_NR03_1088_0704,4
GEO_NR03_1088_0736,4
GEO_NR03_1088_0768,4
GEO_NR03_1088_0832,4
GEO_NR03_1088_0864,4
GEO_NR03_1088_0896,4
GEO_NR03_1088_0928,4
GEO_NR03_1088_0960,4
GEO_NR03_1088_0992,4
GEO_NR03_1088_1088,4
GEO_NR03_1088_1120,4
GEO_NR03_1088_1152,4
GEO_NR03_1088_1184,4
GEO_NR03_1088_1216,4
GEO_NR03_1088_1248,4
GEO_NR03_1088_1280,4
GEO_NR03_1088_1312,4
GEO_NR03_1088_1344,4
GEO_NR03_1088_1376,4
GEO_NR03_1088_1408,4
GEO_NR03_1088_1440,4
GEO_NR03_1088_1984,4
GEO_NR03_1088_2016,4
GEO_NR03_1088_2048,4
GEO_NR03_1088_2080,4
GEO_NR03_1088_2304,4
GEO_NR03_1088_2336,4
GEO_NR03_1120_0000,5
GEO_NR03_1120_0032,5
GEO_NR03_1120_0064,5
GEO_NR03_1120_0096,5
GEO_NR03_1120_0128,5
GEO_NR03_1120_0160,5
GEO_NR03_1120_0192,5
GEO_NR03_1120_0224,5
GEO_NR03_1120_0352,0
GEO_NR03_1120_0384,0
GEO_NR03_1120_0416,0
GEO_NR03_1120_0448,0
GEO_NR03_1120_0480,0
GEO_NR03_1120_0512,0
GEO_NR03_1120_0544,0
GEO_NR03_1120_0864,4
GEO_NR03_1120_0896,4
GEO_NR03_1120_0928,4
GEO_NR03_1120_0960,4
GEO_NR03_1120_1088,4
GEO_NR03_1120_1120,4
GEO_NR03_1120_1152,4
GEO_NR03_1120_1184,4
GEO_NR03_1120_1216,4
GEO_NR03_1120_1248,4
GEO_NR03_1120_1280,4
GEO_NR03_1120_1312,4
GEO_NR03_1120_1344,4
GEO_NR03_1120_1376,4
GEO_NR03_1120_1408,4
GEO_NR03_1120_1984,4
GEO_NR03_1120_2016,4
GEO_NR03_1120_2048,4
GEO_NR03_1120_2080,4
GEO_NR03_1120_2304,4
GEO_NR03_1120_2336,4
GEO_NR03_1152_0000,5
GEO_NR03_1152_0032,5
GEO_NR03_1152_0064,5
GEO_NR03_1152_0096,5
GEO_NR03_1152_0128,5
GEO_NR03_1152_0160,5
GEO_NR03_1152_0192,5
GEO_NR03_1152_0224,5
GEO_NR03_1152_0384,0
GEO_NR03_1152_0416,0
GEO_NR03_1152_0448,0
GEO_NR03_1152_0480,0
GEO_NR03_1152_0512,0
GEO_NR03_1152_0864,4
GEO_NR03_1152_0896,4
GEO_NR03_1152_0928,4
GEO_NR03_1152_0960,4
GEO_NR03_1152_0992,4
GEO_NR03_1152_1024,4
GEO_NR03_1152_1056,4
GEO_NR03_1152_1088,4
GEO_NR03_1152_1120,4
GEO_NR03_1152_1152,4
GEO_NR03_1152_1184,4
GEO_NR03_1152_1216,4
GEO_NR03_1152_1248,4
GEO_NR03_1152_1280,4
GEO_NR03_1152_1312,4
GEO_NR03_1152_1344,4
GEO_NR03_1152_1376,4
GEO_NR03_1152_1408,4
GEO_NR03_1152_1920,4
GEO_NR03_1152_1952,4
GEO_NR03_1152_1984,4
GEO_NR03_1152_2016,4
GEO_NR03_1152_2048,4
GEO_NR03_1152_2336,4
GEO_NR03_1184_0000,5
GEO_NR03_1184_0032,5
GEO_NR03_1184_0064,5
GEO_NR03_1184_0096,5
GEO_NR03_1184_0128,5
GEO_NR03_1184_0160,5
GEO_NR03_1184_0192,5
GEO_NR03_1184_0224,5
GEO_NR03_1184_0384,0
GEO_NR03_1184_0416,0
GEO_NR03_1184_0448,0
GEO_NR03_1184_0480,0
GEO_NR03_1184_0512,0
GEO_NR03_1184_0704,0
GEO_NR03_1184_0960,4
GEO_NR03_1184_1088,4
GEO_NR03_1184_1120,4
GEO_NR03_1184_1152,4
GEO_NR03_1184_1184,4
GEO_NR03_1184_1216,4
GEO_NR03_1184_1248,4
GEO_NR03_1184_1280,4
GEO_NR03_1184_1312,4
GEO_NR03_1184_1344,4
GEO_NR03_1184_1376,4
GEO_NR03_1184_1408,4
GEO_NR03_1184_1440,4
GEO_NR03_1184_1856,4
GEO_NR03_1184_1888,4
GEO_NR03_1184_1920,4
GEO_NR03_1184_1952,4
GEO_NR03_1184_1984,4
GEO_NR03_1184_2016,4
GEO_NR03_1184_2048,4
GEO_NR03_1184_2144,4
GEO_NR03_1184_2336,4
GEO_NR03_1216_0000,5
GEO_NR03_1216_0032,5
GEO_NR03_1216_0064,5
GEO_NR03_1216_0096,5
GEO_NR03_1216_0128,5
GEO_NR03_1216_0160,5
GEO_NR03_1216_0192,5
GEO_NR03_1216_0224,5
GEO_NR03_1216_0352,0
GEO_NR03_1216_0384,0
GEO_NR03_1216_0416,0
GEO_NR03_1216_0448,0
GEO_NR03_1216_0480,0
GEO_NR03_1216_0864,4
GEO_NR03_1216_1024,0
GEO_NR03_1216_1056,0
GEO_NR03_1216_1184,4
GEO_NR03_1216_1216,4
GEO_NR03_1216_1248,4
GEO_NR03_1216_1280,4
GEO_NR03_1216_1312,4
GEO_NR03_1216_1344,4
GEO_NR03_1216_1792,4
GEO_NR03_1216_1824,4
GEO_NR03_1216_1856,4
GEO_NR03_1216_1888,4
GEO_NR03_1216_1920,4
GEO_NR03_1216_1952,4
GEO_NR03_1216_1984,4
GEO_NR03_1216_2016,4
GEO_NR03_1216_2048,4
GEO_NR03_1216_2080,4
GEO_NR03_1216_2112,4
GEO_NR03_1216_2144,4
GEO_NR03_1216_2336,4
GEO_NR03_1248_0000,5
GEO_NR03_1248_0032,5
GEO_NR03_1248_0064,5
GEO_NR03_1248_0096,5
GEO_NR03_1248_0128,5
GEO_NR03_1248_0160,5
GEO_NR03_1248_0192,5
GEO_NR03_1248_0224,5
GEO_NR03_1248_0320,0
GEO_NR03_1248_0352,0
GEO_NR03_1248_0384,0
GEO_NR03_1248_0416,0
GEO_NR03_1248_0448,0
GEO_NR03_1248_0864,4
GEO_NR03_1248_0896,4
GEO_NR03_1248_0992,0
GEO_NR03_1248_1024,0
GEO_NR03_1248_1056,0
GEO_NR03_1248_1344,4
GEO_NR03_1248_1376,4
GEO_NR03_1248_1536,5
GEO_NR03_1248_1664,4
GEO_NR03_1248_1696,4
GEO_NR03_1248_1728,4
GEO_NR03_1248_1760,4
GEO_NR03_1248_1792,4
GEO_NR03_1248_1824,4
GEO_NR03_1248_1856,4
GEO_NR03_1248_1888,4
GEO_NR03_1248_1920,4
GEO_NR03_1248_1952,4
GEO_NR03_1248_2016,4
GEO_NR03_1248_2048,4
GEO_NR03_1248_2080,4
GEO_NR03_1248_2112,4
GEO_NR03_1248_2336,4
GEO_NR03_1280_0000,5
GEO_NR03_1280_0032,5
GEO_NR03_1280_0064,5
GEO_NR03_1280_0096,5
GEO_NR03_1280_0128,5
GEO_NR03_1280_0160,5
GEO_NR03_1280_0192,5
GEO_NR03_1280_0224,5
GEO_NR03_1280_0352,0
GEO_NR03_1280_0384,0
GEO_NR03_1280_0960,0
GEO_NR03_1280_0992,0
GEO_NR03_1280_1024,0
GEO_NR03_1280_1056,0
GEO_NR03_1280_1408,4
GEO_NR03_1280_1536,5
GEO_NR03_1280_1632,4
GEO_NR03_1280_1664,4
GEO_NR03_1280_1696,4
GEO_NR03_1280_1728,4
GEO_NR03_1280_1760,4
GEO_NR03_1280_1792,4
GEO_NR03_1280_1824,4
GEO_NR03_1280_1856,4
GEO_NR03_1280_1888,4
GEO_NR03_1280_1920,4
GEO_NR03_1280_2016,4
GEO_NR03_1280_2048,4
GEO_NR03_1280_2080,4
GEO_NR03_1280_2112,4
GEO_NR03_1312_0000,5
GEO_NR03_1312_0032,5
GEO_NR03_1312_0064,5
GEO_NR03_1312_0096,5
GEO_NR03_1312_0128,5
GEO_NR03_1312_0160,5
GEO_NR03_1312_0192,5
GEO_NR03_1312_0224,5
GEO_NR03_1312_0352,0
GEO_NR03_1312_0384,0
GEO_NR03_1312_0928,0
GEO_NR03_1312_0960,0
GEO_NR03_1312_0992,0
GEO_NR03_1312_1024,0
GEO_NR03_1312_1056,0
GEO_NR03_1312_1216,5
GEO_NR03_1312_1248,5
GEO_NR03_1312_1280,5
GEO_NR03_1312_1312,5
GEO_NR03_1312_1664,4
GEO_NR03_1312_1696,4
GEO_NR03_1312_1728,4
GEO_NR03_1312_1760,4
GEO_NR03_1312_1792,4
GEO_NR03_1312_1824,4
GEO_NR03_1312_1856,4
GEO_NR03_1312_1888,4
GEO_NR03_1312_1920,4
GEO_NR03_1312_1952,4
GEO_NR03_1312_1984,4
GEO_NR03_1312_2016,4
GEO_NR03_1312_2048,4
GEO_NR03_1312_2080,4
GEO_NR03_1312_2112,4
GEO_NR03_1344_0000,5
GEO_NR03_1344_0032,5
GEO_NR03_1344_0064,5
GEO_NR03_1344_0096,5
GEO_NR03_1344_0128,5
GEO_NR03_1344_0160,5
GEO_NR03_1344_0192,5
GEO_NR03_1344_0224,5
GEO_NR03_1344_0928,0
GEO_NR03_1344_0960,0
GEO_NR03_1344_0992,0
GEO_NR03_1344_1024,0
GEO_NR03_1344_1056,0
GEO_NR03_1344_1216,5
GEO_NR03_1344_1248,5
GEO_NR03_1344_1280,5
GEO_NR03_1344_1312,5
GEO_NR03_1344_1344,5
GEO_NR03_1344_1376,5
GEO_NR03_1344_1664,4
GEO_NR03_1344_1696,4
GEO_NR03_1344_1728,4
GEO_NR03_1344_1760,4
GEO_NR03_1344_1792,4
GEO_NR03_1344_1824,4
GEO_NR03_1344_1856,4
GEO_NR03_1344_1888,4
GEO_NR03_1344_1920,4
GEO_NR03_1344_1952,4
GEO_NR03_1344_1984,4
GEO_NR03_1344_2016,4
GEO_NR03_1344_2048,4
GEO_NR03_1344_2080,4
GEO_NR03_1344_2112,4
GEO_NR03_1376_0000,5
GEO_NR03_1376_0032,5
GEO_NR03_1376_0064,5
GEO_NR03_1376_0096,5
GEO_NR03_1376_0128,5
GEO_NR03_1376_0160,5
GEO_NR03_1376_0192,5
GEO_NR03_1376_0224,5
GEO_NR03_1376_0480,4
GEO_NR03_1376_0576,4
GEO_NR03_1376_0608,4
GEO_NR03_1376_0640,4
GEO_NR03_1376_0832,4
GEO_NR03_1376_0928,0
GEO_NR03_1376_0960,0
GEO_NR03_1376_0992,0
GEO_NR03_1376_1024,0
GEO_NR03_1376_1120,5
GEO_NR03_1376_1216,5
GEO_NR03_1376_1248,5
GEO_NR03_1376_1280,5
GEO_NR03_1376_1312,5
GEO_NR03_1376_1344,5
GEO_NR03_1376_1376,5
GEO_NR03_1376_1408,5
GEO_NR03_1376_1440,5
GEO_NR03_1376_1600,4
GEO_NR03_1376_1632,4
GEO_NR03_1376_1664,4
GEO_NR03_1376_1696,4
GEO_NR03_1376_1728,4
GEO_NR03_1376_1760,4
GEO_NR03_1376_1792,4
GEO_NR03_1376_1824,4
GEO_NR03_1376_1856,4
GEO_NR03_1376_1888,4
GEO_NR03_1376_1920,4
GEO_NR03_1376_1952,4
GEO_NR03_1376_1984,4
GEO_NR03_1376_2016,4
GEO_NR03_1376_2048,4
GEO_NR03_1376_2144,4
GEO_NR03_1408_0000,5
GEO_NR03_1408_0032,5
GEO_NR03_1408_0064,5
GEO_NR03_1408_0096,5
GEO_NR03_1408_0128,5
GEO_NR03_1408_0160,5
GEO_NR03_1408_0192,5
GEO_NR03_1408_0224,5
GEO_NR03_1408_0576,4
GEO_NR03_1408_0608,4
GEO_NR03_1408_0832,4
GEO_NR03_1408_0928,0
GEO_NR03_1408_0960,0
GEO_NR03_1408_1088,5
GEO_NR03_1408_1120,5
GEO_NR03_1408_1280,5
GEO_NR03_1408_1312,5
GEO_NR03_1408_1344,5
GEO_NR03_1408_1568,4
GEO_NR03_1408_1600,4
GEO_NR03_1408_1632,4
GEO_NR03_1408_1664,4
GEO_NR03_1408_1696,4
GEO_NR03_1408_1792,4
GEO_NR03_1408_1824,4
GEO_NR03_1408_1856,4
GEO_NR03_1408_1920,4
GEO_NR03_1408_1952,4
GEO_NR03_1408_1984,4
GEO_NR03_1408_2016,4
GEO_NR03_1408_2048,4
GEO_NR03_1408_2144,4
GEO_NR03_1408_2176,4
GEO_NR03_1440_0000,5
GEO_NR03_1440_0032,5
GEO_NR03_1440_0064,5
GEO_NR03_1440_0096,5
GEO_NR03_1440_0128,5
GEO_NR03_1440_0160,5
GEO_NR03_1440_0192,5
GEO_NR03_1440_0224,5
GEO_NR03_1440_0384,4
GEO_NR03_1440_1024,5
GEO_NR03_1440_1056,5
GEO_NR03_1440_1088,5
GEO_NR03_1440_1120,5
GEO_NR03_1440_1536,4
GEO_NR03_1440_1568,4
GEO_NR03_1440_1600,4
GEO_NR03_1440_1632,4
GEO_NR03_1440_1664,4
GEO_NR03_1440_1696,4
GEO_NR03_1440_1792,4
GEO_NR03_1440_1824,4
GEO_NR03_1440_1888,4
GEO_NR03_1440_1920,4
GEO_NR03_1440_2016,4
GEO_NR03_1440_2048,4
GEO_NR03_1440_2112,4
GEO_NR03_1440_2144,4
GEO_NR03_1440_2176,4
GEO_NR03_1440_2208,4
GEO_NR03_1440_2240,4
GEO_NR03_1472_0000,5
GEO_NR03_1472_0032,5
GEO_NR03_1472_0064,5
GEO_NR03_1472_0096,5
GEO_NR03_1472_0128,5
GEO_NR03_1472_0160,5
GEO_NR03_1472_0192,5
GEO_NR03_1472_0224,5
GEO_NR03_1472_0416,4
GEO_NR03_1472_0960,5
GEO_NR03_1472_0992,5
GEO_NR03_1472_1024,5
GEO_NR03_1472_1056,5
GEO_NR03_1472_1088,5
GEO_NR03_1472_1120,5
GEO_NR03_1472_1408,4
GEO_NR03_1472_1440,4
GEO_NR03_1472_1472,4
GEO_NR03_1472_1504,4
GEO_NR03_1472_1536,4
GEO_NR03_1472_1568,4
GEO_NR03_1472_1600,4
GEO_NR03_1472_1632,4
GEO_NR03_1472_1664,4
GEO_NR03_1472_1696,4
GEO_NR03_1472_1760,4
GEO_NR03_1472_1792,4
GEO_NR03_1472_1824,4
GEO_NR03_1472_1856,4
GEO_NR03_1472_1888,4
GEO_NR03_1472_1920,4
GEO_NR03_1472_2048,4
GEO_NR03_1472_2080,4
GEO_NR03_1472_2112,4
GEO_NR03_1472_2144,4
GEO_NR03_1472_2176,4
GEO_NR03_1472_2208,4
GEO_NR03_1472_2240,4
GEO_NR03_1472_2272,4
GEO_NR03_1504_0000,5
GEO_NR03_1504_0032,5
GEO_NR03_1504_0064,5
GEO_NR03_1504_0096,5
GEO_NR03_1504_0128,5
GEO_NR03_1504_0160,5
GEO_NR03_1504_0192,5
GEO_NR03_1504_0224,5
GEO_NR03_1504_0416,4
GEO_NR03_1504_0448,4
GEO_NR03_1504_0960,5
GEO_NR03_1504_0992,5
GEO_NR03_1504_1024,5
GEO_NR03_1504_1056,5
GEO_NR03_1504_1088,5
GEO_NR03_1504_1120,5
GEO_NR03_1504_1152,5
GEO_NR03_1504_1280,4
GEO_NR03_1504_1312,4
GEO_NR03_1504_1344,4
GEO_NR03_1504_1376,4
GEO_NR03_1504_1408,4
GEO_NR03_1504_1440,4
GEO_NR03_1504_1472,4
GEO_NR03_1504_1504,4
GEO_NR03_1504_1536,4
GEO_NR03_1504_1568,4
GEO_NR03_1504_1600,4
GEO_NR03_1504_1632,4
GEO_NR03_1504_1664,4
GEO_NR03_1504_1696,4
GEO_NR03_1504_1728,4
GEO_NR03_1504_1760,4
GEO_NR03_1504_1792,4
GEO_NR03_1504_1824,4
GEO_NR03_1504_1856,4
GEO_NR03_1504_1888,4
GEO_NR03_1504_1920,4
GEO_NR03_1504_1952,4
GEO_NR03_1504_2016,4
GEO_NR03_1504_2048,4
GEO_NR03_1504_2080,4
GEO_NR03_1504_2112,4
GEO_NR03_1504_2208,4
GEO_NR03_1536_0000,5
GEO_NR03_1536_0032,5
GEO_NR03_1536_0064,5
GEO_NR03_1536_0096,5
GEO_NR03_1536_0128,5
GEO_NR03_1536_0160,5
GEO_NR03_1536_0192,5
GEO_NR03_1536_0224,5
GEO_NR03_1536_0384,4
GEO_NR03_1536_0416,4
GEO_NR03_1536_0448,4
GEO_NR03_1536_0480,4
GEO_NR03_1536_0512,4
GEO_NR03_1536_0960,5
GEO_NR03_1536_0992,5
GEO_NR03_1536_1024,5
GEO_NR03_1536_1056,5
GEO_NR03_1536_1088,5
GEO_NR03_1536_1120,5
GEO_NR03_1536_1152,5
GEO_NR03_1536_1280,4
GEO_NR03_1536_1312,4
GEO_NR03_1536_1344,4
GEO_NR03_1536_1376,4
GEO_NR03_1536_1408,4
GEO_NR03_1536_1440,4
GEO_NR03_1536_1472,4
GEO_NR03_1536_1600,4
GEO_NR03_1536_1632,4
GEO_NR03_1536_1664,4
GEO_NR03_1536_1696,4
GEO_NR03_1536_1728,4
GEO_NR03_1536_1760,4
GEO_NR03_1536_1792,4
GEO_NR03_1536_1824,4
GEO_NR03_1536_1856,4
GEO_NR03_1536_1888,4
GEO_NR03_1536_1920,4
GEO_NR03_1536_1952,4
GEO_NR03_1536_1984,4
GEO_NR03_1536_2016,4
GEO_NR03_1536_2048,4
GEO_NR03_1536_2080,4
GEO_NR03_1568_0000,5
GEO_NR03_1568_0032,5
GEO_NR03_1568_0064,5
GEO_NR03_1568_0096,5
GEO_NR03_1568_0128,5
GEO_NR03_1568_0160,5
GEO_NR03_1568_0192,5
GEO_NR03_1568_0224,5
GEO_NR03_1568_0320,4
GEO_NR03_1568_0352,4
GEO_NR03_1568_0384,4
GEO_NR03_1568_0480,4
GEO_NR03_1568_0512,4
GEO_NR03_1568_0992,5
GEO_NR03_1568_1024,5
GEO_NR03_1568_1056,5
GEO_NR03_1568_1088,5
GEO_NR03_1568_1120,5
GEO_NR03_1568_1152,5
GEO_NR03_1568_1184,5
GEO_NR03_1568_1280,4
GEO_NR03_1568_1312,4
GEO_NR03_1568_1376,4
GEO_NR03_1568_1408,4
GEO_NR03_1568_1440,4
GEO_NR03_1568_1472,4
GEO_NR03_1568_1632,4
GEO_NR03_1568_1664,4
GEO_NR03_1568_1696,4
GEO_NR03_1568_1728,4
GEO_NR03_1568_1760,4
GEO_NR03_1568_1792,4
GEO_NR03_1568_1824,4
GEO_NR03_1568_1856,4
GEO_NR03_1568_1888,4
GEO_NR03_1568_1920,4
GEO_NR03_1568_1952,4
GEO_NR03_1568_1984,4
GEO_NR03_1568_2016,4
GEO_NR03_1568_2048,4
GEO_NR03_1568_2144,4
GEO_NR03_1600_0000,5
GEO_NR03_1600_0032,5
GEO_NR03_1600_0064,5
GEO_NR03_1600_0096,5
GEO_NR03_1600_0128,5
GEO_NR03_1600_0160,5
GEO_NR03_1600_0192,5
GEO_NR03_1600_0224,5
GEO_NR03_1600_0320,4
GEO_NR03_1600_0352,4
GEO_NR03_1600_0992,5
GEO_NR03_1600_1024,5
GEO_NR03_1600_1056,5
GEO_NR03_1600_1088,5
GEO_NR03_1600_1120,5
GEO_NR03_1600_1152,5
GEO_NR03_1600_1184,5
GEO_NR03_1600_1280,4
GEO_NR03_1600_1408,4
GEO_NR03_1600_1440,4
GEO_NR03_1600_1632,4
GEO_NR03_1600_1664,4
GEO_NR03_1600_1696,4
GEO_NR03_1600_1728,4
GEO_NR03_1600_1760,4
GEO_NR03_1600_1792,4
GEO_NR03_1600_1824,4
GEO_NR03_1600_1856,4
GEO_NR03_1600_1952,4
GEO_NR03_1600_1984,4
GEO_NR03_1600_2016,4
GEO_NR03_1600_2048,4
GEO_NR03_1600_2144,4
GEO_NR03_1600_2272,4
GEO_NR03_1600_2304,4
GEO_NR03_1632_0000,5
GEO_NR03_1632_0032,5
GEO_NR03_1632_0064,5
GEO_NR03_1632_0096,5
GEO_NR03_1632_0128,5
GEO_NR03_1632_0160,5
GEO_NR03_1632_0192,5
GEO_NR03_1632_0224,5
GEO_NR03_1632_0320,4
GEO_NR03_1632_0352,4
GEO_NR03_1632_0896,5
GEO_NR03_1632_0928,5
GEO_NR03_1632_0960,5
GEO_NR03_1632_0992,5
GEO_NR03_1632_1024,5
GEO_NR03_1632_1056,5
GEO_NR03_1632_1088,5
GEO_NR03_1632_1120,5
GEO_NR03_1632_1152,5
GEO_NR03_1632_1184,5
GEO_NR03_1632_1280,4
GEO_NR03_1632_1312,4
GEO_NR03_1632_1344,4
GEO_NR03_1632_1376,4
GEO_NR03_1632_1408,4
GEO_NR03_1632_1440,4
GEO_NR03_1632_1600,4
GEO_NR03_1632_1632,4
GEO_NR03_1632_1664,4
GEO_NR03_1632_1696,4
GEO_NR03_1632_1760,4
GEO_NR03_1632_1792,4
GEO_NR03_1632_1824,4
GEO_NR03_1632_1856,4
GEO_NR03_1632_1952,4
GEO_NR03_1632_1984,4
GEO_NR03_1632_2016,4
GEO_NR03_1632_2048,4
GEO_NR03_1632_2080,4
GEO_NR03_1632_2112,4
GEO_NR03_1632_2144,4
GEO_NR03_1632_2176,4
GEO_NR03_1632_2208,4
GEO_NR03_1632_2240,4
GEO_NR03_1632_2272,4
GEO_NR03_1632_2304,4
GEO_NR03_1632_2336,4
GEO_NR03_1664_0000,5
GEO_NR03_1664_0032,5
GEO_NR03_1664_0064,5
GEO_NR03_1664_0096,5
GEO_NR03_1664_0128,5
GEO_NR03_1664_0160,5
GEO_NR03_1664_0192,5
GEO_NR03_1664_0384,4
GEO_NR03_1664_0480,5
GEO_NR03_1664_0512,5
GEO_NR03_1664_0544,5
GEO_NR03_1664_0576,5
GEO_NR03_1664_0896,5
GEO_NR03_1664_0928,5
GEO_NR03_1664_0960,5
GEO_NR03_1664_0992,5
GEO_NR03_1664_1024,5
GEO_NR03_1664_1056,5
GEO_NR03_1664_1088,5
GEO_NR03_1664_1120,5
GEO_NR03_1664_1152,5
GEO_NR03_1664_1184,5
GEO_NR03_1664_1216,5
GEO_NR03_1664_1280,4
GEO_NR03_1664_1312,4
GEO_NR03_1664_1344,4
GEO_NR03_1664_1376,4
GEO_NR03_1664_1600,4
GEO_NR03_1664_1632,4
GEO_NR03_1664_1760,4
GEO_NR03_1664_1792,4
GEO_NR03_1664_1824,4
GEO_NR03_1664_1856,4
GEO_NR03_1664_1888,4
GEO_NR03_1664_1952,4
GEO_NR03_1664_1984,4
GEO_NR03_1664_2016,4
GEO_NR03_1664_2048,4
GEO_NR03_1664_2080,4
GEO_NR03_1664_2112,4
GEO_NR03_1664_2144,4
GEO_NR03_1664_2176,4
GEO_NR03_1664_2208,4
GEO_NR03_1664_2240,4
GEO_NR03_1664_2272,4
GEO_NR03_1696_0000,5
GEO_NR03_1696_0032,5
GEO_NR03_1696_0064,5
GEO_NR03_1696_0096,5
GEO_NR03_1696_0128,5
GEO_NR03_1696_0160,5
GEO_NR03_1696_0192,5
GEO_NR03_1696_0352,4
GEO_NR03_1696_0384,4
GEO_NR03_1696_0480,5
GEO_NR03_1696_0512,5
GEO_NR03_1696_0544,5
GEO_NR03_1696_0576,5
GEO_NR03_1696_0864,5
GEO_NR03_1696_0896,5
GEO_NR03_1696_0928,5
GEO_NR03_1696_0960,5
GEO_NR03_1696_0992,5
GEO_NR03_1696_1024,5
GEO_NR03_1696_1056,5
GEO_NR03_1696_1088,5
GEO_NR03_1696_1120,5
GEO_NR03_1696_1152,5
GEO_NR03_1696_1184,5
GEO_NR03_1696_1216,5
GEO_NR03_1696_1280,4
GEO_NR03_1696_1312,4
GEO_NR03_1696_1344,4
GEO_NR03_1696_1728,4
GEO_NR03_1696_1760,4
GEO_NR03_1696_1792,4
GEO_NR03_1696_1824,4
GEO_NR03_1696_1856,4
GEO_NR03_1696_1888,4
GEO_NR03_1696_1952,4
GEO_NR03_1696_1984,4
GEO_NR03_1696_2016,4
GEO_NR03_1696_2048,4
GEO_NR03_1696_2112,4
GEO_NR03_1696_2144,4
GEO_NR03_1728_0000,5
GEO_NR03_1728_0032,5
GEO_NR03_1728_0064,5
GEO_NR03_1728_0096,5
GEO_NR03_1728_0128,5
GEO_NR03_1728_0160,5
GEO_NR03_1728_0192,5
GEO_NR03_1728_0224,5
GEO_NR03_1728_0352,4
GEO_NR03_1728_0480,5
GEO_NR03_1728_0512,5
GEO_NR03_1728_0544,5
GEO_NR03_1728_0576,5
GEO_NR03_1728_0864,5
GEO_NR03_1728_0896,5
GEO_NR03_1728_0928,5
GEO_NR03_1728_0960,5
GEO_NR03_1728_0992,5
GEO_NR03_1728_1024,5
GEO_NR03_1728_1056,5
GEO_NR03_1728_1088,5
GEO_NR03_1728_1120,5
GEO_NR03_1728_1152,5
GEO_NR03_1728_1184,5
GEO_NR03_1728_1280,4
GEO_NR03_1728_1312,4
GEO_NR03_1728_1344,4
GEO_NR03_1728_1760,4
GEO_NR03_1728_1792,4
GEO_NR03_1728_1824,4
GEO_NR03_1728_1856,4
GEO_NR03_1728_1888,4
GEO_NR03_1728_1920,4
GEO_NR03_1728_1952,4
GEO_NR03_1728_1984,4
GEO_NR03_1728_2112,4
GEO_NR03_1728_2144,4
GEO_NR03_1728_2336,4
GEO_NR03_1760_0000,5
GEO_NR03_1760_0032,5
GEO_NR03_1760_0064,5
GEO_NR03_1760_0096,5
GEO_NR03_1760_0128,5
GEO_NR03_1760_0160,5
GEO_NR03_1760_0192,5
GEO_NR03_1760_0224,5
GEO_NR03_1760_0352,4
GEO_NR03_1760_0480,5
GEO_NR03_1760_0512,5
GEO_NR03_1760_0544,5
GEO_NR03_1760_0576,5
GEO_NR03_1760_0608,5
GEO_NR03_1760_0832,5
GEO_NR03_1760_0864,5
GEO_NR03_1760_0896,5
GEO_NR03_1760_0928,5
GEO_NR03_1760_0960,5
GEO_NR03_1760_0992,5
GEO_NR03_1760_1024,5
GEO_NR03_1760_1056,5
GEO_NR03_1760_1088,5
GEO_NR03_1760_1184,5
GEO_NR03_1760_1280,4
GEO_NR03_1760_1312,4
GEO_NR03_1760_1344,4
GEO_NR03_1760_1632,4
GEO_NR03_1760_1664,4
GEO_NR03_1760_1696,4
GEO_NR03_1760_1728,4
GEO_NR03_1760_1760,4
GEO_NR03_1760_1792,4
GEO_NR03_1760_1824,4
GEO_NR03_1760_1856,4
GEO_NR03_1760_1888,4
GEO_NR03_1760_1920,4
GEO_NR03_1760_1952,4
GEO_NR03_1760_1984,4
GEO_NR03_1760_2016,4
GEO_NR03_1760_2112,4
GEO_NR03_1760_2144,4
GEO_NR03_1760_2176,4
GEO_NR03_1792_0000,5
GEO_NR03_1792_0032,5
GEO_NR03_1792_0064,5
GEO_NR03_1792_0096,5
GEO_NR03_1792_0128,5
GEO_NR03_1792_0160,5
GEO_NR03_1792_0192,5
GEO_NR03_1792_0224,5
GEO_NR03_1792_0320,4
GEO_NR03_1792_0352,4
GEO_NR03_1792_0384,4
GEO_NR03_1792_0480,5
GEO_NR03_1792_0512,5
GEO_NR03_1792_0544,5
GEO_NR03_1792_0576,5
GEO_NR03_1792_0608,5
GEO_NR03_1792_0640,5
GEO_NR03_1792_0704,5
GEO_NR03_1792_0736,5
GEO_NR03_1792_0768,5
GEO_NR03_1792_0800,5
GEO_NR03_1792_0832,5
GEO_NR03_1792_0864,5
GEO_NR03_1792_0896,5
GEO_NR03_1792_0928,5
GEO_NR03_1792_0960,5
GEO_NR03_1792_0992,5
GEO_NR03_1792_1280,4
GEO_NR03_1792_1664,4
GEO_NR03_1792_1696,4
GEO_NR03_1792_1792,4
GEO_NR03_1792_1824,4
GEO_NR03_1792_1856,4
GEO_NR03_1792_1888,4
GEO_NR03_1792_1920,4
GEO_NR03_1792_1952,4
GEO_NR03_1792_1984,4
GEO_NR03_1792_2016,4
GEO_NR03_1792_2112,4
GEO_NR03_1792_2144,4
GEO_NR03_1792_2176,4
GEO_NR03_1792_2208,4
GEO_NR03_1792_2304,4
GEO_NR03_1824_0000,5
GEO_NR03_1824_0032,5
GEO_NR03_1824_0064,5
GEO_NR03_1824_0096,5
GEO_NR03_1824_0128,5
GEO_NR03_1824_0160,5
GEO_NR03_1824_0192,5
GEO_NR03_1824_0224,5
GEO_NR03_1824_0320,4
GEO_NR03_1824_0352,4
GEO_NR03_1824_0480,5
GEO_NR03_1824_0512,5
GEO_NR03_1824_0544,5
GEO_NR03_1824_0576,5
GEO_NR03_1824_0608,5
GEO_NR03_1824_0640,5
GEO_NR03_1824_0672,5
GEO_NR03_1824_0704,5
GEO_NR03_1824_0736,5
GEO_NR03_1824_0768,5
GEO_NR03_1824_0800,5
GEO_NR03_1824_0832,5
GEO_NR03_1824_0864,5
GEO_NR03_1824_0896,5
GEO_NR03_1824_0928,5
GEO_NR03_1824_0960,5
GEO_NR03_1824_1280,4
GEO_NR03_1824_1376,4
GEO_NR03_1824_1504,4
GEO_NR03_1824_1664,4
GEO_NR03_1824_1696,4
GEO_NR03_1824_1824,4
GEO_NR03_1824_1856,4
GEO_NR03_1824_1888,4
GEO_NR03_1824_1920,4
GEO_NR03_1824_1952,4
GEO_NR03_1824_1984,4
GEO_NR03_1824_2016,4
GEO_NR03_1824_2048,4
GEO_NR03_1824_2080,4
GEO_NR03_1824_2112,4
GEO_NR03_1824_2304,4
GEO_NR03_1856_0000,5
GEO_NR03_1856_0032,5
GEO_NR03_1856_0064,5
GEO_NR03_1856_0096,5
GEO_NR03_1856_0128,5
GEO_NR03_1856_0160,5
GEO_NR03_1856_0192,5
GEO_NR03_1856_0224,5
GEO_NR03_1856_0320,4
GEO_NR03_1856_0512,5
GEO_NR03_1856_0544,5
GEO_NR03_1856_0576,5
GEO_NR03_1856_0608,5
GEO_NR03_1856_0640,5
GEO_NR03_1856_0672,5
GEO_NR03_1856_0704,5
GEO_NR03_1856_0736,5
GEO_NR03_1856_0768,5
GEO_NR03_1856_0800,5
GEO_NR03_1856_0832,5
GEO_NR03_1856_0864,5
GEO_NR03_1856_0896,5
GEO_NR03_1856_0928,5
GEO_NR03_1856_0960,5
GEO_NR03_1856_1056,4
GEO_NR03_1856_1152,4
GEO_NR03_1856_1280,4
GEO_NR03_1856_1376,4
GEO_NR03_1856_1664,4
GEO_NR03_1856_1696,4
GEO_NR03_1856_1728,4
GEO_NR03_1856_1856,4
GEO_NR03_1856_1888,4
GEO_NR03_1856_1920,4
GEO_NR03_1856_1952,4
GEO_NR03_1856_2080,4
GEO_NR03_1856_2112,4
GEO_NR03_1856_2272,4
GEO_NR03_1856_2304,4
GEO_NR03_1888_0000,5
GEO_NR03_1888_0032,5
GEO_NR03_1888_0064,5
GEO_NR03_1888_0096,5
GEO_NR03_1888_0128,5
GEO_NR03_1888_0160,5
GEO_NR03_1888_0192,5
GEO_NR03_1888_0224,5
GEO_NR03_1888_0320,4
GEO_NR03_1888_0352,4
GEO_NR03_1888_0544,5
GEO_NR03_1888_0704,5
GEO_NR03_1888_0736,5
GEO_NR03_1888_0768,5
GEO_NR03_1888_0800,5
GEO_NR03_1888_0832,5
GEO_NR03_1888_0864,5
GEO_NR03_1888_0896,5
GEO_NR03_1888_0928,5
GEO_NR03_1888_0960,5
GEO_NR03_1888_1120,4
GEO_NR03_1888_1152,4
GEO_NR03_1888_1280,4
GEO_NR03_1888_1312,4
GEO_NR03_1888_1376,4
GEO_NR03_1888_1408,4
GEO_NR03_1888_1536,4
GEO_NR03_1888_1696,4
GEO_NR03_1888_1728,4
GEO_NR03_1888_1760,4
GEO_NR03_1888_1792,4
GEO_NR03_1888_1824,4
GEO_NR03_1888_1856,4
GEO_NR03_1888_1888,4
GEO_NR03_1888_1920,4
GEO_NR03_1888_1952,4
GEO_NR03_1888_1984,4
GEO_NR03_1888_2144,4
GEO_NR03_1888_2240,4
GEO_NR03_1888_2272,4
GEO_NR03_1888_2304,4
GEO_NR03_1920_0000,5
GEO_NR03_1920_0032,5
GEO_NR03_1920_0064,5
GEO_NR03_1920_0096,5
GEO_NR03_1920_0128,5
GEO_NR03_1920_0160,5
GEO_NR03_1920_0192,5
GEO_NR03_1920_0224,5
GEO_NR03_1920_0416,4
GEO_NR03_1920_0768,5
GEO_NR03_1920_0800,5
GEO_NR03_1920_0832,5
GEO_NR03_1920_0864,5
GEO_NR03_1920_0896,5
GEO_NR03_1920_0928,5
GEO_NR03_1920_0960,5
GEO_NR03_1920_1056,4
GEO_NR03_1920_1088,4
GEO_NR03_1920_1120,4
GEO_NR03_1920_1152,4
GEO_NR03_1920_1216,5
GEO_NR03_1920_1312,4
GEO_NR03_1920_1344,4
GEO_NR03_1920_1376,4
GEO_NR03_1920_1760,4
GEO_NR03_1920_1792,4
GEO_NR03_1920_1984,4
GEO_NR03_1920_2016,4
GEO_NR03_1920_2048,4
GEO_NR03_1920_2176,4
GEO_NR03_1920_2208,4
GEO_NR03_1920_2240,4
GEO_NR03_1920_2272,4
GEO_NR03_1920_2304,4
GEO_NR03_1952_0000,5
GEO_NR03_1952_0032,5
GEO_NR03_1952_0064,5
GEO_NR03_1952_0096,5
GEO_NR03_1952_0128,5
GEO_NR03_1952_0160,5
GEO_NR03_1952_0192,5
GEO_NR03_1952_0224,5
GEO_NR03_1952_0832,5
GEO_NR03_1952_0864,5
GEO_NR03_1952_0896,5
GEO_NR03_1952_0928,5
GEO_NR03_1952_0960,5
GEO_NR03_1952_1024,4
GEO_NR03_1952_1056,4
GEO_NR03_1952_1088,4
GEO_NR03_1952_1120,4
GEO_NR03_1952_1152,4
GEO_NR03_1952_1376,4
GEO_NR03_1952_1568,5
GEO_NR03_1952_1760,4
GEO_NR03_1952_2016,4
GEO_NR03_1952_2048,4
GEO_NR03_1952_2112,4
GEO_NR03_1952_2208,4
GEO_NR03_1952_2240,4
GEO_NR03_1952_2272,4
GEO_NR03_1984_0000,5
GEO_NR03_1984_0032,5
GEO_NR03_1984_0064,5
GEO_NR03_1984_0096,5
GEO_NR03_1984_0128,5
GEO_NR03_1984_0160,5
GEO_NR03_1984_0192,5
GEO_NR03_1984_0320,4
GEO_NR03_1984_0672,4
GEO_NR03_1984_0704,4
GEO_NR03_1984_0736,4
GEO_NR03_1984_0896,5
GEO_NR03_1984_0928,5
GEO_NR03_1984_1024,4
GEO_NR03_1984_1056,4
GEO_NR03_1984_1152,4
GEO_NR03_1984_1184,4
GEO_NR03_1984_1472,5
GEO_NR03_1984_1504,5
GEO_NR03_1984_1760,4
GEO_NR03_1984_1856,0
GEO_NR03_1984_2048,4
GEO_NR03_1984_2080,4
GEO_NR03_1984_2112,4
GEO_NR03_1984_2208,4
GEO_NR03_1984_2240,4
GEO_NR03_1984_2272,4
GEO_NR03_2016_0000,5
GEO_NR03_2016_0032,5
GEO_NR03_2016_0064,5
GEO_NR03_2016_0096,5
GEO_NR03_2016_0128,5
GEO_NR03_2016_0160,5
GEO_NR03_2016_0192,5
GEO_NR03_2016_0576,4
GEO_NR03_2016_0608,4
GEO_NR03_2016_0640,4
GEO_NR03_2016_0672,4
GEO_NR03_2016_0704,4
GEO_NR03_2016_0736,4
GEO_NR03_2016_0896,5
GEO_NR03_2016_1024,4
GEO_NR03_2016_1056,4
GEO_NR03_2016_1152,4
GEO_NR03_2016_1184,4
GEO_NR03_2016_1248,5
GEO_NR03_2016_1472,5
GEO_NR03_2016_1568,4
GEO_NR03_2016_1600,4
GEO_NR03_2016_1632,4
GEO_NR03_2016_1952,4
GEO_NR03_2016_2080,4
GEO_NR03_2016_2112,4
GEO_NR03_2016_2144,4
GEO_NR03_2016_2176,4
GEO_NR03_2048_0000,5
GEO_NR03_2048_0032,5
GEO_NR03_2048_0064,5
GEO_NR03_2048_0096,5
GEO_NR03_2048_0128,5
GEO_NR03_2048_0160,5
GEO_NR03_2048_0192,5
GEO_NR03_2048_0576,4
GEO_NR03_2048_0608,4
GEO_NR03_2048_0640,4
GEO_NR03_2048_0672,4
GEO_NR03_2048_0704,4
GEO_NR03_2048_0736,4
GEO_NR03_2048_0800,4
GEO_NR03_2048_1056,4
GEO_NR03_2048_1088,4
GEO_NR03_2048_1120,4
GEO_NR03_2048_1152,4
GEO_NR03_2048_1184,4
GEO_NR03_2048_1248,5
GEO_NR03_2048_1344,5
GEO_NR03_2048_1440,5
GEO_NR03_2048_1536,4
GEO_NR03_2048_1568,4
GEO_NR03_2048_1600,4
GEO_NR03_2048_1632,4
GEO_NR03_2048_1856,4
GEO_NR03_2048_1888,4
GEO_NR03_2048_1920,4
GEO_NR03_2048_1952,4
GEO_NR03_2048_2144,4
GEO_NR03_2080_0000,5
GEO_NR03_2080_0032,5
GEO_NR03_2080_0064,5
GEO_NR03_2080_0096,5
GEO_NR03_2080_0128,5
GEO_NR03_2080_0160,5
GEO_NR03_2080_0288,4
GEO_NR03_2080_0544,4
GEO_NR03_2080_0576,4
GEO_NR03_2080_0608,4
GEO_NR03_2080_0640,4
GEO_NR03_2080_0672,4
GEO_NR03_2080_0704,4
GEO_NR03_2080_0736,4
GEO_NR03_2080_0768,4
GEO_NR03_2080_0800,4
GEO_NR03_2080_0832,4
GEO_NR03_2080_1056,4
GEO_NR03_2080_1088,4
GEO_NR03_2080_1120,4
GEO_NR03_2080_1152,4
GEO_NR03_2080_1184,4
GEO_NR03_2080_1248,5
GEO_NR03_2080_1344,5
GEO_NR03_2080_1504,4
GEO_NR03_2080_1568,4
GEO_NR03_2080_1600,4
GEO_NR03_2080_1632,4
GEO_NR03_2080_1664,4
GEO_NR03_2080_1856,4
GEO_NR03_2080_1952,4
GEO_NR03_2080_1984,4
GEO_NR03_2112_0000,5
GEO_NR03_2112_0032,5
GEO_NR03_2112_0064,5
GEO_NR03_2112_0096,5
GEO_NR03_2112_0128,5
GEO_NR03_2112_0160,5
GEO_NR03_2112_0288,4
GEO_NR03_2112_0416,4
GEO_NR03_2112_0448,4
GEO_NR03_2112_0480,4
GEO_NR03_2112_0512,4
GEO_NR03_2112_0544,4
GEO_NR03_2112_0576,4
GEO_NR03_2112_0608,4
GEO_NR03_2112_0640,4
GEO_NR03_2112_0672,4
GEO_NR03_2112_0704,4
GEO_NR03_2112_0736,4
GEO_NR03_2112_0768,4
GEO_NR03_2112_0800,4
GEO_NR03_2112_0832,4
GEO_NR03_2112_0864,4
GEO_NR03_2112_0896,4
GEO_NR03_2112_0928,4
GEO_NR03_2112_1056,4
GEO_NR03_2112_1088,4
GEO_NR03_2112_1120,4
GEO_NR03_2112_1152,4
GEO_NR03_2112_1184,4
GEO_NR03_2112_1280,5
GEO_NR03_2112_1312,5
GEO_NR03_2112_1376,4
GEO_NR03_2112_1408,4
GEO_NR03_2112_1504,4
GEO_NR03_2112_1536,4
GEO_NR03_2112_1568,4
GEO_NR03_2112_1600,4
GEO_NR03_2112_1632,4
GEO_NR03_2112_1952,4
GEO_NR03_2112_1984,4
GEO_NR03_2112_2016,4
GEO_NR03_2144_0000,5
GEO_NR03_2144_0032,5
GEO_NR03_2144_0064,5
GEO_NR03_2144_0096,5
GEO_NR03_2144_0128,5
GEO_NR03_2144_0160,5
GEO_NR03_2144_0416,4
GEO_NR03_2144_0448,4
GEO_NR03_2144_0480,4
GEO_NR03_2144_0512,4
GEO_NR03_2144_0544,4
GEO_NR03_2144_0576,4
GEO_NR03_2144_0608,4
GEO_NR03_2144_0640,4
GEO_NR03_2144_0672,4
GEO_NR03_2144_0704,4
GEO_NR03_2144_0736,4
GEO_NR03_2144_0864,4
GEO_NR03_2144_0896,4
GEO_NR03_2144_0928,4
GEO_NR03_2144_0960,4
GEO_NR03_2144_1024,4
GEO_NR03_2144_1056,4
GEO_NR03_2144_1088,4
GEO_NR03_2144_1216,4
GEO_NR03_2144_1376,4
GEO_NR03_2144_1408,4
GEO_NR03_2144_1472,4
GEO_NR03_2144_1504,4
GEO_NR03_2144_1536,4
GEO_NR03_2144_1568,4
GEO_NR03_2144_1600,4
GEO_NR03_2144_1632,4
GEO_NR03_2144_1760,4
GEO_NR03_2144_1792,4
GEO_NR03_2144_1888,4
GEO_NR03_2144_1984,4
GEO_NR03_2144_2016,4
GEO_NR03_2144_2048,4
GEO_NR03_2144_2080,4
GEO_NR03_2144_2112,4
GEO_NR03_2144_2336,4
GEO_NR03_2176_0000,5
GEO_NR03_2176_0032,5
GEO_NR03_2176_0064,5
GEO_NR03_2176_0096,5
GEO_NR03_2176_0416,4
GEO_NR03_2176_0480,4
GEO_NR03_2176_0512,4
GEO_NR03_2176_0544,4
GEO_NR03_2176_0576,4
GEO_NR03_2176_0608,4
GEO_NR03_2176_0640,4
GEO_NR03_2176_0672,4
GEO_NR03_2176_0704,4
GEO_NR03_2176_0736,4
GEO_NR03_2176_0768,4
GEO_NR03_2176_0896,4
GEO_NR03_2176_0928,4
GEO_NR03_2176_0960,4
GEO_NR03_2176_1056,4
GEO_NR03_2176_1088,4
GEO_NR03_2176_1216,4
GEO_NR03_2176_1248,4
GEO_NR03_2176_1408,4
GEO_NR03_2176_1440,4
GEO_NR03_2176_1472,4
GEO_NR03_2176_1504,4
GEO_NR03_2176_1536,4
GEO_NR03_2176_1568,4
GEO_NR03_2176_1600,4
GEO_NR03_2176_1632,4
GEO_NR03_2176_1664,4
GEO_NR03_2176_1696,4
GEO_NR03_2176_1728,4
GEO_NR03_2176_1760,4
GEO_NR03_2176_1792,4
GEO_NR03_2176_1888,4
GEO_NR03_2176_2016,4
GEO_NR03_2176_2048,4
GEO_NR03_2176_2080,4
GEO_NR03_2176_2112,4
GEO_NR03_2176_2144,4
GEO_NR03_2176_2336,4
GEO_NR03_2208_0000,5
GEO_NR03_2208_0032,5
GEO_NR03_2208_0064,5
GEO_NR03_2208_0384,4
GEO_NR03_2208_0512,4
GEO_NR03_2208_0544,4
GEO_NR03_2208_0576,4
GEO_NR03_2208_0608,4
GEO_NR03_2208_0640,4
GEO_NR03_2208_0672,4
GEO_NR03_2208_0704,4
GEO_NR03_2208_0736,4
GEO_NR03_2208_0768,4
GEO_NR03_2208_0800,4
GEO_NR03_2208_0832,4
GEO_NR03_2208_0864,4
GEO_NR03_2208_0896,4
GEO_NR03_2208_0928,4
GEO_NR03_2208_0960,4
GEO_NR03_2208_0992,4
GEO_NR03_2208_1024,4
GEO_NR03_2208_1056,4
GEO_NR03_2208_1184,4
GEO_NR03_2208_1216,4
GEO_NR03_2208_1248,4
GEO_NR03_2208_1408,4
GEO_NR03_2208_1440,4
GEO_NR03_2208_1504,4
GEO_NR03_2208_1536,4
GEO_NR03_2208_1568,4
GEO_NR03_2208_1600,4
GEO_NR03_2208_1632,4
GEO_NR03_2208_1664,4
GEO_NR03_2208_1696,4
GEO_NR03_2208_1728,4
GEO_NR03_2208_1760,4
GEO_NR03_2208_1792,4
GEO_NR03_2208_1824,4
GEO_NR03_2208_1856,4
GEO_NR03_2208_1888,4
GEO_NR03_2208_1920,4
GEO_NR03_2208_1952,4
GEO_NR03_2208_2016,4
GEO_NR03_2208_2048,4
GEO_NR03_2208_2112,4
GEO_NR03_2208_2144,4
GEO_NR03_2240_0000,5
GEO_NR03_2240_0032,5
GEO_NR03_2240_0064,5
GEO_NR03_2240_0352,4
GEO_NR03_2240_0384,4
GEO_NR03_2240_0480,4
GEO_NR03_2240_0512,4
GEO_NR03_2240_0544,4
GEO_NR03_2240_0576,4
GEO_NR03_2240_0608,4
GEO_NR03_2240_0640,4
GEO_NR03_2240_0672,4
GEO_NR03_2240_0704,4
GEO_NR03_2240_0736,4
GEO_NR03_2240_0768,4
GEO_NR03_2240_0800,4
GEO_NR03_2240_0832,4
GEO_NR03_2240_0864,4
GEO_NR03_2240_0896,4
GEO_NR03_2240_0928,4
GEO_NR03_2240_0960,4
GEO_NR03_2240_0992,4
GEO_NR03_2240_1184,4
GEO_NR03_2240_1216,4
GEO_NR03_2240_1248,4
GEO_NR03_2240_1440,4
GEO_NR03_2240_1536,4
GEO_NR03_2240_1568,4
GEO_NR03_2240_1600,4
GEO_NR03_2240_1632,4
GEO_NR03_2240_1664,4
GEO_NR03_2240_1696,4
GEO_NR03_2240_1728,4
GEO_NR03_2240_1792,4
GEO_NR03_2240_1824,4
GEO_NR03_2240_1856,4
GEO_NR03_2240_1888,4
GEO_NR03_2240_1920,4
GEO_NR03_2240_2016,4
GEO_NR03_2240_2112,4
GEO_NR03_2240_2144,4
GEO_NR03_2240_2176,4
GEO_NR03_2240_2208,4
GEO_NR03_2240_2240,4
GEO_NR03_2272_0000,5
GEO_NR03_2272_0032,5
GEO_NR03_2272_0064,5
GEO_NR03_2272_0352,4
GEO_NR03_2272_0384,4
GEO_NR03_2272_0416,4
GEO_NR03_2272_0480,4
GEO_NR03_2272_0512,4
GEO_NR03_2272_0544,4
GEO_NR03_2272_0576,4
GEO_NR03_2272_0608,4
GEO_NR03_2272_0640,4
GEO_NR03_2272_0672,4
GEO_NR03_2272_0704,4
GEO_NR03_2272_0736,4
GEO_NR03_2272_0832,4
GEO_NR03_2272_0864,4
GEO_NR03_2272_0896,4
GEO_NR03_2272_0928,4
GEO_NR03_2272_0960,4
GEO_NR03_2272_0992,4
GEO_NR03_2272_1088,0
GEO_NR03_2272_1184,4
GEO_NR03_2272_1216,4
GEO_NR03_2272_1248,4
GEO_NR03_2272_1440,4
GEO_NR03_2272_1536,4
GEO_NR03_2272_1568,4
GEO_NR03_2272_1600,4
GEO_NR03_2272_1664,4
GEO_NR03_2272_1696,4
GEO_NR03_2272_1728,4
GEO_NR03_2272_1792,4
GEO_NR03_2272_1824,4
GEO_NR03_2272_1856,4
GEO_NR03_2272_2112,4
GEO_NR03_2272_2144,4
GEO_NR03_2272_2176,4
GEO_NR03_2272_2208,4
GEO_NR03_2272_2240,4
GEO_NR03_2272_2272,4
GEO_NR03_2304_0000,5
GEO_NR03_2304_0032,5
GEO_NR03_2304_0256,4
GEO_NR03_2304_0352,4
GEO_NR03_2304_0640,4
GEO_NR03_2304_0672,4
GEO_NR03_2304_0704,4
GEO_NR03_2304_0736,4
GEO_NR03_2304_0800,4
GEO_NR03_2304_0832,4
GEO_NR03_2304_0896,4
GEO_NR03_2304_1216,4
GEO_NR03_2304_1248,4
GEO_NR03_2304_1312,4
GEO_NR03_2304_1344,4
GEO_NR03_2304_1472,4
GEO_NR03_2304_1536,4
GEO_NR03_2304_1568,4
GEO_NR03_2304_1600,4
GEO_NR03_2304_1664,4
GEO_NR03_2304_1696,4
GEO_NR03_2304_1728,4
GEO_NR03_2304_1760,4
GEO_NR03_2304_1792,4
GEO_NR03_2304_2112,4
GEO_NR03_2304_2144,4
GEO_NR03_2304_2176,4
GEO_NR03_2304_2208,4
GEO_NR03_2304_2240,4
GEO_NR03_2304_2272,4
GEO_NR03_2304_2304,4
GEO_NR03_2336_0000,5
GEO_NR03_2336_0032,5
GEO_NR03_2336_0064,5
GEO_NR03_2336_0224,4
GEO_NR03_2336_0256,4
GEO_NR03_2336_0288,4
GEO_NR03_2336_0640,4
GEO_NR03_2336_0672,4
GEO_NR03_2336_0704,4
GEO_NR03_2336_0736,4
GEO_NR03_2336_0768,4
GEO_NR03_2336_0800,4
GEO_NR03_2336_0832,4
GEO_NR03_2336_0896,4
GEO_NR03_2336_0928,4
GEO_NR03_2336_0960,4
GEO_NR03_2336_0992,4
GEO_NR03_2336_1024,4
GEO_NR03_2336_1056,4
GEO_NR03_2336_1152,4
GEO_NR03_2336_1184,4
GEO_NR03_2336_1216,4
GEO_NR03_2336_1312,4
GEO_NR03_2336_1344,4
GEO_NR03_2336_1376,4
GEO_NR03_2336_1536,4
GEO_NR03_2336_1568,4
GEO_NR03_2336_1600,4
GEO_NR03_2336_1632,4
GEO_NR03_2336_1664,4
GEO_NR03_2336_1696,4
GEO_NR03_2336_1728,4
GEO_NR03_2336_1760,4
GEO_NR03_2336_1792,4
GEO_NR03_2336_2080,4
GEO_NR03_2336_2112,4
GEO_NR03_2336_2144,4
GEO_NR03_2336_2176,4
GEO_NR03_2336_2208,4
GEO_NR03_2336_2240,4
GEO_NR03_2336_2272,4
GEO_NR03_2336_2304,4
GEO_NR05_0000_0928,0
GEO_NR05_0000_2144,1
GEO_NR05_0000_2176,1
GEO_NR05_0000_2208,1
GEO_NR05_0000_2336,0
GEO_NR05_0032_0128,2
GEO_NR05_0032_0800,0
GEO_NR05_0032_0832,0
GEO_NR05_0032_0864,0
GEO_NR05_0032_0896,0
GEO_NR05_0032_0928,0
GEO_NR05_0032_0960,0
GEO_NR05_0032_1632,0
GEO_NR05_0032_1664,0
GEO_NR05_0032_1760,0
GEO_NR05_0032_2144,1
GEO_NR05_0032_2176,1
GEO_NR05_0032_2368,0
GEO_NR05_0064_0064,2
GEO_NR05_0064_0128,2
GEO_NR05_0064_0800,0
GEO_NR05_0064_0832,0
GEO_NR05_0064_0864,0
GEO_NR05_0064_0896,0
GEO_NR05_0064_0928,0
GEO_NR05_0064_0960,0
GEO_NR05_0064_1248,0
GEO_NR05_0064_1696,0
GEO_NR05_0064_1728,0
GEO_NR05_0064_1760,0
GEO_NR05_0064_1792,0
GEO_NR05_0064_1920,1
GEO_NR05_0064_2048,1
GEO_NR05_0064_2080,1
GEO_NR05_0064_2112,1
GEO_NR05_0064_2144,1
GEO_NR05_0064_2240,0
GEO_NR05_0064_2368,0
GEO_NR05_0096_0864,0
GEO_NR05_0096_0896,0
GEO_NR05_0096_0928,0
GEO_NR05_0096_0960,0
GEO_NR05_0096_1024,0
GEO_NR05_0096_1056,0
GEO_NR05_0096_1248,0
GEO_NR05_0096_1952,1
GEO_NR05_0096_1984,1
GEO_NR05_0096_2016,1
GEO_NR05_0096_2048,1
GEO_NR05_0096_2080,1
GEO_NR05_0096_2112,1
GEO_NR05_0096_2208,0
GEO_NR05_0096_2240,0
GEO_NR05_0096_2368,0
GEO_NR05_0128_0000,2
GEO_NR05_0128_0128,2
GEO_NR05_0128_1248,0
GEO_NR05_0128_1984,1
GEO_NR05_0128_2016,1
GEO_NR05_0128_2176,0
GEO_NR05_0128_2208,0
GEO_NR05_0128_2336,0
GEO_NR05_0128_2368,0
GEO_NR05_0160_0000,2
GEO_NR05_0160_0096,2
GEO_NR05_0160_0128,2
GEO_NR05_0160_0736,2
GEO_NR05_0160_0800,2
GEO_NR05_0160_0832,2
GEO_NR05_0160_1888,1
GEO_NR05_0160_1984,1
GEO_NR05_0160_2016,1
GEO_NR05_0160_2048,1
GEO_NR05_0160_2144,0
GEO_NR05_0160_2176,0
GEO_NR05_0160_2208,0
GEO_NR05_0160_2240,0
GEO_NR05_0160_2336,0
GEO_NR05_0160_2368,0
GEO_NR05_0192_0000,2
GEO_NR05_0192_0064,2
GEO_NR05_0192_0096,2
GEO_NR05_0192_0128,2
GEO_NR05_0192_0160,2
GEO_NR05_0192_0704,2
GEO_NR05_0192_0736,2
GEO_NR05_0192_0768,2
GEO_NR05_0192_0864,2
GEO_NR05_0192_1984,1
GEO_NR05_0192_2144,0
GEO_NR05_0192_2176,0
GEO_NR05_0192_2208,0
GEO_NR05_0192_2240,0
GEO_NR05_0192_2272,0
GEO_NR05_0192_2304,0
GEO_NR05_0192_2336,0
GEO_NR05_0192_2368,0
GEO_NR05_0224_0000,2
GEO_NR05_0224_0032,2
GEO_NR05_0224_0064,2
GEO_NR05_0224_0096,2
GEO_NR05_0224_0128,2
GEO_NR05_0224_0160,2
GEO_NR05_0224_0736,2
GEO_NR05_0224_0768,2
GEO_NR05_0224_0864,2
GEO_NR05_0224_0896,2
GEO_NR05_0224_2272,0
GEO_NR05_0224_2304,0
GEO_NR05_0224_2336,0
GEO_NR05_0224_2368,0
GEO_NR05_0256_0000,2
GEO_NR05_0256_0032,2
GEO_NR05_0256_0064,2
GEO_NR05_0256_0096,2
GEO_NR05_0256_0128,2
GEO_NR05_0256_0160,2
GEO_NR05_0256_0192,2
GEO_NR05_0256_0224,2
GEO_NR05_0256_0736,2
GEO_NR05_0256_0768,2
GEO_NR05_0256_0800,2
GEO_NR05_0256_0832,2
GEO_NR05_0256_0864,2
GEO_NR05_0256_0896,2
GEO_NR05_0256_2240,0
GEO_NR05_0256_2272,0
GEO_NR05_0256_2304,0
GEO_NR05_0256_2336,0
GEO_NR05_0288_0000,2
GEO_NR05_0288_0032,2
GEO_NR05_0288_0064,2
GEO_NR05_0288_0096,2
GEO_NR05_0288_0160,2
GEO_NR05_0288_0192,2
GEO_NR05_0288_0224,2
GEO_NR05_0288_0256,2
GEO_NR05_0288_0800,2
GEO_NR05_0288_0864,2
GEO_NR05_0288_0896,2
GEO_NR05_0288_0928,2
GEO_NR05_0288_0960,2
GEO_NR05_0288_2144,0
GEO_NR05_0288_2176,0
GEO_NR05_0288_2208,0
GEO_NR05_0288_2240,0
GEO_NR05_0288_2272,0
GEO_NR05_0320_0000,2
GEO_NR05_0320_0032,2
GEO_NR05_0320_0064,2
GEO_NR05_0320_0096,2
GEO_NR05_0320_0128,2
GEO_NR05_0320_0160,2
GEO_NR05_0320_0192,2
GEO_NR05_0320_0224,2
GEO_NR05_0320_0896,2
GEO_NR05_0320_0928,2
GEO_NR05_0320_0960,2
GEO_NR05_0320_1088,2
GEO_NR05_0320_1120,2
GEO_NR05_0320_2144,0
GEO_NR05_0320_2176,0
GEO_NR05_0320_2208,0
GEO_NR05_0320_2240,0
GEO_NR05_0320_2272,0
GEO_NR05_0352_0000,2
GEO_NR05_0352_0032,2
GEO_NR05_0352_0064,2
GEO_NR05_0352_0096,2
GEO_NR05_0352_0128,2
GEO_NR05_0352_0160,2
GEO_NR05_0352_0192,2
GEO_NR05_0352_0224,2
GEO_NR05_0352_0960,2
GEO_NR05_0352_1088,2
GEO_NR05_0352_1120,2
GEO_NR05_0352_2208,0
GEO_NR05_0352_2240,0
GEO_NR05_0352_2304,0
GEO_NR05_0352_2336,0
GEO_NR05_0352_2368,0
GEO_NR05_0384_0000,2
GEO_NR05_0384_0032,2
GEO_NR05_0384_0064,2
GEO_NR05_0384_0096,2
GEO_NR05_0384_0128,2
GEO_NR05_0384_0160,2
GEO_NR05_0384_0192,2
GEO_NR05_0384_0224,2
GEO_NR05_0384_0960,2
GEO_NR05_0384_1120,2
GEO_NR05_0384_1152,2
GEO_NR05_0384_1184,2
GEO_NR05_0384_2112,0
GEO_NR05_0384_2272,0
GEO_NR05_0384_2304,0
GEO_NR05_0384_2336,0
GEO_NR05_0384_2368,0
GEO_NR05_0416_0000,2
GEO_NR05_0416_0032,2
GEO_NR05_0416_0064,2
GEO_NR05_0416_0096,2
GEO_NR05_0416_0128,2
GEO_NR05_0416_0160,2
GEO_NR05_0416_0192,2
GEO_NR05_0416_0224,2
GEO_NR05_0416_0256,2
GEO_NR05_0416_1120,2
GEO_NR05_0416_1152,2
GEO_NR05_0416_1184,2
GEO_NR05_0416_1216,2
GEO_NR05_0416_1248,2
GEO_NR05_0416_1664,2
GEO_NR05_0416_2080,0
GEO_NR05_0416_2112,0
GEO_NR05_0416_2144,0
GEO_NR05_0416_2176,0
GEO_NR05_0416_2272,0
GEO_NR05_0416_2304,0
GEO_NR05_0416_2336,0
GEO_NR05_0416_2368,0
GEO_NR05_0448_0000,2
GEO_NR05_0448_0032,2
GEO_NR05_0448_0064,2
GEO_NR05_0448_0192,2
GEO_NR05_0448_0224,2
GEO_NR05_0448_0256,2
GEO_NR05_0448_1120,2
GEO_NR05_0448_1184,2
GEO_NR05_0448_1216,2
GEO_NR05_0448_1248,2
GEO_NR05_0448_1280,2
GEO_NR05_0448_1312,2
GEO_NR05_0448_1344,2
GEO_NR05_0448_1664,2
GEO_NR05_0448_2112,0
GEO_NR05_0448_2144,0
GEO_NR05_0448_2176,0
GEO_NR05_0448_2208,0
GEO_NR05_0448_2240,0
GEO_NR05_0448_2272,0
GEO_NR05_0448_2304,0
GEO_NR05_0448_2336,0
GEO_NR05_0448_2368,0
GEO_NR05_0480_0192,2
GEO_NR05_0480_0224,2
GEO_NR05_0480_0256,2
GEO_NR05_0480_0288,2
GEO_NR05_0480_1120,2
GEO_NR05_0480_1152,2
GEO_NR05_0480_1184,2
GEO_NR05_0480_1216,2
GEO_NR05_0480_1248,2
GEO_NR05_0480_1280,2
GEO_NR05_0480_1312,2
GEO_NR05_0480_1344,2
GEO_NR05_0480_1376,2
GEO_NR05_0480_1632,2
GEO_NR05_0480_1664,2
GEO_NR05_0480_1984,1
GEO_NR05_0480_2112,0
GEO_NR05_0480_2144,0
GEO_NR05_0480_2176,0
GEO_NR05_0480_2272,0
GEO_NR05_0480_2304,0
GEO_NR05_0480_2336,0
GEO_NR05_0480_2368,0
GEO_NR05_0512_0224,2
GEO_NR05_0512_0256,2
GEO_NR05_0512_0288,2
GEO_NR05_0512_0768,0
GEO_NR05_0512_0800,0
GEO_NR05_0512_0832,0
GEO_NR05_0512_1184,2
GEO_NR05_0512_1280,2
GEO_NR05_0512_1312,2
GEO_NR05_0512_1568,2
GEO_NR05_0512_1600,2
GEO_NR05_0512_1632,2
GEO_NR05_0512_1664,2
GEO_NR05_0512_1984,1
GEO_NR05_0512_2080,0
GEO_NR05_0512_2112,0
GEO_NR05_0512_2144,0
GEO_NR05_0512_2176,0
GEO_NR05_0512_2272,0
GEO_NR05_0512_2304,0
GEO_NR05_0512_2336,0
GEO_NR05_0512_2368,0
GEO_NR05_0544_0256,2
GEO_NR05_0544_0288,2
GEO_NR05_0544_0320,2
GEO_NR05_0544_0672,0
GEO_NR05_0544_0704,0
GEO_NR05_0544_0768,0
GEO_NR05_0544_0800,0
GEO_NR05_0544_1312,2
GEO_NR05_0544_1504,2
GEO_NR05_0544_1568,2
GEO_NR05_0544_1600,2
GEO_NR05_0544_1632,2
GEO_NR05_0544_1664,2
GEO_NR05_0544_1696,2
GEO_NR05_0544_1760,2
GEO_NR05_0544_2080,0
GEO_NR05_0544_2112,0
GEO_NR05_0544_2144,0
GEO_NR05_0544_2240,0
GEO_NR05_0544_2272,0
GEO_NR05_0544_2304,0
GEO_NR05_0544_2336,0
GEO_NR05_0544_2368,0
GEO_NR05_0576_0224,2
GEO_NR05_0576_0256,2
GEO_NR05_0576_0288,2
GEO_NR05_0576_0352,2
GEO_NR05_0576_0704,0
GEO_NR05_0576_0736,0
GEO_NR05_0576_1312,2
GEO_NR05_0576_1344,2
GEO_NR05_0576_1376,2
GEO_NR05_0576_1408,2
GEO_NR05_0576_1440,2
GEO_NR05_0576_2048,0
GEO_NR05_0576_2080,0
GEO_NR05_0576_2144,0
GEO_NR05_0576_2208,0
GEO_NR05_0576_2240,0
GEO_NR05_0576_2272,0
GEO_NR05_0576_2304,0
GEO_NR05_0576_2336,0
GEO_NR05_0576_2368,0
GEO_NR05_0608_0096,2
GEO_NR05_0608_0128,2
GEO_NR05_0608_0160,2
GEO_NR05_0608_0192,2
GEO_NR05_0608_0224,2
GEO_NR05_0608_0256,2
GEO_NR05_0608_0288,2
GEO_NR05_0608_0320,2
GEO_NR05_0608_0352,2
GEO_NR05_0608_0384,2
GEO_NR05_0608_0736,0
GEO_NR05_0608_0768,0
GEO_NR05_0608_1216,2
GEO_NR05_0608_1248,2
GEO_NR05_0608_1344,2
GEO_NR05_0608_1376,2
GEO_NR05_0608_1408,2
GEO_NR05_0608_1440,2
GEO_NR05_0608_1696,2
GEO_NR05_0608_1728,2
GEO_NR05_0608_1952,2
GEO_NR05_0608_2048,0
GEO_NR05_0608_2080,0
GEO_NR05_0608_2176,0
GEO_NR05_0608_2208,0
GEO_NR05_0608_2304,0
GEO_NR05_0608_2336,0
GEO_NR05_0608_2368,0
GEO_NR05_0640_0096,2
GEO_NR05_0640_0128,2
GEO_NR05_0640_0160,2
GEO_NR05_0640_0192,2
GEO_NR05_0640_0256,2
GEO_NR05_0640_0288,2
GEO_NR05_0640_0384,2
GEO_NR05_0640_0416,2
GEO_NR05_0640_0768,0
GEO_NR05_0640_0800,0
GEO_NR05_0640_1216,2
GEO_NR05_0640_1248,2
GEO_NR05_0640_1376,2
GEO_NR05_0640_1408,2
GEO_NR05_0640_1440,2
GEO_NR05_0640_1696,2
GEO_NR05_0640_1728,2
GEO_NR05_0640_1760,2
GEO_NR05_0640_1952,2
GEO_NR05_0640_2080,0
GEO_NR05_0640_2336,0
GEO_NR05_0640_2368,0
GEO_NR05_0672_0000,2
GEO_NR05_0672_0032,2
GEO_NR05_0672_0064,2
GEO_NR05_0672_0096,2
GEO_NR05_0672_0416,2
GEO_NR05_0672_1120,2
GEO_NR05_0672_1248,2
GEO_NR05_0672_1280,2
GEO_NR05_0672_1312,2
GEO_NR05_0672_1344,2
GEO_NR05_0672_1376,2
GEO_NR05_0672_1408,2
GEO_NR05_0672_1440,2
GEO_NR05_0672_1536,2
GEO_NR05_0672_1568,2
GEO_NR05_0672_1600,2
GEO_NR05_0672_1696,2
GEO_NR05_0672_1728,2
GEO_NR05_0672_1760,2
GEO_NR05_0672_1792,2
GEO_NR05_0672_2016,0
GEO_NR05_0672_2048,0
GEO_NR05_0672_2080,0
GEO_NR05_0672_2112,0
GEO_NR05_0704_0000,2
GEO_NR05_0704_0032,2
GEO_NR05_0704_0064,2
GEO_NR05_0704_0096,2
GEO_NR05_0704_0448,2
GEO_NR05_0704_0480,2
GEO_NR05_0704_0544,2
GEO_NR05_0704_1312,2
GEO_NR05_0704_1344,2
GEO_NR05_0704_1376,2
GEO_NR05_0704_1408,2
GEO_NR05_0704_1440,2
GEO_NR05_0704_1504,2
GEO_NR05_0704_1536,2
GEO_NR05_0704_1568,2
GEO_NR05_0704_1600,2
GEO_NR05_0704_1632,2
GEO_NR05_0704_2048,0
GEO_NR05_0704_2080,0
GEO_NR05_0736_0096,2
GEO_NR05_0736_0128,2
GEO_NR05_0736_0160,2
GEO_NR05_0736_0448,2
GEO_NR05_0736_0480,2
GEO_NR05_0736_0512,2
GEO_NR05_0736_0544,2
GEO_NR05_0736_0576,2
GEO_NR05_0736_0608,2
GEO_NR05_0736_0640,2
GEO_NR05_0736_0672,2
GEO_NR05_0736_0704,2
GEO_NR05_0736_0736,2
GEO_NR05_0736_0768,2
GEO_NR05_0736_1152,2
GEO_NR05_0736_1344,2
GEO_NR05_0736_1376,2
GEO_NR05_0736_1408,2
GEO_NR05_0736_1440,2
GEO_NR05_0736_1472,2
GEO_NR05_0736_1600,2
GEO_NR05_0736_1632,2
GEO_NR05_0768_0448,2
GEO_NR05_0768_0480,2
GEO_NR05_0768_0512,2
GEO_NR05_0768_0544,2
GEO_NR05_0768_0576,2
GEO_NR05_0768_0608,2
GEO_NR05_0768_0640,2
GEO_NR05_0768_0672,2
GEO_NR05_0768_0704,2
GEO_NR05_0768_0736,2
GEO_NR05_0768_0768,2
GEO_NR05_0768_0800,2
GEO_NR05_0768_1088,2
GEO_NR05_0768_1120,2
GEO_NR05_0768_1344,2
GEO_NR05_0768_1376,2
GEO_NR05_0768_1408,2
GEO_NR05_0768_1440,2
GEO_NR05_0768_1472,2
GEO_NR05_0768_2048,0
GEO_NR05_0768_2080,0
GEO_NR05_0768_2112,0
GEO_NR05_0768_2304,0
GEO_NR05_0800_0448,2
GEO_NR05_0800_0480,2
GEO_NR05_0800_0512,2
GEO_NR05_0800_0544,2
GEO_NR05_0800_0576,2
GEO_NR05_0800_0608,2
GEO_NR05_0800_0640,2
GEO_NR05_0800_0672,2
GEO_NR05_0800_0704,2
GEO_NR05_0800_0736,2
GEO_NR05_0800_0768,2
GEO_NR05_0800_0800,2
GEO_NR05_0800_0832,2
GEO_NR05_0800_0864,2
GEO_NR05_0800_0896,2
GEO_NR05_0800_0928,2
GEO_NR05_0800_0960,2
GEO_NR05_0800_0992,2
GEO_NR05_0800_1024,2
GEO_NR05_0800_1056,2
GEO_NR05_0800_1088,2
GEO_NR05_0800_1120,2
GEO_NR05_0800_1376,2
GEO_NR05_0800_1408,2
GEO_NR05_0800_1440,2
GEO_NR05_0800_1472,2
GEO_NR05_0800_1632,2
GEO_NR05_0800_2048,0
GEO_NR05_0800_2080,0
GEO_NR05_0800_2112,0
GEO_NR05_0800_2144,0
GEO_NR05_0832_0448,2
GEO_NR05_0832_0480,2
GEO_NR05_0832_0512,2
GEO_NR05_0832_0544,2
GEO_NR05_0832_0576,2
GEO_NR05_0832_0608,2
GEO_NR05_0832_0640,2
GEO_NR05_0832_0672,2
GEO_NR05_0832_0704,2
GEO_NR05_0832_0736,2
GEO_NR05_0832_0768,2
GEO_NR05_0832_0800,2
GEO_NR05_0832_0832,2
GEO_NR05_0832_0896,2
GEO_NR05_0832_0928,2
GEO_NR05_0832_0960,2
GEO_NR05_0832_0992,2
GEO_NR05_0832_1088,2
GEO_NR05_0832_1120,2
GEO_NR05_0832_1408,2
GEO_NR05_0832_1440,2
GEO_NR05_0832_1472,2
GEO_NR05_0832_1504,2
GEO_NR05_0832_1824,2
GEO_NR05_0864_0448,2
GEO_NR05_0864_0480,2
GEO_NR05_0864_0512,2
GEO_NR05_0864_0544,2
GEO_NR05_0864_0576,2
GEO_NR05_0864_0608,2
GEO_NR05_0864_0640,2
GEO_NR05_0864_0672,2
GEO_NR05_0864_0704,2
GEO_NR05_0864_0736,2
GEO_NR05_0864_0768,2
GEO_NR05_0864_0800,2
GEO_NR05_0864_1088,2
GEO_NR05_0864_1120,2
GEO_NR05_0864_1792,2
GEO_NR05_0864_1824,2
GEO_NR05_0896_0480,2
GEO_NR05_0896_0512,2
GEO_NR05_0896_0544,2
GEO_NR05_0896_0576,2
GEO_NR05_0896_0608,2
GEO_NR05_0896_0640,2
GEO_NR05_0896_0672,2
GEO_NR05_0896_0704,2
GEO_NR05_0896_0736,2
GEO_NR05_0896_1056,2
GEO_NR05_0896_1792,2
GEO_NR05_0928_0512,2
GEO_NR05_0928_0544,2
GEO_NR05_0928_0672,2
GEO_NR05_0928_0704,2
GEO_NR05_0928_1536,0
GEO_NR05_0928_1760,2
GEO_NR05_0928_1792,2
GEO_NR05_0960_0512,2
GEO_NR05_0960_0544,2
GEO_NR05_0960_0672,2
GEO_NR05_0960_1344,0
GEO_NR05_0960_1760,2
GEO_NR05_0960_1792,2
GEO_NR05_0960_1824,2
GEO_NR05_0992_0544,2
GEO_NR05_0992_0576,2
GEO_NR05_0992_0608,2
GEO_NR05_0992_0640,2
GEO_NR05_0992_0672,2
GEO_NR05_0992_1280,2
GEO_NR05_0992_1344,0
GEO_NR05_1024_0576,2
GEO_NR05_1024_0608,2
GEO_NR05_1024_0640,2
GEO_NR05_1024_0672,2
GEO_NR05_1024_0704,2
GEO_NR05_1024_0736,2
GEO_NR05_1024_0768,2
GEO_NR05_1024_0800,2
GEO_NR05_1024_0832,2
GEO_NR05_1024_1376,0
GEO_NR05_1024_2048,0
GEO_NR05_1024_2080,0
GEO_NR05_1056_0608,2
GEO_NR05_1056_0640,2
GEO_NR05_1056_0672,2
GEO_NR05_1056_0736,2
GEO_NR05_1056_0768,2
GEO_NR05_1056_0800,2
GEO_NR05_1056_0832,2
GEO_NR05_1056_1440,0
GEO_NR05_1056_2016,0
GEO_NR05_1056_2048,0
GEO_NR05_1056_2080,0
GEO_NR05_1088_0640,2
GEO_NR05_1088_0736,2
GEO_NR05_1088_0768,2
GEO_NR05_1088_0800,2
GEO_NR05_1088_0832,2
GEO_NR05_1120_0704,2
GEO_NR05_1120_0736,2
GEO_NR05_1120_0768,2
GEO_NR05_1120_0832,2
GEO_NR05_1120_2144,0
GEO_NR05_1152_0672,2
GEO_NR05_1152_0704,2
GEO_NR05_1152_0736,2
GEO_NR05_1184_0672,2
GEO_NR05_1184_0704,2
GEO_NR05_1184_0736,2
GEO_NR05_1184_1184,2
GEO_NR05_1216_0640,2
GEO_NR05_1216_0672,2
GEO_NR05_1216_0704,2
GEO_NR05_1216_0832,2
GEO_NR05_1216_1152,2
GEO_NR05_1216_1184,2
GEO_NR05_1216_1824,2
GEO_NR05_1248_0672,2
GEO_NR05_1248_0704,2
GEO_NR05_1248_0800,2
GEO_NR05_1248_0832,2
GEO_NR05_1248_1888,2
GEO_NR05_1248_1920,2
GEO_NR05_1248_1952,2
GEO_NR05_1280_1248,0
GEO_NR05_1280_1280,0
GEO_NR05_1280_1856,2
GEO_NR05_1280_1888,2
GEO_NR05_1280_1920,2
GEO_NR05_1280_1952,2
GEO_NR05_1312_1248,0
GEO_NR05_1312_1280,0
GEO_NR05_1312_1312,0
GEO_NR05_1312_1856,2
GEO_NR05_1312_1888,2
GEO_NR05_1312_1920,2
GEO_NR05_1312_1952,2
GEO_NR05_1344_1216,0
GEO_NR05_1344_1248,0
GEO_NR05_1344_1280,0
GEO_NR05_1344_1312,0
GEO_NR05_1344_1856,2
GEO_NR05_1344_1888,2
GEO_NR05_1344_1920,2
GEO_NR05_1344_1952,2
GEO_NR05_1376_1216,0
GEO_NR05_1376_1248,0
GEO_NR05_1376_1280,0
GEO_NR05_1376_1312,0
GEO_NR05_1376_1344,0
GEO_NR05_1376_1888,2
GEO_NR05_1376_1920,2
GEO_NR05_1408_1248,0
GEO_NR05_1408_1280,0
GEO_NR05_1408_1312,0
GEO_NR05_1408_1344,0
GEO_NR05_1408_1504,2
GEO_NR05_1408_1888,2
GEO_NR05_1408_1920,2
GEO_NR05_1440_0000,0
GEO_NR05_1440_0032,0
GEO_NR05_1440_0064,0
GEO_NR05_1440_1280,0
GEO_NR05_1440_1312,0
GEO_NR05_1440_1344,0
GEO_NR05_1440_1376,0
GEO_NR05_1440_1536,2
GEO_NR05_1440_1888,2
GEO_NR05_1472_0032,0
GEO_NR05_1472_0064,0
GEO_NR05_1472_1312,0
GEO_NR05_1472_1344,0
GEO_NR05_1472_1888,2
GEO_NR05_1472_2048,2
GEO_NR05_1504_0096,0
GEO_NR05_1504_1344,0
GEO_NR05_1504_1984,2
GEO_NR05_1504_2016,2
GEO_NR05_1504_2048,2
GEO_NR05_1536_1152,0
GEO_NR05_1536_1184,0
GEO_NR05_1536_1216,0
GEO_NR05_1536_1984,2
GEO_NR05_1536_2016,2
GEO_NR05_1536_2048,2
GEO_NR05_1536_2176,2
GEO_NR05_1536_2208,2
GEO_NR05_1568_0544,2
GEO_NR05_1568_1216,0
GEO_NR05_1568_1248,0
GEO_NR05_1568_1280,0
GEO_NR05_1568_1312,0
GEO_NR05_1568_1760,2
GEO_NR05_1568_1792,2
GEO_NR05_1568_1984,2
GEO_NR05_1568_2144,2
GEO_NR05_1568_2176,2
GEO_NR05_1600_0512,2
GEO_NR05_1600_0544,2
GEO_NR05_1600_0576,2
GEO_NR05_1600_0768,0
GEO_NR05_1600_1248,0
GEO_NR05_1600_1280,0
GEO_NR05_1600_1312,0
GEO_NR05_1600_1344,0
GEO_NR05_1600_1408,0
GEO_NR05_1600_1792,2
GEO_NR05_1600_1824,2
GEO_NR05_1600_2144,2
GEO_NR05_1600_2176,2
GEO_NR05_1632_0352,2
GEO_NR05_1632_0480,2
GEO_NR05_1632_0512,2
GEO_NR05_1632_0544,2
GEO_NR05_1632_0576,2
GEO_NR05_1632_0608,2
GEO_NR05_1632_0640,2
GEO_NR05_1632_1248,0
GEO_NR05_1632_1312,0
GEO_NR05_1632_1344,0
GEO_NR05_1632_1792,2
GEO_NR05_1632_1824,2
GEO_NR05_1632_1856,2
GEO_NR05_1632_1888,2
GEO_NR05_1632_1952,2
GEO_NR05_1664_0192,2
GEO_NR05_1664_0224,2
GEO_NR05_1664_0480,2
GEO_NR05_1664_1120,0
GEO_NR05_1664_1152,0
GEO_NR05_1664_1824,2
GEO_NR05_1664_1856,2
GEO_NR05_1664_1888,2
GEO_NR05_1664_1920,2
GEO_NR05_1664_1952,2
GEO_NR05_1696_0192,2
GEO_NR05_1696_0224,2
GEO_NR05_1696_0256,2
GEO_NR05_1696_1056,0
GEO_NR05_1696_1088,0
GEO_NR05_1696_1120,0
GEO_NR05_1696_1792,2
GEO_NR05_1696_1824,2
GEO_NR05_1696_1856,2
GEO_NR05_1696_1888,2
GEO_NR05_1696_1920,2
GEO_NR05_1696_1952,2
GEO_NR05_1696_2240,2
GEO_NR05_1728_0448,0
GEO_NR05_1728_1760,2
GEO_NR05_1728_1792,2
GEO_NR05_1728_1824,2
GEO_NR05_1728_1856,2
GEO_NR05_1728_1888,2
GEO_NR05_1728_1920,2
GEO_NR05_1728_2240,2
GEO_NR05_1728_2272,2
GEO_NR05_1760_0352,0
GEO_NR05_1760_0384,0
GEO_NR05_1760_0416,0
GEO_NR05_1760_0448,0
GEO_NR05_1760_0512,0
GEO_NR05_1760_0544,0
GEO_NR05_1760_1728,2
GEO_NR05_1760_1760,2
GEO_NR05_1760_1792,2
GEO_NR05_1760_1824,2
GEO_NR05_1760_1856,2
GEO_NR05_1760_1888,2
GEO_NR05_1760_1920,2
GEO_NR05_1760_1952,2
GEO_NR05_1760_2048,2
GEO_NR05_1760_2080,2
GEO_NR05_1760_2240,2
GEO_NR05_1760_2272,2
GEO_NR05_1792_0320,0
GEO_NR05_1792_0352,0
GEO_NR05_1792_0384,0
GEO_NR05_1792_0704,0
GEO_NR05_1792_1728,2
GEO_NR05_1792_1792,2
GEO_NR05_1792_1824,2
GEO_NR05_1792_1856,2
GEO_NR05_1792_1888,2
GEO_NR05_1792_1952,2
GEO_NR05_1792_1984,2
GEO_NR05_1792_2016,2
GEO_NR05_1792_2048,2
GEO_NR05_1824_0736,0
GEO_NR05_1824_0768,0
GEO_NR05_1824_1376,2
GEO_NR05_1824_1792,2
GEO_NR05_1824_1824,2
GEO_NR05_1824_1856,2
GEO_NR05_1824_1984,2
GEO_NR05_1824_2016,2
GEO_NR05_1824_2048,2
GEO_NR05_1856_0640,2
GEO_NR05_1856_1856,2
GEO_NR05_1856_1888,2
GEO_NR05_1856_2016,2
GEO_NR05_1856_2048,2
GEO_NR05_1888_2016,2
GEO_NR05_1888_2048,2
GEO_NR05_1888_2240,2
GEO_NR05_1888_2272,2
GEO_NR05_1888_2304,2
GEO_NR05_1888_2336,2
GEO_NR05_1920_0064,0
GEO_NR05_1920_0096,0
GEO_NR05_1920_0576,2
GEO_NR05_1920_2016,2
GEO_NR05_1920_2048,2
GEO_NR05_1920_2176,2
GEO_NR05_1920_2208,2
GEO_NR05_1920_2240,2
GEO_NR05_1952_0032,0
GEO_NR05_1952_0064,0
GEO_NR05_1952_0096,0
GEO_NR05_1952_0128,0
GEO_NR05_1952_2144,2
GEO_NR05_1952_2176,2
GEO_NR05_1952_2208,2
GEO_NR05_1952_2240,2
GEO_NR05_1952_2336,2
GEO_NR05_1984_0032,0
GEO_NR05_1984_0064,0
GEO_NR05_1984_0096,0
GEO_NR05_1984_0128,0
GEO_NR05_1984_0384,2
GEO_NR05_1984_0416,2
GEO_NR05_1984_2176,2
GEO_NR05_1984_2208,2
GEO_NR05_1984_2240,2
GEO_NR05_1984_2272,2
GEO_NR05_1984_2304,2
GEO_NR05_1984_2336,2
GEO_NR05_1984_2368,2
GEO_NR05_2016_0032,0
GEO_NR05_2016_0064,0
GEO_NR05_2016_0096,0
GEO_NR05_2016_0128,0
GEO_NR05_2016_0384,2
GEO_NR05_2016_0416,2
GEO_NR05_2016_2112,2
GEO_NR05_2016_2144,2
GEO_NR05_2016_2176,2
GEO_NR05_2016_2208,2
GEO_NR05_2016_2240,2
GEO_NR05_2016_2272,2
GEO_NR05_2016_2304,2
GEO_NR05_2016_2336,2
GEO_NR05_2016_2368,2
GEO_NR05_2048_0032,0
GEO_NR05_2048_0064,0
GEO_NR05_2048_0096,0
GEO_NR05_2048_0768,2
GEO_NR05_2048_2080,2
GEO_NR05_2048_2112,2
GEO_NR05_2048_2144,2
GEO_NR05_2048_2176,2
GEO_NR05_2048_2208,2
GEO_NR05_2048_2240,2
GEO_NR05_2048_2272,2
GEO_NR05_2048_2304,2
GEO_NR05_2048_2336,2
GEO_NR05_2048_2368,2
GEO_NR05_2080_1248,0
GEO_NR05_2080_2016,2
GEO_NR05_2080_2048,2
GEO_NR05_2080_2080,2
GEO_NR05_2080_2112,2
GEO_NR05_2080_2144,2
GEO_NR05_2080_2176,2
GEO_NR05_2080_2208,2
GEO_NR05_2080_2272,2
GEO_NR05_2080_2304,2
GEO_NR05_2080_2336,2
GEO_NR05_2080_2368,2
GEO_NR05_2112_1984,2
GEO_NR05_2112_2016,2
GEO_NR05_2112_2048,2
GEO_NR05_2112_2080,2
GEO_NR05_2112_2112,2
GEO_NR05_2112_2144,2
GEO_NR05_2112_2272,2
GEO_NR05_2112_2304,2
GEO_NR05_2112_2368,2
GEO_NR05_2144_1984,2
GEO_NR05_2144_2080,2
GEO_NR05_2144_2112,2
GEO_NR05_2144_2144,2
GEO_NR05_2144_2368,2
GEO_NR05_2176_1056,0
GEO_NR05_2176_1440,2
GEO_NR05_2176_1472,2
GEO_NR05_2176_1504,2
GEO_NR05_2176_2112,2
GEO_NR05_2176_2144,2
GEO_NR05_2176_2368,2
GEO_NR05_2208_1792,2
GEO_NR05_2208_1920,2
GEO_NR05_2208_1952,2
GEO_NR05_2208_2144,2
GEO_NR05_2208_2176,2
GEO_NR05_2240_1792,2
GEO_NR05_2240_1824,2
GEO_NR05_2240_1920,2
GEO_NR05_2240_1984,2
GEO_NR05_2240_2080,2
GEO_NR05_2240_2144,2
GEO_NR05_2240_2176,2
GEO_NR05_2240_2208,2
GEO_NR05_2272_1824,2
GEO_NR05_2272_1856,2
GEO_NR05_2272_1888,2
GEO_NR05_2272_1920,2
GEO_NR05_2272_2080,2
GEO_NR05_2272_2144,2
GEO_NR05_2272_2176,2
GEO_NR05_2304_1856,2
GEO_NR05_2304_1888,2
GEO_NR05_2304_2080,2
GEO_NR05_2304_2112,2
GEO_NR05_2304_2144,2
GEO_NR05_2304_2176,2
GEO_NR05_2336_0928,2
GEO_NR05_2336_1568,2
GEO_NR05_2336_2080,2
GEO_NR05_2336_2112,2
GEO_NR05_2336_2144,2
GEO_NR05_2336_2176,2
GEO_NR05_2336_2208,2
GEO_NR05_2368_0864,2
GEO_NR05_2368_0896,2
GEO_NR05_2368_0928,2
GEO_NR05_2368_0960,2
GEO_NR05_2368_1536,2
GEO_NR05_2368_1568,2
GEO_NR05_2368_1600,2
GEO_NR05_2368_1888,2
GEO_NR05_2368_2048,2
GEO_NR05_2368_2080,2
GEO_NR05_2368_2112,2
GEO_NR05_2368_2176,2
GEO_NR05_2368_2208,2
GEO_NR05_2368_2368,2
GEO_NR06_0000_0000,0
GEO_NR06_0000_0032,0
GEO_NR06_0000_0064,0
GEO_NR06_0000_0096,0
GEO_NR06_0000_0128,0
GEO_NR06_0000_0224,0
GEO_NR06_0000_0256,0
GEO_NR06_0000_0544,0
GEO_NR06_0000_0576,0
GEO_NR06_0000_0608,0
GEO_NR06_0000_0640,0
GEO_NR06_0000_0672,0
GEO_NR06_0000_0704,0
GEO_NR06_0000_0736,0
GEO_NR06_0000_0768,0
GEO_NR06_0000_0800,0
GEO_NR06_0000_0832,0
GEO_NR06_0000_0864,0
GEO_NR06_0000_0896,0
GEO_NR06_0000_0928,0
GEO_NR06_0000_0960,0
GEO_NR06_0000_0992,0
GEO_NR06_0000_1024,0
GEO_NR06_0000_1056,0
GEO_NR06_0000_1088,0
GEO_NR06_0000_1120,0
GEO_NR06_0000_1152,0
GEO_NR06_0000_1184,0
GEO_NR06_0000_1216,0
GEO_NR06_0000_1248,0
GEO_NR06_0000_1280,0
GEO_NR06_0000_1312,0
GEO_NR06_0000_1344,0
GEO_NR06_0000_1376,0
GEO_NR06_0000_1408,0
GEO_NR06_0000_1472,0
GEO_NR06_0000_1504,0
GEO_NR06_0000_1536,0
GEO_NR06_0000_1568,0
GEO_NR06_0000_1600,0
GEO_NR06_0000_1664,0
GEO_NR06_0032_0000,0
GEO_NR06_0032_0032,0
GEO_NR06_0032_0064,0
GEO_NR06_0032_0096,0
GEO_NR06_0032_0128,0
GEO_NR06_0032_0160,0
GEO_NR06_0032_0192,0
GEO_NR06_0032_0224,0
GEO_NR06_0032_0256,0
GEO_NR06_0032_0288,0
GEO_NR06_0032_0576,0
GEO_NR06_0032_0608,0
GEO_NR06_0032_0640,0
GEO_NR06_0032_0672,0
GEO_NR06_0032_0704,0
GEO_NR06_0032_0736,0
GEO_NR06_0032_0768,0
GEO_NR06_0032_0800,0
GEO_NR06_0032_0832,0
GEO_NR06_0032_0864,0
GEO_NR06_0032_0896,0
GEO_NR06_0032_0928,0
GEO_NR06_0032_0960,0
GEO_NR06_0032_0992,0
GEO_NR06_0032_1024,0
GEO_NR06_0032_1056,0
GEO_NR06_0032_1088,0
GEO_NR06_0032_1120,0
GEO_NR06_0032_1152,0
GEO_NR06_0032_1184,0
GEO_NR06_0032_1312,0
GEO_NR06_0032_1344,0
GEO_NR06_0032_1376,0
GEO_NR06_0032_1408,0
GEO_NR06_0032_1504,0
GEO_NR06_0032_1536,0
GEO_NR06_0032_1568,0
GEO_NR06_0032_1600,0
GEO_NR06_0032_1632,0
GEO_NR06_0032_1664,0
GEO_NR06_0064_0000,0
GEO_NR06_0064_0032,0
GEO_NR06_0064_0064,0
GEO_NR06_0064_0096,0
GEO_NR06_0064_0128,0
GEO_NR06_0064_0160,0
GEO_NR06_0064_0192,0
GEO_NR06_0064_0224,0
GEO_NR06_0064_0256,0
GEO_NR06_0064_0288,0
GEO_NR06_0064_0576,0
GEO_NR06_0064_0608,0
GEO_NR06_0064_0640,0
GEO_NR06_0064_0672,0
GEO_NR06_0064_0704,0
GEO_NR06_0064_0736,0
GEO_NR06_0064_0768,0
GEO_NR06_0064_0800,0
GEO_NR06_0064_0832,0
GEO_NR06_0064_0864,0
GEO_NR06_0064_0896,0
GEO_NR06_0064_0928,0
GEO_NR06_0064_0960,0
GEO_NR06_0064_0992,0
GEO_NR06_0064_1024,0
GEO_NR06_0064_1056,0
GEO_NR06_0064_1088,0
GEO_NR06_0064_1152,0
GEO_NR06_0064_1184,0
GEO_NR06_0064_1216,0
GEO_NR06_0064_1312,0
GEO_NR06_0064_1344,0
GEO_NR06_0064_1376,0
GEO_NR06_0064_1408,0
GEO_NR06_0064_1440,0
GEO_NR06_0064_1504,0
GEO_NR06_0096_0000,0
GEO_NR06_0096_0032,0
GEO_NR06_0096_0064,0
GEO_NR06_0096_0096,0
GEO_NR06_0096_0128,0
GEO_NR06_0096_0160,0
GEO_NR06_0096_0192,0
GEO_NR06_0096_0224,0
GEO_NR06_0096_0256,0
GEO_NR06_0096_0288,0
GEO_NR06_0096_0320,0
GEO_NR06_0096_0352,0
GEO_NR06_0096_0384,0
GEO_NR06_0096_0416,0
GEO_NR06_0096_0448,0
GEO_NR06_0096_0576,0
GEO_NR06_0096_0608,0
GEO_NR06_0096_0640,0
GEO_NR06_0096_0672,0
GEO_NR06_0096_0704,0
GEO_NR06_0096_0736,0
GEO_NR06_0096_0768,0
GEO_NR06_0096_0800,0
GEO_NR06_0096_0832,0
GEO_NR06_0096_0864,0
GEO_NR06_0096_0896,0
GEO_NR06_0096_0928,0
GEO_NR06_0096_0960,0
GEO_NR06_0096_0992,0
GEO_NR06_0096_1024,0
GEO_NR06_0096_1056,0
GEO_NR06_0096_1088,0
GEO_NR06_0096_1152,0
GEO_NR06_0096_1184,0
GEO_NR06_0096_1216,0
GEO_NR06_0096_1248,0
GEO_NR06_0096_1280,0
GEO_NR06_0096_1312,0
GEO_NR06_0096_1408,0
GEO_NR06_0096_1440,0
GEO_NR06_0096_1472,0
GEO_NR06_0096_1504,0
GEO_NR06_0128_0000,0
GEO_NR06_0128_0032,0
GEO_NR06_0128_0064,0
GEO_NR06_0128_0096,0
GEO_NR06_0128_0128,0
GEO_NR06_0128_0160,0
GEO_NR06_0128_0192,0
GEO_NR06_0128_0224,0
GEO_NR06_0128_0256,0
GEO_NR06_0128_0288,0
GEO_NR06_0128_0320,0
GEO_NR06_0128_0352,0
GEO_NR06_0128_0384,0
GEO_NR06_0128_0416,0
GEO_NR06_0128_0448,0
GEO_NR06_0128_0480,0
GEO_NR06_0128_0512,0
GEO_NR06_0128_0544,0
GEO_NR06_0128_0576,0
GEO_NR06_0128_0608,0
GEO_NR06_0128_0640,0
GEO_NR06_0128_0672,0
GEO_NR06_0128_0704,0
GEO_NR06_0128_0736,0
GEO_NR06_0128_0768,0
GEO_NR06_0128_0800,0
GEO_NR06_0128_0832,0
GEO_NR06_0128_0864,0
GEO_NR06_0128_0896,0
GEO_NR06_0128_0928,0
GEO_NR06_0128_0960,0
GEO_NR06_0128_0992,0
GEO_NR06_0128_1024,0
GEO_NR06_0128_1056,0
GEO_NR06_0128_1088,0
GEO_NR06_0128_1120,0
GEO_NR06_0128_1152,0
GEO_NR06_0128_1184,0
GEO_NR06_0128_1216,0
GEO_NR06_0128_1248,0
GEO_NR06_0128_1280,0
GEO_NR06_0128_1312,0
GEO_NR06_0128_1344,0
GEO_NR06_0128_1376,0
GEO_NR06_0128_1408,0
GEO_NR06_0128_1440,0
GEO_NR06_0128_1472,0
GEO_NR06_0160_0000,0
GEO_NR06_0160_0032,0
GEO_NR06_0160_0064,0
GEO_NR06_0160_0096,0
GEO_NR06_0160_0192,0
GEO_NR06_0160_0224,0
GEO_NR06_0160_0256,0
GEO_NR06_0160_0288,0
GEO_NR06_0160_0320,0
GEO_NR06_0160_0352,0
GEO_NR06_0160_0384,0
GEO_NR06_0160_0416,0
GEO_NR06_0160_0448,0
GEO_NR06_0160_0480,0
GEO_NR06_0160_0512,0
GEO_NR06_0160_0544,0
GEO_NR06_0160_0576,0
GEO_NR06_0160_0608,0
GEO_NR06_0160_0640,0
GEO_NR06_0160_0672,0
GEO_NR06_0160_0704,0
GEO_NR06_0160_0736,0
GEO_NR06_0160_0768,0
GEO_NR06_0160_0800,0
GEO_NR06_0160_0832,0
GEO_NR06_0160_0864,0
GEO_NR06_0160_0896,0
GEO_NR06_0160_0928,0
GEO_NR06_0160_0960,0
GEO_NR06_0160_0992,0
GEO_NR06_0160_1024,0
GEO_NR06_0160_1056,0
GEO_NR06_0160_1088,0
GEO_NR06_0160_1120,0
GEO_NR06_0160_1152,0
GEO_NR06_0160_1184,0
GEO_NR06_0160_1216,0
GEO_NR06_0160_1248,0
GEO_NR06_0160_1280,0
GEO_NR06_0160_1312,0
GEO_NR06_0160_1344,0
GEO_NR06_0160_1376,0
GEO_NR06_0160_1408,0
GEO_NR06_0160_1440,0
GEO_NR06_0160_1472,0
GEO_NR06_0192_0064,0
GEO_NR06_0192_0192,0
GEO_NR06_0192_0224,0
GEO_NR06_0192_0256,0
GEO_NR06_0192_0288,0
GEO_NR06_0192_0320,0
GEO_NR06_0192_0352,0
GEO_NR06_0192_0384,0
GEO_NR06_0192_0416,0
GEO_NR06_0192_0448,0
GEO_NR06_0192_0480,0
GEO_NR06_0192_0512,0
GEO_NR06_0192_0544,0
GEO_NR06_0192_0576,0
GEO_NR06_0192_0608,0
GEO_NR06_0192_0640,0
GEO_NR06_0192_0672,0
GEO_NR06_0192_0704,0
GEO_NR06_0192_0736,0
GEO_NR06_0192_0768,0
GEO_NR06_0192_0800,0
GEO_NR06_0192_0832,0
GEO_NR06_0192_0864,0
GEO_NR06_0192_0896,0
GEO_NR06_0192_0928,0
GEO_NR06_0192_0960,0
GEO_NR06_0192_0992,0
GEO_NR06_0192_1024,0
GEO_NR06_0192_1056,0
GEO_NR06_0192_1088,0
GEO_NR06_0192_1120,0
GEO_NR06_0192_1152,0
GEO_NR06_0192_1184,0
GEO_NR06_0192_1216,0
GEO_NR06_0192_1248,0
GEO_NR06_0192_1280,0
GEO_NR06_0192_1312,0
GEO_NR06_0192_1344,0
GEO_NR06_0192_1376,0
GEO_NR06_0192_1408,0
GEO_NR06_0192_1440,0
GEO_NR06_0192_1472,0
GEO_NR06_0224_0192,0
GEO_NR06_0224_0224,0
GEO_NR06_0224_0256,0
GEO_NR06_0224_0288,0
GEO_NR06_0224_0320,0
GEO_NR06_0224_0352,0
GEO_NR06_0224_0384,0
GEO_NR06_0224_0416,0
GEO_NR06_0224_0448,0
GEO_NR06_0224_0480,0
GEO_NR06_0224_0512,0
GEO_NR06_0224_0544,0
GEO_NR06_0224_0576,0
GEO_NR06_0224_0608,0
GEO_NR06_0224_0640,0
GEO_NR06_0224_0672,0
GEO_NR06_0224_0704,0
GEO_NR06_0224_0736,0
GEO_NR06_0224_0768,0
GEO_NR06_0224_0800,0
GEO_NR06_0224_0832,0
GEO_NR06_0224_0864,0
GEO_NR06_0224_0896,0
GEO_NR06_0224_0928,0
GEO_NR06_0224_0960,0
GEO_NR06_0224_0992,0
GEO_NR06_0224_1024,0
GEO_NR06_0224_1056,0
GEO_NR06_0224_1088,0
GEO_NR06_0224_1120,0
GEO_NR06_0224_1152,0
GEO_NR06_0224_1184,0
GEO_NR06_0224_1216,0
GEO_NR06_0224_1248,0
GEO_NR06_0224_1280,0
GEO_NR06_0224_1312,0
GEO_NR06_0224_1344,0
GEO_NR06_0224_1376,0
GEO_NR06_0256_0128,0
GEO_NR06_0256_0160,0
GEO_NR06_0256_0192,0
GEO_NR06_0256_0224,0
GEO_NR06_0256_0256,0
GEO_NR06_0256_0288,0
GEO_NR06_0256_0320,0
GEO_NR06_0256_0352,0
GEO_NR06_0256_0384,0
GEO_NR06_0256_0416,0
GEO_NR06_0256_0448,0
GEO_NR06_0256_0480,0
GEO_NR06_0256_0512,0
GEO_NR06_0256_0544,0
GEO_NR06_0256_0576,0
GEO_NR06_0256_0608,0
GEO_NR06_0256_0640,0
GEO_NR06_0256_0672,0
GEO_NR06_0256_0704,0
GEO_NR06_0256_0736,0
GEO_NR06_0256_0768,0
GEO_NR06_0256_0800,0
GEO_NR06_0256_0832,0
GEO_NR06_0256_0864,0
GEO_NR06_0256_0896,0
GEO_NR06_0256_0928,0
GEO_NR06_0256_0960,0
GEO_NR06_0256_0992,0
GEO_NR06_0256_1024,0
GEO_NR06_0256_1056,0
GEO_NR06_0256_1088,0
GEO_NR06_0256_1120,0
GEO_NR06_0256_1152,0
GEO_NR06_0256_1184,0
GEO_NR06_0256_1216,0
GEO_NR06_0256_1248,0
GEO_NR06_0256_1280,0
GEO_NR06_0256_1312,0
GEO_NR06_0256_1344,0
GEO_NR06_0256_1376,0
GEO_NR06_0288_0096,0
GEO_NR06_0288_0128,0
GEO_NR06_0288_0160,0
GEO_NR06_0288_0192,0
GEO_NR06_0288_0224,0
GEO_NR06_0288_0256,0
GEO_NR06_0288_0288,0
GEO_NR06_0288_0320,0
GEO_NR06_0288_0352,0
GEO_NR06_0288_0384,0
GEO_NR06_0288_0416,0
GEO_NR06_0288_0448,0
GEO_NR06_0288_0480,0
GEO_NR06_0288_0544,0
GEO_NR06_0288_0576,0
GEO_NR06_0288_0608,0
GEO_NR06_0288_0640,0
GEO_NR06_0288_0672,0
GEO_NR06_0288_0736,0
GEO_NR06_0288_0768,0
GEO_NR06_0288_0800,0
GEO_NR06_0288_0832,0
GEO_NR06_0288_0864,0
GEO_NR06_0288_0896,0
GEO_NR06_0288_0928,0
GEO_NR06_0288_0960,0
GEO_NR06_0288_0992,0
GEO_NR06_0288_1024,0
GEO_NR06_0288_1056,0
GEO_NR06_0288_1088,0
GEO_NR06_0288_1120,0
GEO_NR06_0288_1152,0
GEO_NR06_0288_1184,0
GEO_NR06_0288_1216,0
GEO_NR06_0288_1248,0
GEO_NR06_0288_1280,0
GEO_NR06_0288_1344,0
GEO_NR06_0288_1376,0
GEO_NR06_0288_1568,0
GEO_NR06_0320_0096,0
GEO_NR06_0320_0128,0
GEO_NR06_0320_0160,0
GEO_NR06_0320_0192,0
GEO_NR06_0320_0224,0
GEO_NR06_0320_0256,0
GEO_NR06_0320_0288,0
GEO_NR06_0320_0320,0
GEO_NR06_0320_0352,0
GEO_NR06_0320_0384,0
GEO_NR06_0320_0416,0
GEO_NR06_0320_0448,0
GEO_NR06_0320_0480,0
GEO_NR06_0320_0512,0
GEO_NR06_0320_0544,0
GEO_NR06_0320_0576,0
GEO_NR06_0320_0608,0
GEO_NR06_0320_0640,0
GEO_NR06_0320_0672,0
GEO_NR06_0320_0704,0
GEO_NR06_0320_0736,0
GEO_NR06_0320_0768,0
GEO_NR06_0320_0800,0
GEO_NR06_0320_0832,0
GEO_NR06_0320_0864,0
GEO_NR06_0320_0896,0
GEO_NR06_0320_0928,0
GEO_NR06_0320_0960,0
GEO_NR06_0320_0992,0
GEO_NR06_0320_1024,0
GEO_NR06_0320_1056,0
GEO_NR06_0320_1088,0
GEO_NR06_0320_1120,0
GEO_NR06_0320_1152,0
GEO_NR06_0320_1184,0
GEO_NR06_0320_1216,0
GEO_NR06_0320_1248,0
GEO_NR06_0320_1280,0
GEO_NR06_0320_1312,0
GEO_NR06_0320_1440,0
GEO_NR06_0320_1536,0
GEO_NR06_0320_1568,0
GEO_NR06_0352_0064,0
GEO_NR06_0352_0096,0
GEO_NR06_0352_0128,0
GEO_NR06_0352_0160,0
GEO_NR06_0352_0192,0
GEO_NR06_0352_0224,0
GEO_NR06_0352_0256,0
GEO_NR06_0352_0288,0
GEO_NR06_0352_0320,0
GEO_NR06_0352_0352,0
GEO_NR06_0352_0384,0
GEO_NR06_0352_0416,0
GEO_NR06_0352_0448,0
GEO_NR06_0352_0480,0
GEO_NR06_0352_0512,0
GEO_NR06_0352_0544,0
GEO_NR06_0352_0576,0
GEO_NR06_0352_0608,0
GEO_NR06_0352_0640,0
GEO_NR06_0352_0672,0
GEO_NR06_0352_0704,0
GEO_NR06_0352_0736,0
GEO_NR06_0352_0768,0
GEO_NR06_0352_0800,0
GEO_NR06_0352_0832,0
GEO_NR06_0352_0864,0
GEO_NR06_0352_0896,0
GEO_NR06_0352_0928,0
GEO_NR06_0352_0960,0
GEO_NR06_0352_0992,0
GEO_NR06_0352_1024,0
GEO_NR06_0352_1056,0
GEO_NR06_0352_1088,0
GEO_NR06_0352_1120,0
GEO_NR06_0352_1152,0
GEO_NR06_0352_1184,0
GEO_NR06_0352_1248,0
GEO_NR06_0352_1312,0
GEO_NR06_0352_1344,0
GEO_NR06_0352_1408,0
GEO_NR06_0352_1440,0
GEO_NR06_0352_1568,0
GEO_NR06_0384_0000,0
GEO_NR06_0384_0032,0
GEO_NR06_0384_0064,0
GEO_NR06_0384_0096,0
GEO_NR06_0384_0128,0
GEO_NR06_0384_0160,0
GEO_NR06_0384_0192,0
GEO_NR06_0384_0224,0
GEO_NR06_0384_0256,0
GEO_NR06_0384_0384,0
GEO_NR06_0384_0416,0
GEO_NR06_0384_0448,0
GEO_NR06_0384_0480,0
GEO_NR06_0384_0512,0
GEO_NR06_0384_0544,0
GEO_NR06_0384_0576,0
GEO_NR06_0384_0608,0
GEO_NR06_0384_0640,0
GEO_NR06_0384_0672,0
GEO_NR06_0384_0704,0
GEO_NR06_0384_0736,0
GEO_NR06_0384_0768,0
GEO_NR06_0384_0800,0
GEO_NR06_0384_0832,0
GEO_NR06_0384_0864,0
GEO_NR06_0384_0896,0
GEO_NR06_0384_0928,0
GEO_NR06_0384_0960,0
GEO_NR06_0384_0992,0
GEO_NR06_0384_1024,0
GEO_NR06_0384_1056,0
GEO_NR06_0384_1088,0
GEO_NR06_0384_1120,0
GEO_NR06_0384_1152,0
GEO_NR06_0384_1280,0
GEO_NR06_0384_1312,0
GEO_NR06_0384_1344,0
GEO_NR06_0384_1376,0
GEO_NR06_0384_1408,0
GEO_NR06_0384_1440,0
GEO_NR06_0384_1568,0
GEO_NR06_0416_0000,0
GEO_NR06_0416_0032,0
GEO_NR06_0416_0064,0
GEO_NR06_0416_0096,0
GEO_NR06_0416_0128,0
GEO_NR06_0416_0160,0
GEO_NR06_0416_0416,0
GEO_NR06_0416_0448,0
GEO_NR06_0416_0480,0
GEO_NR06_0416_0576,0
GEO_NR06_0416_0608,0
GEO_NR06_0416_0640,0
GEO_NR06_0416_0672,0
GEO_NR06_0416_0704,0
GEO_NR06_0416_0736,0
GEO_NR06_0416_0768,0
GEO_NR06_0416_0800,0
GEO_NR06_0416_0832,0
GEO_NR06_0416_0864,0
GEO_NR06_0416_0896,0
GEO_NR06_0416_0928,0
GEO_NR06_0416_0960,0
GEO_NR06_0416_0992,0
GEO_NR06_0416_1024,0
GEO_NR06_0416_1056,0
GEO_NR06_0416_1088,0
GEO_NR06_0416_1120,0
GEO_NR06_0416_1152,0
GEO_NR06_0416_1248,0
GEO_NR06_0416_1280,0
GEO_NR06_0416_1312,0
GEO_NR06_0416_1344,0
GEO_NR06_0416_1376,0
GEO_NR06_0416_1408,0
GEO_NR06_0416_1440,0
GEO_NR06_0448_0000,0
GEO_NR06_0448_0032,0
GEO_NR06_0448_0064,0
GEO_NR06_0448_0096,0
GEO_NR06_0448_0416,0
GEO_NR06_0448_0448,0
GEO_NR06_0448_0480,0
GEO_NR06_0448_0576,0
GEO_NR06_0448_0608,0
GEO_NR06_0448_0640,0
GEO_NR06_0448_0672,0
GEO_NR06_0448_0704,0
GEO_NR06_0448_0736,0
GEO_NR06_0448_0768,0
GEO_NR06_0448_0800,0
GEO_NR06_0448_0832,0
GEO_NR06_0448_0864,0
GEO_NR06_0448_0896,0
GEO_NR06_0448_0928,0
GEO_NR06_0448_0960,0
GEO_NR06_0448_0992,0
GEO_NR06_0448_1024,0
GEO_NR06_0448_1056,0
GEO_NR06_0448_1088,0
GEO_NR06_0448_1216,0
GEO_NR06_0448_1248,0
GEO_NR06_0448_1280,0
GEO_NR06_0448_1312,0
GEO_NR06_0448_1344,0
GEO_NR06_0448_1376,0
GEO_NR06_0448_1408,0
GEO_NR06_0448_1440,0
GEO_NR06_0448_1472,0
GEO_NR06_0448_1504,0
GEO_NR06_0448_1536,0
GEO_NR06_0480_0000,0
GEO_NR06_0480_0032,0
GEO_NR06_0480_0064,0
GEO_NR06_0480_0096,0
GEO_NR06_0480_0192,0
GEO_NR06_0480_0320,0
GEO_NR06_0480_0352,0
GEO_NR06_0480_0384,0
GEO_NR06_0480_0416,0
GEO_NR06_0480_0448,0
GEO_NR06_0480_0480,0
GEO_NR06_0480_0512,0
GEO_NR06_0480_0544,0
GEO_NR06_0480_0576,0
GEO_NR06_0480_0608,0
GEO_NR06_0480_0640,0
GEO_NR06_0480_0672,0
GEO_NR06_0480_0704,0
GEO_NR06_0480_0736,0
GEO_NR06_0480_0768,0
GEO_NR06_0480_0800,0
GEO_NR06_0480_0832,0
GEO_NR06_0480_0864,0
GEO_NR06_0480_0896,0
GEO_NR06_0480_0928,0
GEO_NR06_0480_0960,0
GEO_NR06_0480_0992,0
GEO_NR06_0480_1024,0
GEO_NR06_0480_1056,0
GEO_NR06_0480_1088,0
GEO_NR06_0480_1184,0
GEO_NR06_0480_1216,0
GEO_NR06_0480_1248,0
GEO_NR06_0480_1280,0
GEO_NR06_0480_1312,0
GEO_NR06_0480_1344,0
GEO_NR06_0480_1376,0
GEO_NR06_0480_1408,0
GEO_NR06_0480_1440,0
GEO_NR06_0480_1472,0
GEO_NR06_0480_1504,0
GEO_NR06_0480_1536,0
GEO_NR06_0512_0000,0
GEO_NR06_0512_0032,0
GEO_NR06_0512_0064,0
GEO_NR06_0512_0096,0
GEO_NR06_0512_0192,0
GEO_NR06_0512_0224,0
GEO_NR06_0512_0320,0
GEO_NR06_0512_0352,0
GEO_NR06_0512_0384,0
GEO_NR06_0512_0416,0
GEO_NR06_0512_0448,0
GEO_NR06_0512_0480,0
GEO_NR06_0512_0512,0
GEO_NR06_0512_0544,0
GEO_NR06_0512_0576,0
GEO_NR06_0512_0608,0
GEO_NR06_0512_0640,0
GEO_NR06_0512_0672,0
GEO_NR06_0512_0704,0
GEO_NR06_0512_0736,0
GEO_NR06_0512_0768,0
GEO_NR06_0512_0800,0
GEO_NR06_0512_0832,0
GEO_NR06_0512_0864,0
GEO_NR06_0512_0896,0
GEO_NR06_0512_0928,0
GEO_NR06_0512_0960,0
GEO_NR06_0512_0992,0
GEO_NR06_0512_1024,0
GEO_NR06_0512_1056,0
GEO_NR06_0512_1088,0
GEO_NR06_0512_1120,0
GEO_NR06_0512_1152,0
GEO_NR06_0512_1184,0
GEO_NR06_0512_1216,0
GEO_NR06_0512_1312,0
GEO_NR06_0512_1344,0
GEO_NR06_0512_1376,0
GEO_NR06_0512_1408,0
GEO_NR06_0512_1440,0
GEO_NR06_0512_1472,0
GEO_NR06_0512_1504,0
GEO_NR06_0544_0000,0
GEO_NR06_0544_0032,0
GEO_NR06_0544_0064,0
GEO_NR06_0544_0096,0
GEO_NR06_0544_0128,0
GEO_NR06_0544_0160,0
GEO_NR06_0544_0192,0
GEO_NR06_0544_0224,0
GEO_NR06_0544_0256,0
GEO_NR06_0544_0320,0
GEO_NR06_0544_0352,0
GEO_NR06_0544_0384,0
GEO_NR06_0544_0416,0
GEO_NR06_0544_0448,0
GEO_NR06_0544_0480,0
GEO_NR06_0544_0512,0
GEO_NR06_0544_0544,0
GEO_NR06_0544_0576,0
GEO_NR06_0544_0608,0
GEO_NR06_0544_0640,0
GEO_NR06_0544_0672,0
GEO_NR06_0544_0704,0
GEO_NR06_0544_0736,0
GEO_NR06_0544_0768,0
GEO_NR06_0544_0800,0
GEO_NR06_0544_0832,0
GEO_NR06_0544_0864,0
GEO_NR06_0544_0896,0
GEO_NR06_0544_0928,0
GEO_NR06_0544_0960,0
GEO_NR06_0544_0992,0
GEO_NR06_0544_1024,0
GEO_NR06_0544_1056,0
GEO_NR06_0544_1088,0
GEO_NR06_0544_1120,0
GEO_NR06_0544_1152,0
GEO_NR06_0544_1184,0
GEO_NR06_0544_1216,0
GEO_NR06_0544_1248,0
GEO_NR06_0544_1312,0
GEO_NR06_0544_1344,0
GEO_NR06_0544_1376,0
GEO_NR06_0544_1408,0
GEO_NR06_0544_1440,0
GEO_NR06_0544_1472,0
GEO_NR06_0544_1504,0
GEO_NR06_0576_0000,0
GEO_NR06_0576_0032,0
GEO_NR06_0576_0064,0
GEO_NR06_0576_0096,0
GEO_NR06_0576_0128,0
GEO_NR06_0576_0160,0
GEO_NR06_0576_0192,0
GEO_NR06_0576_0224,0
GEO_NR06_0576_0256,0
GEO_NR06_0576_0320,0
GEO_NR06_0576_0352,0
GEO_NR06_0576_0384,0
GEO_NR06_0576_0416,0
GEO_NR06_0576_0448,0
GEO_NR06_0576_0480,0
GEO_NR06_0576_0512,0
GEO_NR06_0576_0544,0
GEO_NR06_0576_0576,0
GEO_NR06_0576_0608,0
GEO_NR06_0576_0640,0
GEO_NR06_0576_0672,0
GEO_NR06_0576_0704,0
GEO_NR06_0576_0736,0
GEO_NR06_0576_0768,0
GEO_NR06_0576_0800,0
GEO_NR06_0576_0832,0
GEO_NR06_0576_0864,0
GEO_NR06_0576_0896,0
GEO_NR06_0576_0928,0
GEO_NR06_0576_0960,0
GEO_NR06_0576_0992,0
GEO_NR06_0576_1024,0
GEO_NR06_0576_1056,0
GEO_NR06_0576_1088,0
GEO_NR06_0576_1120,0
GEO_NR06_0576_1152,0
GEO_NR06_0576_1184,0
GEO_NR06_0576_1216,0
GEO_NR06_0576_1248,0
GEO_NR06_0576_1280,0
GEO_NR06_0576_1312,0
GEO_NR06_0576_1344,0
GEO_NR06_0576_1376,0
GEO_NR06_0576_1408,0
GEO_NR06_0576_1440,0
GEO_NR06_0576_1472,0
GEO_NR06_0576_1504,0
GEO_NR06_0608_0000,0
GEO_NR06_0608_0032,0
GEO_NR06_0608_0064,0
GEO_NR06_0608_0128,0
GEO_NR06_0608_0160,0
GEO_NR06_0608_0192,0
GEO_NR06_0608_0224,0
GEO_NR06_0608_0256,0
GEO_NR06_0608_0288,0
GEO_NR06_0608_0352,0
GEO_NR06_0608_0384,0
GEO_NR06_0608_0416,0
GEO_NR06_0608_0448,0
GEO_NR06_0608_0480,0
GEO_NR06_0608_0512,0
GEO_NR06_0608_0544,0
GEO_NR06_0608_0576,0
GEO_NR06_0608_0608,0
GEO_NR06_0608_0640,0
GEO_NR06_0608_0672,0
GEO_NR06_0608_0736,0
GEO_NR06_0608_0768,0
GEO_NR06_0608_0800,0
GEO_NR06_0608_0832,0
GEO_NR06_0608_0864,0
GEO_NR06_0608_0896,0
GEO_NR06_0608_0928,0
GEO_NR06_0608_0960,0
GEO_NR06_0608_0992,0
GEO_NR06_0608_1056,0
GEO_NR06_0608_1088,0
GEO_NR06_0608_1120,0
GEO_NR06_0608_1152,0
GEO_NR06_0608_1184,0
GEO_NR06_0608_1216,0
GEO_NR06_0608_1248,0
GEO_NR06_0608_1280,0
GEO_NR06_0608_1312,0
GEO_NR06_0608_1344,0
GEO_NR06_0608_1376,0
GEO_NR06_0608_1408,0
GEO_NR06_0608_1440,0
GEO_NR06_0608_1472,0
GEO_NR06_0608_1504,0
GEO_NR06_0640_0096,0
GEO_NR06_0640_0128,0
GEO_NR06_0640_0160,0
GEO_NR06_0640_0192,0
GEO_NR06_0640_0224,0
GEO_NR06_0640_0256,0
GEO_NR06_0640_0288,0
GEO_NR06_0640_0416,0
GEO_NR06_0640_0448,0
GEO_NR06_0640_0480,0
GEO_NR06_0640_0512,0
GEO_NR06_0640_0544,0
GEO_NR06_0640_0576,0
GEO_NR06_0640_0608,0
GEO_NR06_0640_0640,0
GEO_NR06_0640_0672,0
GEO_NR06_0640_0704,0
GEO_NR06_0640_0736,0
GEO_NR06_0640_0768,0
GEO_NR06_0640_0800,0
GEO_NR06_0640_0832,0
GEO_NR06_0640_0864,0
GEO_NR06_0640_0896,0
GEO_NR06_0640_0928,0
GEO_NR06_0640_0960,0
GEO_NR06_0640_0992,0
GEO_NR06_0640_1024,0
GEO_NR06_0640_1056,0
GEO_NR06_0640_1088,0
GEO_NR06_0640_1120,0
GEO_NR06_0640_1152,0
GEO_NR06_0640_1184,0
GEO_NR06_0640_1216,0
GEO_NR06_0640_1248,0
GEO_NR06_0640_1280,0
GEO_NR06_0640_1312,0
GEO_NR06_0640_1344,0
GEO_NR06_0640_1376,0
GEO_NR06_0640_1408,0
GEO_NR06_0640_1440,0
GEO_NR06_0640_1472,0
GEO_NR06_0672_0096,0
GEO_NR06_0672_0128,0
GEO_NR06_0672_0160,0
GEO_NR06_0672_0192,0
GEO_NR06_0672_0224,0
GEO_NR06_0672_0256,0
GEO_NR06_0672_0288,0
GEO_NR06_0672_0448,0
GEO_NR06_0672_0480,0
GEO_NR06_0672_0512,0
GEO_NR06_0672_0544,0
GEO_NR06_0672_0576,0
GEO_NR06_0672_0608,0
GEO_NR06_0672_0640,0
GEO_NR06_0672_0672,0
GEO_NR06_0672_0704,0
GEO_NR06_0672_0736,0
GEO_NR06_0672_0768,0
GEO_NR06_0672_0800,0
GEO_NR06_0672_0832,0
GEO_NR06_0672_0864,0
GEO_NR06_0672_0896,0
GEO_NR06_0672_0928,0
GEO_NR06_0672_0960,0
GEO_NR06_0672_0992,0
GEO_NR06_0672_1024,0
GEO_NR06_0672_1056,0
GEO_NR06_0672_1088,0
GEO_NR06_0672_1152,0
GEO_NR06_0672_1184,0
GEO_NR06_0672_1216,0
GEO_NR06_0672_1248,0
GEO_NR06_0672_1280,0
GEO_NR06_0672_1312,0
GEO_NR06_0672_1344,0
GEO_NR06_0672_1376,0
GEO_NR06_0672_1408,0
GEO_NR06_0672_1440,0
GEO_NR06_0672_1472,0
GEO_NR06_0704_0000,0
GEO_NR06_0704_0032,0
GEO_NR06_0704_0064,0
GEO_NR06_0704_0096,0
GEO_NR06_0704_0128,0
GEO_NR06_0704_0160,0
GEO_NR06_0704_0192,0
GEO_NR06_0704_0224,0
GEO_NR06_0704_0256,0
GEO_NR06_0704_0288,0
GEO_NR06_0704_0320,0
GEO_NR06_0704_0480,0
GEO_NR06_0704_0512,0
GEO_NR06_0704_0544,0
GEO_NR06_0704_0576,0
GEO_NR06_0704_0672,0
GEO_NR06_0704_0704,0
GEO_NR06_0704_0736,0
GEO_NR06_0704_0768,0
GEO_NR06_0704_0800,0
GEO_NR06_0704_0832,0
GEO_NR06_0704_0864,0
GEO_NR06_0704_0896,0
GEO_NR06_0704_0928,0
GEO_NR06_0704_0960,0
GEO_NR06_0704_0992,0
GEO_NR06_0704_1024,0
GEO_NR06_0704_1056,0
GEO_NR06_0704_1088,0
GEO_NR06_0704_1120,0
GEO_NR06_0704_1152,0
GEO_NR06_0704_1184,0
GEO_NR06_0704_1216,0
GEO_NR06_0704_1248,0
GEO_NR06_0704_1280,0
GEO_NR06_0704_1312,0
GEO_NR06_0704_1344,0
GEO_NR06_0704_1376,0
GEO_NR06_0704_1408,0
GEO_NR06_0704_1440,0
GEO_NR06_0704_1472,0
GEO_NR06_0736_0032,0
GEO_NR06_0736_0064,0
GEO_NR06_0736_0096,0
GEO_NR06_0736_0128,0
GEO_NR06_0736_0160,0
GEO_NR06_0736_0192,0
GEO_NR06_0736_0224,0
GEO_NR06_0736_0256,0
GEO_NR06_0736_0288,0
GEO_NR06_0736_0320,0
GEO_NR06_0736_0480,0
GEO_NR06_0736_0512,0
GEO_NR06_0736_0544,0
GEO_NR06_0736_0704,0
GEO_NR06_0736_0736,0
GEO_NR06_0736_0768,0
GEO_NR06_0736_0800,0
GEO_NR06_0736_0832,0
GEO_NR06_0736_0864,0
GEO_NR06_0736_0896,0
GEO_NR06_0736_0992,0
GEO_NR06_0736_1024,0
GEO_NR06_0736_1056,0
GEO_NR06_0736_1088,0
GEO_NR06_0736_1120,0
GEO_NR06_0736_1152,0
GEO_NR06_0736_1184,0
GEO_NR06_0736_1216,0
GEO_NR06_0736_1248,0
GEO_NR06_0736_1280,0
GEO_NR06_0736_1312,0
GEO_NR06_0736_1344,0
GEO_NR06_0736_1376,0
GEO_NR06_0736_1408,0
GEO_NR06_0736_1440,0
GEO_NR06_0736_1472,0
GEO_NR06_0768_0032,0
GEO_NR06_0768_0064,0
GEO_NR06_0768_0096,0
GEO_NR06_0768_0128,0
GEO_NR06_0768_0160,0
GEO_NR06_0768_0192,0
GEO_NR06_0768_0224,0
GEO_NR06_0768_0256,0
GEO_NR06_0768_0288,0
GEO_NR06_0768_0320,0
GEO_NR06_0768_0352,0
GEO_NR06_0768_0448,0
GEO_NR06_0768_0480,0
GEO_NR06_0768_0512,0
GEO_NR06_0768_0704,0
GEO_NR06_0768_0736,0
GEO_NR06_0768_0768,0
GEO_NR06_0768_0800,0
GEO_NR06_0768_0832,0
GEO_NR06_0768_0864,0
GEO_NR06_0768_0992,0
GEO_NR06_0768_1024,0
GEO_NR06_0768_1056,0
GEO_NR06_0768_1088,0
GEO_NR06_0768_1120,0
GEO_NR06_0768_1152,0
GEO_NR06_0768_1184,0
GEO_NR06_0768_1216,0
GEO_NR06_0768_1248,0
GEO_NR06_0768_1280,0
GEO_NR06_0768_1312,0
GEO_NR06_0768_1344,0
GEO_NR06_0768_1376,0
GEO_NR06_0768_1408,0
GEO_NR06_0768_1440,0
GEO_NR06_0800_0032,0
GEO_NR06_0800_0064,0
GEO_NR06_0800_0096,0
GEO_NR06_0800_0128,0
GEO_NR06_0800_0160,0
GEO_NR06_0800_0192,0
GEO_NR06_0800_0224,0
GEO_NR06_0800_0256,0
GEO_NR06_0800_0288,0
GEO_NR06_0800_0320,0
GEO_NR06_0800_0352,0
GEO_NR06_0800_0416,0
GEO_NR06_0800_0448,0
GEO_NR06_0800_0480,0
GEO_NR06_0800_0736,0
GEO_NR06_0800_0768,0
GEO_NR06_0800_0800,0
GEO_NR06_0800_0832,0
GEO_NR06_0800_0864,0
GEO_NR06_0800_1024,0
GEO_NR06_0800_1056,0
GEO_NR06_0800_1088,0
GEO_NR06_0800_1120,0
GEO_NR06_0800_1152,0
GEO_NR06_0800_1184,0
GEO_NR06_0800_1216,0
GEO_NR06_0800_1248,0
GEO_NR06_0800_1280,0
GEO_NR06_0800_1312,0
GEO_NR06_0800_1344,0
GEO_NR06_0800_1376,0
GEO_NR06_0800_1408,0
GEO_NR06_0800_1440,0
GEO_NR06_0832_0000,0
GEO_NR06_0832_0096,0
GEO_NR06_0832_0128,0
GEO_NR06_0832_0160,0
GEO_NR06_0832_0192,0
GEO_NR06_0832_0224,0
GEO_NR06_0832_0256,0
GEO_NR06_0832_0288,0
GEO_NR06_0832_0320,0
GEO_NR06_0832_0352,0
GEO_NR06_0832_0384,0
GEO_NR06_0832_0416,0
GEO_NR06_0832_0448,0
GEO_NR06_0832_0512,0
GEO_NR06_0832_0736,0
GEO_NR06_0832_0768,0
GEO_NR06_0832_0896,0
GEO_NR06_0832_0928,0
GEO_NR06_0832_1024,0
GEO_NR06_0832_1056,0
GEO_NR06_0832_1088,0
GEO_NR06_0832_1120,0
GEO_NR06_0832_1152,0
GEO_NR06_0832_1184,0
GEO_NR06_0832_1216,0
GEO_NR06_0832_1248,0
GEO_NR06_0832_1280,0
GEO_NR06_0832_1312,0
GEO_NR06_0832_1344,0
GEO_NR06_0832_1376,0
GEO_NR06_0832_1408,0
GEO_NR06_0832_1440,0
GEO_NR06_0864_0000,0
GEO_NR06_0864_0096,0
GEO_NR06_0864_0128,0
GEO_NR06_0864_0160,0
GEO_NR06_0864_0192,0
GEO_NR06_0864_0224,0
GEO_NR06_0864_0256,0
GEO_NR06_0864_0288,0
GEO_NR06_0864_0320,0
GEO_NR06_0864_0352,0
GEO_NR06_0864_0384,0
GEO_NR06_0864_0416,0
GEO_NR06_0864_0512,0
GEO_NR06_0864_0544,0
GEO_NR06_0864_0736,0
GEO_NR06_0864_0768,0
GEO_NR06_0864_0896,0
GEO_NR06_0864_0928,0
GEO_NR06_0864_0960,0
GEO_NR06_0864_1056,0
GEO_NR06_0864_1088,0
GEO_NR06_0864_1120,0
GEO_NR06_0864_1152,0
GEO_NR06_0864_1184,0
GEO_NR06_0864_1216,0
GEO_NR06_0864_1248,0
GEO_NR06_0864_1280,0
GEO_NR06_0864_1312,0
GEO_NR06_0864_1344,0
GEO_NR06_0864_1376,0
GEO_NR06_0864_1408,0
GEO_NR06_0896_0000,0
GEO_NR06_0896_0064,0
GEO_NR06_0896_0096,0
GEO_NR06_0896_0128,0
GEO_NR06_0896_0192,0
GEO_NR06_0896_0224,0
GEO_NR06_0896_0256,0
GEO_NR06_0896_0288,0
GEO_NR06_0896_0320,0
GEO_NR06_0896_0352,0
GEO_NR06_0896_0896,0
GEO_NR06_0896_0928,0
GEO_NR06_0896_0960,0
GEO_NR06_0896_1056,0
GEO_NR06_0896_1088,0
GEO_NR06_0896_1120,0
GEO_NR06_0896_1152,0
GEO_NR06_0896_1184,0
GEO_NR06_0896_1216,0
GEO_NR06_0896_1248,0
GEO_NR06_0896_1280,0
GEO_NR06_0896_1312,0
GEO_NR06_0896_1344,0
GEO_NR06_0896_1376,0
GEO_NR06_0896_1408,0
GEO_NR06_0928_0000,0
GEO_NR06_0928_0224,0
GEO_NR06_0928_0256,0
GEO_NR06_0928_0288,0
GEO_NR06_0928_0320,0
GEO_NR06_0928_0352,0
GEO_NR06_0928_0864,0
GEO_NR06_0928_0896,0
GEO_NR06_0928_0928,0
GEO_NR06_0928_0960,0
GEO_NR06_0928_0992,0
GEO_NR06_0928_1056,0
GEO_NR06_0928_1088,0
GEO_NR06_0928_1120,0
GEO_NR06_0928_1152,0
GEO_NR06_0928_1184,0
GEO_NR06_0928_1280,0
GEO_NR06_0928_1344,0
GEO_NR06_0928_1376,0
GEO_NR06_0960_0000,0
GEO_NR06_0960_0256,0
GEO_NR06_0960_0288,0
GEO_NR06_0960_0320,0
GEO_NR06_0960_0352,0
GEO_NR06_0960_0384,0
GEO_NR06_0960_0864,0
GEO_NR06_0960_0896,0
GEO_NR06_0960_0928,0
GEO_NR06_0960_0960,0
GEO_NR06_0960_0992,0
GEO_NR06_0960_1088,0
GEO_NR06_0960_1120,0
GEO_NR06_0960_1152,0
GEO_NR06_0960_1184,0
GEO_NR06_0960_1280,0
GEO_NR06_0960_1312,0
GEO_NR06_0960_1344,0
GEO_NR06_0992_0128,0
GEO_NR06_0992_0256,0
GEO_NR06_0992_0288,0
GEO_NR06_0992_0320,0
GEO_NR06_0992_0352,0
GEO_NR06_0992_0384,0
GEO_NR06_0992_0832,0
GEO_NR06_0992_0864,0
GEO_NR06_0992_0896,0
GEO_NR06_0992_0928,0
GEO_NR06_0992_0960,0
GEO_NR06_0992_0992,0
GEO_NR06_0992_1024,0
GEO_NR06_0992_1056,0
GEO_NR06_0992_1088,0
GEO_NR06_0992_1120,0
GEO_NR06_0992_1152,0
GEO_NR06_0992_1184,0
GEO_NR06_0992_1280,0
GEO_NR06_0992_1312,0
GEO_NR06_0992_1344,0
GEO_NR06_1024_0256,0
GEO_NR06_1024_0288,0
GEO_NR06_1024_0320,0
GEO_NR06_1024_0352,0
GEO_NR06_1024_0384,0
GEO_NR06_1024_0416,0
GEO_NR06_1024_0832,0
GEO_NR06_1024_0864,0
GEO_NR06_1024_0896,0
GEO_NR06_1024_0928,0
GEO_NR06_1024_0960,0
GEO_NR06_1024_0992,0
GEO_NR06_1024_1024,0
GEO_NR06_1024_1056,0
GEO_NR06_1024_1088,0
GEO_NR06_1024_1120,0
GEO_NR06_1024_1152,0
GEO_NR06_1056_0000,0
GEO_NR06_1056_0224,0
GEO_NR06_1056_0256,0
GEO_NR06_1056_0288,0
GEO_NR06_1056_0320,0
GEO_NR06_1056_0352,0
GEO_NR06_1056_0384,0
GEO_NR06_1056_0416,0
GEO_NR06_1056_0448,0
GEO_NR06_1056_0480,0
GEO_NR06_1056_0512,0
GEO_NR06_1056_0832,0
GEO_NR06_1056_0864,0
GEO_NR06_1056_0896,0
GEO_NR06_1056_0928,0
GEO_NR06_1056_0960,0
GEO_NR06_1056_0992,0
GEO_NR06_1056_1024,0
GEO_NR06_1056_1056,0
GEO_NR06_1056_1152,0
GEO_NR06_1088_0000,0
GEO_NR06_1088_0032,0
GEO_NR06_1088_0256,0
GEO_NR06_1088_0288,0
GEO_NR06_1088_0320,0
GEO_NR06_1088_0352,0
GEO_NR06_1088_0384,0
GEO_NR06_1088_0448,0
GEO_NR06_1088_0480,0
GEO_NR06_1088_0512,0
GEO_NR06_1088_0544,0
GEO_NR06_1088_0800,0
GEO_NR06_1088_0832,0
GEO_NR06_1088_0864,0
GEO_NR06_1088_0896,0
GEO_NR06_1088_0928,0
GEO_NR06_1088_0960,0
GEO_NR06_1088_0992,0
GEO_NR06_1088_1024,0
GEO_NR06_1120_0000,0
GEO_NR06_1120_0032,0
GEO_NR06_1120_0256,0
GEO_NR06_1120_0288,0
GEO_NR06_1120_0320,0
GEO_NR06_1120_0352,0
GEO_NR06_1120_0480,0
GEO_NR06_1120_0512,0
GEO_NR06_1120_0544,0
GEO_NR06_1120_0576,0
GEO_NR06_1120_0768,0
GEO_NR06_1120_0800,0
GEO_NR06_1120_0832,0
GEO_NR06_1120_0864,0
GEO_NR06_1120_0896,0
GEO_NR06_1120_0928,0
GEO_NR06_1120_0960,0
GEO_NR06_1152_0000,0
GEO_NR06_1152_0032,0
GEO_NR06_1152_0064,0
GEO_NR06_1152_0096,0
GEO_NR06_1152_0224,0
GEO_NR06_1152_0256,0
GEO_NR06_1152_0288,0
GEO_NR06_1152_0320,0
GEO_NR06_1152_0352,0
GEO_NR06_1152_0480,0
GEO_NR06_1152_0512,0
GEO_NR06_1152_0544,0
GEO_NR06_1152_0576,0
GEO_NR06_1152_0608,0
GEO_NR06_1152_0768,0
GEO_NR06_1152_0800,0
GEO_NR06_1152_0832,0
GEO_NR06_1152_0864,0
GEO_NR06_1184_0000,0
GEO_NR06_1184_0032,0
GEO_NR06_1184_0192,0
GEO_NR06_1184_0224,0
GEO_NR06_1184_0256,0
GEO_NR06_1184_0288,0
GEO_NR06_1184_0320,0
GEO_NR06_1184_0352,0
GEO_NR06_1184_0384,0
GEO_NR06_1184_0416,0
GEO_NR06_1184_0448,0
GEO_NR06_1184_0480,0
GEO_NR06_1184_0544,0
GEO_NR06_1184_0576,0
GEO_NR06_1184_0608,0
GEO_NR06_1184_0640,0
GEO_NR06_1184_0672,0
GEO_NR06_1184_0704,0
GEO_NR06_1184_0736,0
GEO_NR06_1184_0768,0
GEO_NR06_1184_0800,0
GEO_NR06_1184_0832,0
GEO_NR06_1184_0864,0
GEO_NR06_1184_0896,0
GEO_NR06_1184_0928,0
GEO_NR06_1216_0000,0
GEO_NR06_1216_0032,0
GEO_NR06_1216_0224,0
GEO_NR06_1216_0256,0
GEO_NR06_1216_0288,0
GEO_NR06_1216_0320,0
GEO_NR06_1216_0352,0
GEO_NR06_1216_0384,0
GEO_NR06_1216_0416,0
GEO_NR06_1216_0448,0
GEO_NR06_1216_0544,0
GEO_NR06_1216_0576,0
GEO_NR06_1216_0608,0
GEO_NR06_1216_0640,0
GEO_NR06_1216_0672,0
GEO_NR06_1216_0704,0
GEO_NR06_1216_0736,0
GEO_NR06_1216_0768,0
GEO_NR06_1216_0800,0
GEO_NR06_1216_0832,0
GEO_NR06_1248_0000,0
GEO_NR06_1248_0032,0
GEO_NR06_1248_0224,0
GEO_NR06_1248_0256,0
GEO_NR06_1248_0288,0
GEO_NR06_1248_0320,0
GEO_NR06_1248_0352,0
GEO_NR06_1248_0384,0
GEO_NR06_1248_0416,0
GEO_NR06_1248_0448,0
GEO_NR06_1248_0480,0
GEO_NR06_1248_0512,0
GEO_NR06_1248_0544,0
GEO_NR06_1248_0576,0
GEO_NR06_1248_0608,0
GEO_NR06_1248_0640,0
GEO_NR06_1248_0672,0
GEO_NR06_1248_0704,0
GEO_NR06_1248_0736,0
GEO_NR06_1248_0768,0
GEO_NR06_1248_0800,0
GEO_NR06_1248_1024,0
GEO_NR06_1248_1056,0
GEO_NR06_1248_1088,0
GEO_NR06_1280_0064,0
GEO_NR06_1280_0224,0
GEO_NR06_1280_0256,0
GEO_NR06_1280_0288,0
GEO_NR06_1280_0480,0
GEO_NR06_1280_0512,0
GEO_NR06_1280_0544,0
GEO_NR06_1280_0576,0
GEO_NR06_1280_0608,0
GEO_NR06_1280_0640,0
GEO_NR06_1280_0672,0
GEO_NR06_1280_0704,0
GEO_NR06_1280_0736,0
GEO_NR06_1280_1024,0
GEO_NR06_1280_1056,0
GEO_NR06_1280_1088,0
GEO_NR06_1312_0224,0
GEO_NR06_1312_0512,0
GEO_NR06_1312_0544,0
GEO_NR06_1312_0576,0
GEO_NR06_1312_0608,0
GEO_NR06_1312_0640,0
GEO_NR06_1312_0672,0
GEO_NR06_1312_0704,0
GEO_NR06_1312_0736,0
GEO_NR06_1312_0992,0
GEO_NR06_1312_1024,0
GEO_NR06_1312_1056,0
GEO_NR06_1344_0000,0
GEO_NR06_1344_0352,2
GEO_NR06_1344_0544,0
GEO_NR06_1344_0576,0
GEO_NR06_1344_0608,0
GEO_NR06_1344_0640,0
GEO_NR06_1344_0672,0
GEO_NR06_1344_0704,0
GEO_NR06_1344_0896,0
GEO_NR06_1344_0928,0
GEO_NR06_1344_0960,0
GEO_NR06_1344_0992,0
GEO_NR06_1344_1184,0
GEO_NR06_1376_0320,2
GEO_NR06_1376_0576,0
GEO_NR06_1376_0608,0
GEO_NR06_1376_0640,0
GEO_NR06_1376_0672,0
GEO_NR06_1376_0928,0
GEO_NR06_1376_0960,0
GEO_NR06_1376_0992,0
GEO_NR06_1376_1184,0
GEO_NR06_1376_1280,0
GEO_NR06_1408_0608,0
GEO_NR06_1408_0640,0
GEO_NR06_1408_0672,0
GEO_NR06_1408_1184,0
GEO_NR06_1408_1216,0
GEO_NR06_1408_1280,0
GEO_NR06_1440_0480,0
GEO_NR06_1440_0800,2
GEO_NR06_1440_1184,0
GEO_NR06_1440_1216,0
GEO_NR06_1440_1248,0
GEO_NR06_1440_1280,0
GEO_NR06_1472_0576,0
GEO_NR06_1472_0608,0
GEO_NR06_1472_1216,0
GEO_NR06_1472_1248,0
GEO_NR06_1504_0064,0
GEO_NR06_1504_0160,0
GEO_NR06_1504_0576,0
GEO_NR06_1504_0608,0
GEO_NR06_1504_0736,2
GEO_NR06_1504_1216,0
GEO_NR06_1504_1248,0
GEO_NR06_1536_0064,0
GEO_NR06_1536_0096,0
GEO_NR06_1536_0128,0
GEO_NR06_1536_0160,0
GEO_NR06_1536_0512,0
GEO_NR06_1536_0608,0
GEO_NR06_1536_1024,0
GEO_NR06_1536_1056,0
GEO_NR06_1536_1088,0
GEO_NR06_1536_1216,0
GEO_NR06_1536_1248,0
GEO_NR06_1568_0160,0
GEO_NR06_1568_0992,0
GEO_NR06_1568_1024,0
GEO_NR06_1568_1056,0
GEO_NR06_1568_1088,0
GEO_NR06_1568_1120,0
GEO_NR06_1568_1184,0
GEO_NR06_1568_1216,0
GEO_NR06_1568_1248,0
GEO_NR06_1600_0832,0
GEO_NR06_1600_0960,0
GEO_NR06_1600_0992,0
GEO_NR06_1600_1024,0
GEO_NR06_1600_1056,0
GEO_NR06_1600_1088,0
GEO_NR06_1600_1120,0
GEO_NR06_1600_1152,0
GEO_NR06_1600_1184,0
GEO_NR06_1600_1216,0
GEO_NR06_1632_0000,0
GEO_NR06_1632_0032,0
GEO_NR06_1632_0064,0
GEO_NR06_1632_0800,0
GEO_NR06_1632_0832,0
GEO_NR06_1632_0928,0
GEO_NR06_1632_0960,0
GEO_NR06_1632_0992,0
GEO_NR06_1632_1024,0
GEO_NR06_1632_1056,0
GEO_NR06_1632_1088,0
GEO_NR06_1632_1120,0
GEO_NR06_1632_1152,0
GEO_NR06_1632_1184,0
GEO_NR06_1632_1216,0
GEO_NR06_1664_0576,0
GEO_NR06_1664_0704,0
GEO_NR06_1664_0800,0
GEO_NR06_1664_0832,0
GEO_NR06_1664_0864,0
GEO_NR06_1664_0896,0
GEO_NR06_1664_0928,0
GEO_NR06_1664_0960,0
GEO_NR06_1664_0992,0
GEO_NR06_1664_1024,0
GEO_NR06_1664_1056,0
GEO_NR06_1664_1088,0
GEO_NR06_1664_1120,0
GEO_NR06_1664_1152,0
GEO_NR06_1664_1184,0
GEO_NR06_1664_1216,0
GEO_NR06_1696_0096,0
GEO_NR06_1696_0576,0
GEO_NR06_1696_0608,0
GEO_NR06_1696_0672,0
GEO_NR06_1696_0704,0
GEO_NR06_1696_0736,0
GEO_NR06_1696_0832,0
GEO_NR06_1696_0864,0
GEO_NR06_1696_0896,0
GEO_NR06_1696_0960,0
GEO_NR06_1696_0992,0
GEO_NR06_1696_1024,0
GEO_NR06_1696_1056,0
GEO_NR06_1696_1088,0
GEO_NR06_1696_1120,0
GEO_NR06_1696_1152,0
GEO_NR06_1696_1184,0
GEO_NR06_1728_0576,0
GEO_NR06_1728_0608,0
GEO_NR06_1728_0640,0
GEO_NR06_1728_0672,0
GEO_NR06_1728_0704,0
GEO_NR06_1728_0736,0
GEO_NR06_1728_0768,0
GEO_NR06_1728_0800,0
GEO_NR06_1728_0832,0
GEO_NR06_1728_0864,0
GEO_NR06_1728_0960,0
GEO_NR06_1728_0992,0
GEO_NR06_1728_1024,0
GEO_NR06_1728_1088,0
GEO_NR06_1728_1120,0
GEO_NR06_1728_1152,0
GEO_NR06_1728_1184,0
GEO_NR06_1760_0224,4
GEO_NR06_1760_0576,0
GEO_NR06_1760_0608,0
GEO_NR06_1760_0640,0
GEO_NR06_1760_0672,0
GEO_NR06_1760_0704,0
GEO_NR06_1760_0736,0
GEO_NR06_1760_0768,0
GEO_NR06_1760_0800,0
GEO_NR06_1760_0832,0
GEO_NR06_1760_0864,0
GEO_NR06_1760_0896,0
GEO_NR06_1760_0992,0
GEO_NR06_1760_1120,0
GEO_NR06_1760_1152,0
GEO_NR06_1760_1184,0
GEO_NR06_1792_0576,0
GEO_NR06_1792_0608,0
GEO_NR06_1792_0640,0
GEO_NR06_1792_0672,0
GEO_NR06_1792_0704,0
GEO_NR06_1792_0736,0
GEO_NR06_1792_0768,0
GEO_NR06_1792_0800,0
GEO_NR06_1792_0896,0
GEO_NR06_1792_0928,0
GEO_NR06_1792_1184,0
GEO_NR06_1824_0544,0
GEO_NR06_1824_0576,0
GEO_NR06_1824_0608,0
GEO_NR06_1824_0640,0
GEO_NR06_1824_0672,0
GEO_NR06_1824_0704,0
GEO_NR06_1824_0736,0
GEO_NR06_1824_0768,0
GEO_NR06_1824_0896,0
GEO_NR06_1856_0128,0
GEO_NR06_1856_0160,0
GEO_NR06_1856_0224,0
GEO_NR06_1856_0320,0
GEO_NR06_1856_0480,0
GEO_NR06_1856_0512,0
GEO_NR06_1856_0544,0
GEO_NR06_1856_0576,0
GEO_NR06_1856_0608,0
GEO_NR06_1856_0640,0
GEO_NR06_1856_0672,0
GEO_NR06_1856_0704,0
GEO_NR06_1856_0736,0
GEO_NR06_1856_0896,0
GEO_NR06_1856_1024,0
GEO_NR06_1888_0128,0
GEO_NR06_1888_0160,0
GEO_NR06_1888_0192,0
GEO_NR06_1888_0224,0
GEO_NR06_1888_0256,0
GEO_NR06_1888_0288,0
GEO_NR06_1888_0576,0
GEO_NR06_1888_0608,0
GEO_NR06_1888_0640,0
GEO_NR06_1888_0672,0
GEO_NR06_1888_0704,0
GEO_NR06_1888_0736,0
GEO_NR06_1888_0768,0
GEO_NR06_1888_0800,0
GEO_NR06_1920_0128,0
GEO_NR06_1920_0160,0
GEO_NR06_1920_0192,0
GEO_NR06_1920_0224,0
GEO_NR06_1920_0256,0
GEO_NR06_1920_0576,0
GEO_NR06_1920_0608,0
GEO_NR06_1920_0640,0
GEO_NR06_1920_0672,0
GEO_NR06_1920_0704,0
GEO_NR06_1920_0736,0
GEO_NR06_1920_0768,0
GEO_NR06_1920_0800,0
GEO_NR06_1920_1152,2
GEO_NR06_1952_0000,0
GEO_NR06_1952_0032,0
GEO_NR06_1952_0064,0
GEO_NR06_1952_0096,0
GEO_NR06_1952_0128,0
GEO_NR06_1952_0160,0
GEO_NR06_1952_0192,0
GEO_NR06_1952_0224,0
GEO_NR06_1952_0256,0
GEO_NR06_1952_0544,0
GEO_NR06_1952_0576,0
GEO_NR06_1952_0608,0
GEO_NR06_1952_0640,0
GEO_NR06_1952_0672,0
GEO_NR06_1952_0704,0
GEO_NR06_1952_0736,0
GEO_NR06_1952_0768,0
GEO_NR06_1952_1088,2
GEO_NR06_1952_1120,2
GEO_NR06_1984_0000,0
GEO_NR06_1984_0032,0
GEO_NR06_1984_0064,0
GEO_NR06_1984_0096,0
GEO_NR06_1984_0128,0
GEO_NR06_1984_0160,0
GEO_NR06_1984_0192,0
GEO_NR06_1984_0544,0
GEO_NR06_1984_0576,0
GEO_NR06_1984_0608,0
GEO_NR06_1984_0640,0
GEO_NR06_1984_0672,0
GEO_NR06_1984_0704,0
GEO_NR06_1984_0736,0
GEO_NR06_1984_0768,0
GEO_NR06_1984_0992,2
GEO_NR06_1984_1024,2
GEO_NR06_2016_0000,0
GEO_NR06_2016_0032,0
GEO_NR06_2016_0064,0
GEO_NR06_2016_0160,0
GEO_NR06_2016_0512,0
GEO_NR06_2016_0544,0
GEO_NR06_2016_0576,0
GEO_NR06_2016_0608,0
GEO_NR06_2016_0640,0
GEO_NR06_2016_0672,0
GEO_NR06_2016_0704,0
GEO_NR06_2016_0736,0
GEO_NR06_2048_0000,0
GEO_NR06_2048_0032,0
GEO_NR06_2048_0544,0
GEO_NR06_2048_0576,0
GEO_NR06_2048_0608,0
GEO_NR06_2048_0640,0
GEO_NR06_2048_0672,0
GEO_NR06_2048_0704,0
GEO_NR06_2048_0768,0
GEO_NR06_2048_0800,0
GEO_NR06_2048_0832,0
GEO_NR06_2048_0864,0
GEO_NR06_2048_0896,0
GEO_NR06_2048_1056,0
GEO_NR06_2048_1088,0
GEO_NR06_2048_1120,0
GEO_NR06_2080_0000,0
GEO_NR06_2080_0032,0
GEO_NR06_2080_0544,0
GEO_NR06_2080_0576,0
GEO_NR06_2080_0608,0
GEO_NR06_2080_0640,0
GEO_NR06_2080_0672,0
GEO_NR06_2080_0704,0
GEO_NR06_2080_0736,0
GEO_NR06_2080_0768,0
GEO_NR06_2080_0800,0
GEO_NR06_2080_0896,0
GEO_NR06_2080_0992,0
GEO_NR06_2080_1024,0
GEO_NR06_2080_1056,0
GEO_NR06_2080_1088,0
GEO_NR06_2112_0000,0
GEO_NR06_2112_0544,0
GEO_NR06_2112_0576,0
GEO_NR06_2112_0608,0
GEO_NR06_2112_0640,0
GEO_NR06_2112_0672,0
GEO_NR06_2112_0704,0
GEO_NR06_2112_0736,0
GEO_NR06_2112_0768,0
GEO_NR06_2112_0800,0
GEO_NR06_2112_0832,0
GEO_NR06_2112_0864,0
GEO_NR06_2112_0896,0
GEO_NR06_2112_0928,0
GEO_NR06_2112_1024,0
GEO_NR06_2112_1056,0
GEO_NR06_2112_1088,0
GEO_NR06_2144_0000,0
GEO_NR06_2144_0480,0
GEO_NR06_2144_0512,0
GEO_NR06_2144_0544,0
GEO_NR06_2144_0576,0
GEO_NR06_2144_0608,0
GEO_NR06_2144_0640,0
GEO_NR06_2144_0672,0
GEO_NR06_2144_0704,0
GEO_NR06_2144_0736,0
GEO_NR06_2144_0768,0
GEO_NR06_2144_0800,0
GEO_NR06_2144_0832,0
GEO_NR06_2144_0864,0
GEO_NR06_2144_1088,0
GEO_NR06_2176_0000,0
GEO_NR06_2176_0224,0
GEO_NR06_2176_0448,0
GEO_NR06_2176_0480,0
GEO_NR06_2176_0512,0
GEO_NR06_2176_0544,0
GEO_NR06_2176_0576,0
GEO_NR06_2176_0608,0
GEO_NR06_2176_0640,0
GEO_NR06_2176_0672,0
GEO_NR06_2176_0704,0
GEO_NR06_2176_0800,0
GEO_NR06_2176_0832,0
GEO_NR06_2208_0000,0
GEO_NR06_2208_0192,0
GEO_NR06_2208_0416,0
GEO_NR06_2208_0448,0
GEO_NR06_2208_0480,0
GEO_NR06_2208_0512,0
GEO_NR06_2208_0544,0
GEO_NR06_2208_0576,0
GEO_NR06_2208_0608,0
GEO_NR06_2208_0640,0
GEO_NR06_2208_0672,0
GEO_NR06_2208_1024,0
GEO_NR06_2208_1056,0
GEO_NR06_2240_0064,0
GEO_NR06_2240_0128,0
GEO_NR06_2240_0160,0
GEO_NR06_2240_0192,0
GEO_NR06_2240_0224,0
GEO_NR06_2240_0256,0
GEO_NR06_2240_0384,0
GEO_NR06_2240_0416,0
GEO_NR06_2240_0448,0
GEO_NR06_2240_0480,0
GEO_NR06_2240_0512,0
GEO_NR06_2240_0544,0
GEO_NR06_2240_0576,0
GEO_NR06_2240_0608,0
GEO_NR06_2240_0640,0
GEO_NR06_2240_0672,0
GEO_NR06_2240_0704,0
GEO_NR06_2240_0960,0
GEO_NR06_2240_0992,0
GEO_NR06_2240_1024,0
GEO_NR06_2240_1056,0
GEO_NR06_2272_0096,0
GEO_NR06_2272_0128,0
GEO_NR06_2272_0160,0
GEO_NR06_2272_0192,0
GEO_NR06_2272_0224,0
GEO_NR06_2272_0256,0
GEO_NR06_2272_0288,0
GEO_NR06_2272_0320,0
GEO_NR06_2272_0352,0
GEO_NR06_2272_0384,0
GEO_NR06_2272_0416,0
GEO_NR06_2272_0448,0
GEO_NR06_2272_0480,0
GEO_NR06_2272_0512,0
GEO_NR06_2272_0544,0
GEO_NR06_2272_0576,0
GEO_NR06_2272_0608,0
GEO_NR06_2272_0640,0
GEO_NR06_2272_0672,0
GEO_NR06_2272_0704,0
GEO_NR06_2272_0736,0
GEO_NR06_2272_0992,0
GEO_NR06_2272_1024,0
GEO_NR06_2272_1056,0
GEO_NR06_2304_0096,0
GEO_NR06_2304_0128,0
GEO_NR06_2304_0160,0
GEO_NR06_2304_0192,0
GEO_NR06_2304_0224,0
GEO_NR06_2304_0256,0
GEO_NR06_2304_0288,0
GEO_NR06_2304_0320,0
GEO_NR06_2304_0352,0
GEO_NR06_2304_0384,0
GEO_NR06_2304_0416,0
GEO_NR06_2304_0448,0
GEO_NR06_2304_0480,0
GEO_NR06_2304_0512,0
GEO_NR06_2304_0544,0
GEO_NR06_2304_0576,0
GEO_NR06_2304_0608,0
GEO_NR06_2304_0640,0
GEO_NR06_2304_0672,0
GEO_NR06_2304_0704,0
GEO_NR06_2304_0736,0
GEO_NR06_2304_0768,0
GEO_NR06_2304_1024,0
GEO_NR07_0000_0000,2
GEO_NR07_0000_0032,2
GEO_NR07_0000_0064,2
GEO_NR07_0000_0160,2
GEO_NR07_0000_0192,2
GEO_NR07_0000_0224,2
GEO_NR07_0000_0256,2
GEO_NR07_0000_0288,2
GEO_NR07_0000_0320,2
GEO_NR07_0000_0416,2
GEO_NR07_0000_0512,2
GEO_NR07_0000_0544,2
GEO_NR07_0000_0576,2
GEO_NR07_0000_0608,2
GEO_NR07_0000_0640,2
GEO_NR07_0000_0672,2
GEO_NR07_0000_0704,2
GEO_NR07_0000_0736,2
GEO_NR07_0000_0768,2
GEO_NR07_0000_0800,2
GEO_NR07_0000_0832,2
GEO_NR07_0000_0864,2
GEO_NR07_0000_0896,2
GEO_NR07_0000_0928,2
GEO_NR07_0000_1120,2
GEO_NR07_0000_1152,2
GEO_NR07_0000_1184,2
GEO_NR07_0000_1216,2
GEO_NR07_0000_1280,2
GEO_NR07_0000_1312,2
GEO_NR07_0000_1344,2
GEO_NR07_0000_1376,2
GEO_NR07_0000_1472,2
GEO_NR07_0000_1600,2
GEO_NR07_0000_1632,2
GEO_NR07_0000_1760,2
GEO_NR07_0000_1792,2
GEO_NR07_0000_1824,2
GEO_NR07_0000_1856,2
GEO_NR07_0000_1952,2
GEO_NR07_0000_1984,2
GEO_NR07_0000_2016,2
GEO_NR07_0000_2048,2
GEO_NR07_0000_2080,2
GEO_NR07_0000_2112,2
GEO_NR07_0000_2208,2
GEO_NR07_0000_2240,2
GEO_NR07_0032_0160,2
GEO_NR07_0032_0192,2
GEO_NR07_0032_0224,2
GEO_NR07_0032_0256,2
GEO_NR07_0032_0288,2
GEO_NR07_0032_0320,2
GEO_NR07_0032_0512,2
GEO_NR07_0032_0608,2
GEO_NR07_0032_0640,2
GEO_NR07_0032_0672,2
GEO_NR07_0032_0704,2
GEO_NR07_0032_0736,2
GEO_NR07_0032_0768,2
GEO_NR07_0032_0800,2
GEO_NR07_0032_0832,2
GEO_NR07_0032_0864,2
GEO_NR07_0032_0896,2
GEO_NR07_0032_0960,2
GEO_NR07_0032_0992,2
GEO_NR07_0032_1120,2
GEO_NR07_0032_1152,2
GEO_NR07_0032_1184,2
GEO_NR07_0032_1312,2
GEO_NR07_0032_1344,2
GEO_NR07_0032_1376,2
GEO_NR07_0032_1472,2
GEO_NR07_0032_1888,2
GEO_NR07_0032_1920,2
GEO_NR07_0032_1952,2
GEO_NR07_0032_1984,2
GEO_NR07_0032_2016,2
GEO_NR07_0032_2048,2
GEO_NR07_0032_2208,2
GEO_NR07_0032_2240,2
GEO_NR07_0064_0160,2
GEO_NR07_0064_0192,2
GEO_NR07_0064_0224,2
GEO_NR07_0064_0256,2
GEO_NR07_0064_0288,2
GEO_NR07_0064_0672,2
GEO_NR07_0064_0704,2
GEO_NR07_0064_0736,2
GEO_NR07_0064_0768,2
GEO_NR07_0064_0800,2
GEO_NR07_0064_0832,2
GEO_NR07_0064_0864,2
GEO_NR07_0064_1120,2
GEO_NR07_0064_1280,2
GEO_NR07_0064_1312,2
GEO_NR07_0064_1344,2
GEO_NR07_0064_1472,2
GEO_NR07_0064_1920,2
GEO_NR07_0064_1952,2
GEO_NR07_0064_1984,2
GEO_NR07_0064_2240,2
GEO_NR07_0064_2272,2
GEO_NR07_0096_0096,2
GEO_NR07_0096_0128,2
GEO_NR07_0096_0160,2
GEO_NR07_0096_0192,2
GEO_NR07_0096_0224,2
GEO_NR07_0096_0256,2
GEO_NR07_0096_0288,2
GEO_NR07_0096_0384,1
GEO_NR07_0096_0544,2
GEO_NR07_0096_0672,2
GEO_NR07_0096_0704,2
GEO_NR07_0096_0736,2
GEO_NR07_0096_0768,2
GEO_NR07_0096_0800,2
GEO_NR07_0096_0832,2
GEO_NR07_0096_0864,2
GEO_NR07_0096_0896,2
GEO_NR07_0096_1120,2
GEO_NR07_0096_1280,2
GEO_NR07_0096_1312,2
GEO_NR07_0096_1344,2
GEO_NR07_0096_1440,2
GEO_NR07_0096_1472,2
GEO_NR07_0096_1504,2
GEO_NR07_0096_1728,2
GEO_NR07_0096_1824,2
GEO_NR07_0128_0128,2
GEO_NR07_0128_0288,2
GEO_NR07_0128_0320,2
GEO_NR07_0128_0384,1
GEO_NR07_0128_0480,2
GEO_NR07_0128_0512,2
GEO_NR07_0128_0544,2
GEO_NR07_0128_0576,2
GEO_NR07_0128_0640,2
GEO_NR07_0128_0672,2
GEO_NR07_0128_0704,2
GEO_NR07_0128_0736,2
GEO_NR07_0128_0768,2
GEO_NR07_0128_0800,2
GEO_NR07_0128_0832,2
GEO_NR07_0128_0864,2
GEO_NR07_0128_0896,2
GEO_NR07_0128_0928,2
GEO_NR07_0128_0960,2
GEO_NR07_0128_0992,2
GEO_NR07_0128_1120,2
GEO_NR07_0128_1280,2
GEO_NR07_0128_1312,2
GEO_NR07_0128_1344,2
GEO_NR07_0128_1440,2
GEO_NR07_0128_1472,2
GEO_NR07_0128_1504,2
GEO_NR07_0128_1664,2
GEO_NR07_0128_1696,2
GEO_NR07_0128_1728,2
GEO_NR07_0128_1760,2
GEO_NR07_0128_1792,2
GEO_NR07_0128_1952,2
GEO_NR07_0160_0416,1
GEO_NR07_0160_0480,2
GEO_NR07_0160_0512,2
GEO_NR07_0160_0544,2
GEO_NR07_0160_0576,2
GEO_NR07_0160_0608,2
GEO_NR07_0160_0640,2
GEO_NR07_0160_0672,2
GEO_NR07_0160_0704,2
GEO_NR07_0160_0736,2
GEO_NR07_0160_0768,2
GEO_NR07_0160_0800,2
GEO_NR07_0160_0832,2
GEO_NR07_0160_0864,2
GEO_NR07_0160_0896,2
GEO_NR07_0160_0928,2
GEO_NR07_0160_0960,2
GEO_NR07_0160_0992,2
GEO_NR07_0160_1024,2
GEO_NR07_0160_1280,2
GEO_NR07_0160_1312,2
GEO_NR07_0160_1344,2
GEO_NR07_0160_1472,2
GEO_NR07_0160_1504,2
GEO_NR07_0160_1632,2
GEO_NR07_0160_1664,2
GEO_NR07_0160_1696,2
GEO_NR07_0160_1728,2
GEO_NR07_0160_1952,2
GEO_NR07_0160_1984,2
GEO_NR07_0160_2048,2
GEO_NR07_0160_2144,2
GEO_NR07_0160_2304,2
GEO_NR07_0160_2336,2
GEO_NR07_0192_0544,2
GEO_NR07_0192_0576,2
GEO_NR07_0192_0608,2
GEO_NR07_0192_0640,2
GEO_NR07_0192_0672,2
GEO_NR07_0192_0704,2
GEO_NR07_0192_0736,2
GEO_NR07_0192_0768,2
GEO_NR07_0192_0800,2
GEO_NR07_0192_0832,2
GEO_NR07_0192_0864,2
GEO_NR07_0192_0896,2
GEO_NR07_0192_0928,2
GEO_NR07_0192_0960,2
GEO_NR07_0192_0992,2
GEO_NR07_0192_1024,2
GEO_NR07_0192_1056,2
GEO_NR07_0192_1472,2
GEO_NR07_0192_1504,2
GEO_NR07_0192_1536,2
GEO_NR07_0192_1600,2
GEO_NR07_0192_1632,2
GEO_NR07_0192_1664,2
GEO_NR07_0192_1920,2
GEO_NR07_0192_1952,2
GEO_NR07_0192_1984,2
GEO_NR07_0192_2016,2
GEO_NR07_0192_2048,2
GEO_NR07_0192_2080,2
GEO_NR07_0192_2112,2
GEO_NR07_0192_2144,2
GEO_NR07_0192_2240,2
GEO_NR07_0192_2272,2
GEO_NR07_0192_2304,2
GEO_NR07_0192_2336,2
GEO_NR07_0224_0544,2
GEO_NR07_0224_0576,2
GEO_NR07_0224_0608,2
GEO_NR07_0224_0736,2
GEO_NR07_0224_0768,2
GEO_NR07_0224_0800,2
GEO_NR07_0224_0832,2
GEO_NR07_0224_0864,2
GEO_NR07_0224_0896,2
GEO_NR07_0224_0928,2
GEO_NR07_0224_0960,2
GEO_NR07_0224_0992,2
GEO_NR07_0224_1024,2
GEO_NR07_0224_1056,2
GEO_NR07_0224_1088,2
GEO_NR07_0224_1504,2
GEO_NR07_0224_1536,2
GEO_NR07_0224_1568,2
GEO_NR07_0224_1600,2
GEO_NR07_0224_1632,2
GEO_NR07_0224_1920,2
GEO_NR07_0224_1952,2
GEO_NR07_0224_1984,2
GEO_NR07_0224_2016,2
GEO_NR07_0224_2048,2
GEO_NR07_0224_2080,2
GEO_NR07_0224_2112,2
GEO_NR07_0224_2144,2
GEO_NR07_0224_2176,2
GEO_NR07_0224_2304,2
GEO_NR07_0224_2336,2
GEO_NR07_0256_0544,2
GEO_NR07_0256_0704,2
GEO_NR07_0256_0736,2
GEO_NR07_0256_0768,2
GEO_NR07_0256_0800,2
GEO_NR07_0256_0832,2
GEO_NR07_0256_0864,2
GEO_NR07_0256_0896,2
GEO_NR07_0256_0928,2
GEO_NR07_0256_0960,2
GEO_NR07_0256_0992,2
GEO_NR07_0256_1024,2
GEO_NR07_0256_1056,2
GEO_NR07_0256_1088,2
GEO_NR07_0256_1280,2
GEO_NR07_0256_1760,2
GEO_NR07_0256_1792,2
GEO_NR07_0256_1888,2
GEO_NR07_0256_1920,2
GEO_NR07_0256_1952,2
GEO_NR07_0256_1984,2
GEO_NR07_0256_2016,2
GEO_NR07_0256_2048,2
GEO_NR07_0256_2080,2
GEO_NR07_0256_2112,2
GEO_NR07_0256_2144,2
GEO_NR07_0256_2176,2
GEO_NR07_0256_2208,2
GEO_NR07_0256_2336,2
GEO_NR07_0288_0128,2
GEO_NR07_0288_0160,2
GEO_NR07_0288_0288,2
GEO_NR07_0288_0768,2
GEO_NR07_0288_0800,2
GEO_NR07_0288_0832,2
GEO_NR07_0288_0864,2
GEO_NR07_0288_0896,2
GEO_NR07_0288_0928,2
GEO_NR07_0288_0960,2
GEO_NR07_0288_0992,2
GEO_NR07_0288_1024,2
GEO_NR07_0288_1056,2
GEO_NR07_0288_1088,2
GEO_NR07_0288_1120,2
GEO_NR07_0288_1760,2
GEO_NR07_0288_1792,2
GEO_NR07_0288_1856,2
GEO_NR07_0288_1888,2
GEO_NR07_0288_1920,2
GEO_NR07_0288_1952,2
GEO_NR07_0288_1984,2
GEO_NR07_0288_2336,2
GEO_NR07_0320_0256,2
GEO_NR07_0320_0768,2
GEO_NR07_0320_0800,2
GEO_NR07_0320_0832,2
GEO_NR07_0320_0864,2
GEO_NR07_0320_0896,2
GEO_NR07_0320_0928,2
GEO_NR07_0320_0960,2
GEO_NR07_0320_1024,2
GEO_NR07_0320_1056,2
GEO_NR07_0320_1088,2
GEO_NR07_0320_1216,2
GEO_NR07_0320_1248,2
GEO_NR07_0320_1376,2
GEO_NR07_0320_1408,2
GEO_NR07_0320_1504,2
GEO_NR07_0320_1536,2
GEO_NR07_0320_1568,2
GEO_NR07_0320_1728,2
GEO_NR07_0320_1760,2
GEO_NR07_0320_1792,2
GEO_NR07_0320_1856,2
GEO_NR07_0320_1888,2
GEO_NR07_0320_1920,2
GEO_NR07_0320_1952,2
GEO_NR07_0320_2304,2
GEO_NR07_0320_2336,2
GEO_NR07_0352_0800,2
GEO_NR07_0352_0832,2
GEO_NR07_0352_0864,2
GEO_NR07_0352_0896,2
GEO_NR07_0352_1088,2
GEO_NR07_0352_1216,2
GEO_NR07_0352_1248,2
GEO_NR07_0352_1344,2
GEO_NR07_0352_1376,2
GEO_NR07_0352_1408,2
GEO_NR07_0352_1440,2
GEO_NR07_0352_1472,2
GEO_NR07_0352_1504,2
GEO_NR07_0352_1536,2
GEO_NR07_0352_1568,2
GEO_NR07_0352_1600,2
GEO_NR07_0352_1632,2
GEO_NR07_0352_1664,2
GEO_NR07_0352_1696,2
GEO_NR07_0352_1728,2
GEO_NR07_0352_1760,2
GEO_NR07_0352_1856,2
GEO_NR07_0352_1888,2
GEO_NR07_0352_1920,2
GEO_NR07_0352_2176,2
GEO_NR07_0352_2304,2
GEO_NR07_0352_2336,2
GEO_NR07_0384_0320,2
GEO_NR07_0384_0352,2
GEO_NR07_0384_0704,2
GEO_NR07_0384_0736,2
GEO_NR07_0384_0800,2
GEO_NR07_0384_0832,2
GEO_NR07_0384_0864,2
GEO_NR07_0384_0896,2
GEO_NR07_0384_1088,2
GEO_NR07_0384_1120,2
GEO_NR07_0384_1152,2
GEO_NR07_0384_1184,2
GEO_NR07_0384_1216,2
GEO_NR07_0384_1248,2
GEO_NR07_0384_1344,2
GEO_NR07_0384_1472,2
GEO_NR07_0384_1504,2
GEO_NR07_0384_1536,2
GEO_NR07_0384_1568,2
GEO_NR07_0384_1600,2
GEO_NR07_0384_1632,2
GEO_NR07_0384_1664,2
GEO_NR07_0384_1696,2
GEO_NR07_0384_1728,2
GEO_NR07_0384_1856,2
GEO_NR07_0384_2048,2
GEO_NR07_0384_2144,2
GEO_NR07_0384_2176,2
GEO_NR07_0384_2304,2
GEO_NR07_0384_2336,2
GEO_NR07_0416_0320,2
GEO_NR07_0416_0608,2
GEO_NR07_0416_0704,2
GEO_NR07_0416_0736,2
GEO_NR07_0416_0768,2
GEO_NR07_0416_0800,2
GEO_NR07_0416_0832,2
GEO_NR07_0416_0864,2
GEO_NR07_0416_0896,2
GEO_NR07_0416_1056,2
GEO_NR07_0416_1088,2
GEO_NR07_0416_1120,2
GEO_NR07_0416_1504,2
GEO_NR07_0416_1536,2
GEO_NR07_0416_1568,2
GEO_NR07_0416_1600,2
GEO_NR07_0416_1632,2
GEO_NR07_0416_1664,2
GEO_NR07_0416_1696,2
GEO_NR07_0416_1728,2
GEO_NR07_0416_2048,2
GEO_NR07_0416_2144,2
GEO_NR07_0416_2304,2
GEO_NR07_0448_0640,2
GEO_NR07_0448_0672,2
GEO_NR07_0448_0704,2
GEO_NR07_0448_0736,2
GEO_NR07_0448_0768,2
GEO_NR07_0448_0800,2
GEO_NR07_0448_1056,2
GEO_NR07_0448_1088,2
GEO_NR07_0448_1376,2
GEO_NR07_0448_1408,2
GEO_NR07_0448_1440,2
GEO_NR07_0448_1472,2
GEO_NR07_0448_1504,2
GEO_NR07_0448_1536,2
GEO_NR07_0448_1600,2
GEO_NR07_0448_1632,2
GEO_NR07_0448_1664,2
GEO_NR07_0448_1696,2
GEO_NR07_0448_1728,2
GEO_NR07_0448_1760,2
GEO_NR07_0448_1792,2
GEO_NR07_0480_0000,2
GEO_NR07_0480_0032,2
GEO_NR07_0480_0064,2
GEO_NR07_0480_0096,2
GEO_NR07_0480_0128,2
GEO_NR07_0480_0224,1
GEO_NR07_0480_0256,1
GEO_NR07_0480_0736,2
GEO_NR07_0480_0768,2
GEO_NR07_0480_0800,2
GEO_NR07_0480_1376,2
GEO_NR07_0480_1408,2
GEO_NR07_0480_1440,2
GEO_NR07_0480_1472,2
GEO_NR07_0480_1504,2
GEO_NR07_0480_1536,2
GEO_NR07_0480_1568,2
GEO_NR07_0480_1600,2
GEO_NR07_0480_1632,2
GEO_NR07_0480_1696,2
GEO_NR07_0480_1728,2
GEO_NR07_0480_1760,2
GEO_NR07_0480_1792,2
GEO_NR07_0512_0000,2
GEO_NR07_0512_0032,2
GEO_NR07_0512_0064,2
GEO_NR07_0512_0096,2
GEO_NR07_0512_0128,2
GEO_NR07_0512_0768,2
GEO_NR07_0512_0960,2
GEO_NR07_0512_1344,2
GEO_NR07_0512_1376,2
GEO_NR07_0512_1408,2
GEO_NR07_0512_1440,2
GEO_NR07_0512_1472,2
GEO_NR07_0512_1504,2
GEO_NR07_0512_1536,2
GEO_NR07_0512_1568,2
GEO_NR07_0512_1696,2
GEO_NR07_0512_1728,2
GEO_NR07_0512_1760,2
GEO_NR07_0544_0512,2
GEO_NR07_0544_0544,2
GEO_NR07_0544_0768,2
GEO_NR07_0544_0928,2
GEO_NR07_0544_0960,2
GEO_NR07_0544_1440,2
GEO_NR07_0544_1472,2
GEO_NR07_0544_1504,2
GEO_NR07_0544_1536,2
GEO_NR07_0544_1696,2
GEO_NR07_0544_1728,2
GEO_NR07_0544_1760,2
GEO_NR07_0544_1792,2
GEO_NR07_0544_1824,2
GEO_NR07_0544_1856,2
GEO_NR07_0544_2304,2
GEO_NR07_0544_2336,2
GEO_NR07_0576_0416,2
GEO_NR07_0576_0448,2
GEO_NR07_0576_0480,2
GEO_NR07_0576_0512,2
GEO_NR07_0576_0640,2
GEO_NR07_0576_0672,2
GEO_NR07_0576_0768,2
GEO_NR07_0576_0800,2
GEO_NR07_0576_1312,2
GEO_NR07_0576_1536,2
GEO_NR07_0576_1568,2
GEO_NR07_0576_1760,2
GEO_NR07_0576_1792,2
GEO_NR07_0576_1824,2
GEO_NR07_0576_1856,2
GEO_NR07_0576_2176,2
GEO_NR07_0576_2208,2
GEO_NR07_0576_2240,2
GEO_NR07_0576_2272,2
GEO_NR07_0576_2304,2
GEO_NR07_0576_2336,2
GEO_NR07_0608_0480,2
GEO_NR07_0608_0512,2
GEO_NR07_0608_0672,2
GEO_NR07_0608_0704,2
GEO_NR07_0608_0736,2
GEO_NR07_0608_0768,2
GEO_NR07_0608_0800,2
GEO_NR07_0608_0832,2
GEO_NR07_0608_1024,2
GEO_NR07_0608_1312,2
GEO_NR07_0608_1344,2
GEO_NR07_0608_1568,2
GEO_NR07_0608_1792,2
GEO_NR07_0608_1824,2
GEO_NR07_0608_1856,2
GEO_NR07_0608_1984,2
GEO_NR07_0608_2016,2
GEO_NR07_0608_2048,2
GEO_NR07_0608_2176,2
GEO_NR07_0608_2208,2
GEO_NR07_0608_2240,2
GEO_NR07_0608_2272,2
GEO_NR07_0608_2336,2
GEO_NR07_0640_0032,1
GEO_NR07_0640_0512,2
GEO_NR07_0640_0544,2
GEO_NR07_0640_0576,2
GEO_NR07_0640_0640,2
GEO_NR07_0640_0672,2
GEO_NR07_0640_0704,2
GEO_NR07_0640_0736,2
GEO_NR07_0640_0768,2
GEO_NR07_0640_0800,2
GEO_NR07_0640_0832,2
GEO_NR07_0640_0864,2
GEO_NR07_0640_1344,2
GEO_NR07_0640_1376,2
GEO_NR07_0640_1408,2
GEO_NR07_0640_1440,2
GEO_NR07_0640_1824,2
GEO_NR07_0640_1856,2
GEO_NR07_0640_1888,2
GEO_NR07_0640_1920,2
GEO_NR07_0640_1952,2
GEO_NR07_0640_1984,2
GEO_NR07_0640_2016,2
GEO_NR07_0640_2048,2
GEO_NR07_0640_2080,2
GEO_NR07_0640_2112,2
GEO_NR07_0640_2144,2
GEO_NR07_0640_2176,2
GEO_NR07_0640_2208,2
GEO_NR07_0640_2240,2
GEO_NR07_0640_2336,2
GEO_NR07_0672_0000,1
GEO_NR07_0672_0032,1
GEO_NR07_0672_0544,2
GEO_NR07_0672_0576,2
GEO_NR07_0672_0608,2
GEO_NR07_0672_0640,2
GEO_NR07_0672_0672,2
GEO_NR07_0672_0704,2
GEO_NR07_0672_0736,2
GEO_NR07_0672_0768,2
GEO_NR07_0672_1408,2
GEO_NR07_0672_1440,2
GEO_NR07_0672_1472,2
GEO_NR07_0672_1504,2
GEO_NR07_0672_1664,2
GEO_NR07_0672_1824,2
GEO_NR07_0672_1856,2
GEO_NR07_0672_1888,2
GEO_NR07_0672_1920,2
GEO_NR07_0672_1952,2
GEO_NR07_0672_1984,2
GEO_NR07_0672_2016,2
GEO_NR07_0672_2048,2
GEO_NR07_0672_2080,2
GEO_NR07_0672_2112,2
GEO_NR07_0704_0064,2
GEO_NR07_0704_0096,2
GEO_NR07_0704_0544,2
GEO_NR07_0704_0672,2
GEO_NR07_0704_0704,2
GEO_NR07_0704_0736,2
GEO_NR07_0704_1408,2
GEO_NR07_0704_1440,2
GEO_NR07_0704_1472,2
GEO_NR07_0704_1504,2
GEO_NR07_0704_1824,2
GEO_NR07_0704_1856,2
GEO_NR07_0704_1952,2
GEO_NR07_0704_1984,2
GEO_NR07_0736_0000,2
GEO_NR07_0736_0032,2
GEO_NR07_0736_0064,2
GEO_NR07_0736_0096,2
GEO_NR07_0736_0128,2
GEO_NR07_0736_0160,2
GEO_NR07_0736_0672,2
GEO_NR07_0736_0704,2
GEO_NR07_0736_0864,1
GEO_NR07_0736_0896,1
GEO_NR07_0736_0928,1
GEO_NR07_0736_1376,2
GEO_NR07_0736_1408,2
GEO_NR07_0736_1440,2
GEO_NR07_0736_1472,2
GEO_NR07_0736_1824,2
GEO_NR07_0736_1856,2
GEO_NR07_0736_1952,2
GEO_NR07_0736_1984,2
GEO_NR07_0736_2144,2
GEO_NR07_0736_2176,2
GEO_NR07_0736_2208,2
GEO_NR07_0768_0000,2
GEO_NR07_0768_0032,2
GEO_NR07_0768_0064,2
GEO_NR07_0768_0096,2
GEO_NR07_0768_0128,2
GEO_NR07_0768_0160,2
GEO_NR07_0768_0288,2
GEO_NR07_0768_0320,2
GEO_NR07_0768_0672,2
GEO_NR07_0768_1344,2
GEO_NR07_0768_1376,2
GEO_NR07_0768_1408,2
GEO_NR07_0768_1824,2
GEO_NR07_0768_1856,2
GEO_NR07_0768_1888,2
GEO_NR07_0768_1920,2
GEO_NR07_0768_1952,2
GEO_NR07_0768_2080,2
GEO_NR07_0768_2112,2
GEO_NR07_0768_2144,2
GEO_NR07_0800_0000,2
GEO_NR07_0800_0064,2
GEO_NR07_0800_0096,2
GEO_NR07_0800_0128,2
GEO_NR07_0800_0320,2
GEO_NR07_0800_1280,2
GEO_NR07_0800_1312,2
GEO_NR07_0800_1408,2
GEO_NR07_0800_1856,2
GEO_NR07_0800_1888,2
GEO_NR07_0800_2048,2
GEO_NR07_0800_2080,2
GEO_NR07_0800_2112,2
GEO_NR07_0800_2336,2
GEO_NR07_0832_0000,2
GEO_NR07_0832_0032,2
GEO_NR07_0832_0064,2
GEO_NR07_0832_0096,2
GEO_NR07_0832_0128,2
GEO_NR07_0832_0416,2
GEO_NR07_0832_0448,2
GEO_NR07_0832_1024,2
GEO_NR07_0832_1056,2
GEO_NR07_0832_1088,2
GEO_NR07_0832_1120,2
GEO_NR07_0832_1696,2
GEO_NR07_0832_1728,2
GEO_NR07_0832_2080,2
GEO_NR07_0832_2240,2
GEO_NR07_0832_2272,2
GEO_NR07_0864_0000,2
GEO_NR07_0864_0032,2
GEO_NR07_0864_0064,2
GEO_NR07_0864_0096,2
GEO_NR07_0864_0128,2
GEO_NR07_0864_0160,2
GEO_NR07_0864_0192,2
GEO_NR07_0864_0416,2
GEO_NR07_0864_0448,2
GEO_NR07_0864_0480,2
GEO_NR07_0864_0544,2
GEO_NR07_0864_0576,2
GEO_NR07_0864_0608,2
GEO_NR07_0864_0800,2
GEO_NR07_0864_1024,2
GEO_NR07_0864_1056,2
GEO_NR07_0864_1088,2
GEO_NR07_0864_1920,2
GEO_NR07_0864_1952,2
GEO_NR07_0864_2208,2
GEO_NR07_0896_0000,2
GEO_NR07_0896_0032,2
GEO_NR07_0896_0064,2
GEO_NR07_0896_0096,2
GEO_NR07_0896_0128,2
GEO_NR07_0896_0160,2
GEO_NR07_0896_0192,2
GEO_NR07_0896_0224,2
GEO_NR07_0896_0256,2
GEO_NR07_0896_0288,2
GEO_NR07_0896_0320,2
GEO_NR07_0896_0384,2
GEO_NR07_0896_0416,2
GEO_NR07_0896_0448,2
GEO_NR07_0896_0480,2
GEO_NR07_0896_0512,2
GEO_NR07_0896_0544,2
GEO_NR07_0896_0576,2
GEO_NR07_0896_0608,2
GEO_NR07_0896_0800,2
GEO_NR07_0896_0832,2
GEO_NR07_0896_1056,2
GEO_NR07_0896_1088,2
GEO_NR07_0896_1472,2
GEO_NR07_0896_2176,2
GEO_NR07_0928_0000,2
GEO_NR07_0928_0032,2
GEO_NR07_0928_0064,2
GEO_NR07_0928_0096,2
GEO_NR07_0928_0128,2
GEO_NR07_0928_0160,2
GEO_NR07_0928_0192,2
GEO_NR07_0928_0224,2
GEO_NR07_0928_0256,2
GEO_NR07_0928_0288,2
GEO_NR07_0928_0320,2
GEO_NR07_0928_0352,2
GEO_NR07_0928_0384,2
GEO_NR07_0928_0416,2
GEO_NR07_0928_0448,2
GEO_NR07_0928_0480,2
GEO_NR07_0928_0512,2
GEO_NR07_0928_0608,2
GEO_NR07_0928_0672,2
GEO_NR07_0928_1056,2
GEO_NR07_0928_1440,2
GEO_NR07_0928_1632,2
GEO_NR07_0928_1664,2
GEO_NR07_0928_2144,2
GEO_NR07_0928_2176,2
GEO_NR07_0960_0000,2
GEO_NR07_0960_0032,2
GEO_NR07_0960_0064,2
GEO_NR07_0960_0096,2
GEO_NR07_0960_0128,2
GEO_NR07_0960_0160,2
GEO_NR07_0960_0192,2
GEO_NR07_0960_0224,2
GEO_NR07_0960_0288,2
GEO_NR07_0960_0320,2
GEO_NR07_0960_0352,2
GEO_NR07_0960_0384,2
GEO_NR07_0960_0416,2
GEO_NR07_0960_0448,2
GEO_NR07_0960_0480,2
GEO_NR07_0960_0512,2
GEO_NR07_0960_0608,2
GEO_NR07_0960_0672,2
GEO_NR07_0960_0768,2
GEO_NR07_0960_0800,2
GEO_NR07_0960_0832,2
GEO_NR07_0960_1024,2
GEO_NR07_0960_1248,1
GEO_NR07_0960_1280,1
GEO_NR07_0960_1312,1
GEO_NR07_0960_1632,2
GEO_NR07_0960_2208,2
GEO_NR07_0992_0000,2
GEO_NR07_0992_0032,2
GEO_NR07_0992_0064,2
GEO_NR07_0992_0096,2
GEO_NR07_0992_0128,2
GEO_NR07_0992_0160,2
GEO_NR07_0992_0192,2
GEO_NR07_0992_0224,2
GEO_NR07_0992_0256,2
GEO_NR07_0992_0288,2
GEO_NR07_0992_0320,2
GEO_NR07_0992_0352,2
GEO_NR07_0992_0384,2
GEO_NR07_0992_0416,2
GEO_NR07_0992_0448,2
GEO_NR07_0992_0480,2
GEO_NR07_0992_0512,2
GEO_NR07_0992_0672,2
GEO_NR07_0992_0768,2
GEO_NR07_0992_0800,2
GEO_NR07_0992_0832,2
GEO_NR07_0992_0864,2
GEO_NR07_0992_0896,2
GEO_NR07_0992_0992,2
GEO_NR07_0992_1024,2
GEO_NR07_0992_1216,1
GEO_NR07_0992_1248,1
GEO_NR07_1024_0000,2
GEO_NR07_1024_0032,2
GEO_NR07_1024_0064,2
GEO_NR07_1024_0096,2
GEO_NR07_1024_0160,2
GEO_NR07_1024_0192,2
GEO_NR07_1024_0224,2
GEO_NR07_1024_0256,2
GEO_NR07_1024_0288,2
GEO_NR07_1024_0320,2
GEO_NR07_1024_0352,2
GEO_NR07_1024_0384,2
GEO_NR07_1024_0416,2
GEO_NR07_1024_0448,2
GEO_NR07_1024_0480,2
GEO_NR07_1024_0512,2
GEO_NR07_1024_0544,2
GEO_NR07_1024_0576,2
GEO_NR07_1024_0608,2
GEO_NR07_1024_0640,2
GEO_NR07_1024_0672,2
GEO_NR07_1024_0768,2
GEO_NR07_1024_0800,2
GEO_NR07_1024_0832,2
GEO_NR07_1024_0864,2
GEO_NR07_1024_0896,2
GEO_NR07_1024_1248,1
GEO_NR07_1024_1536,2
GEO_NR07_1056_0000,2
GEO_NR07_1056_0032,2
GEO_NR07_1056_0064,2
GEO_NR07_1056_0096,2
GEO_NR07_1056_0128,2
GEO_NR07_1056_0160,2
GEO_NR07_1056_0192,2
GEO_NR07_1056_0224,2
GEO_NR07_1056_0256,2
GEO_NR07_1056_0288,2
GEO_NR07_1056_0320,2
GEO_NR07_1056_0352,2
GEO_NR07_1056_0384,2
GEO_NR07_1056_0416,2
GEO_NR07_1056_0448,2
GEO_NR07_1056_0480,2
GEO_NR07_1056_0512,2
GEO_NR07_1056_0544,2
GEO_NR07_1056_0576,2
GEO_NR07_1056_0608,2
GEO_NR07_1056_0640,2
GEO_NR07_1056_0672,2
GEO_NR07_1056_0768,2
GEO_NR07_1056_0800,2
GEO_NR07_1056_0896,2
GEO_NR07_1056_1248,1
GEO_NR07_1056_1664,1
GEO_NR07_1088_0000,2
GEO_NR07_1088_0032,2
GEO_NR07_1088_0064,2
GEO_NR07_1088_0096,2
GEO_NR07_1088_0128,2
GEO_NR07_1088_0160,2
GEO_NR07_1088_0192,2
GEO_NR07_1088_0224,2
GEO_NR07_1088_0256,2
GEO_NR07_1088_0288,2
GEO_NR07_1088_0320,2
GEO_NR07_1088_0352,2
GEO_NR07_1088_0384,2
GEO_NR07_1088_0416,2
GEO_NR07_1088_0448,2
GEO_NR07_1088_0480,2
GEO_NR07_1088_0512,2
GEO_NR07_1088_0544,2
GEO_NR07_1088_0576,2
GEO_NR07_1088_0608,2
GEO_NR07_1088_0640,2
GEO_NR07_1088_0672,2
GEO_NR07_1088_0704,2
GEO_NR07_1088_0768,2
GEO_NR07_1088_0800,2
GEO_NR07_1088_0832,2
GEO_NR07_1088_0864,2
GEO_NR07_1088_0896,2
GEO_NR07_1088_0928,2
GEO_NR07_1088_1472,1
GEO_NR07_1088_1504,1
GEO_NR07_1120_0000,2
GEO_NR07_1120_0032,2
GEO_NR07_1120_0064,2
GEO_NR07_1120_0096,2
GEO_NR07_1120_0128,2
GEO_NR07_1120_0160,2
GEO_NR07_1120_0192,2
GEO_NR07_1120_0224,2
GEO_NR07_1120_0256,2
GEO_NR07_1120_0288,2
GEO_NR07_1120_0320,2
GEO_NR07_1120_0352,2
GEO_NR07_1120_0384,2
GEO_NR07_1120_0416,2
GEO_NR07_1120_0448,2
GEO_NR07_1120_0480,2
GEO_NR07_1120_0512,2
GEO_NR07_1120_0544,2
GEO_NR07_1120_0576,2
GEO_NR07_1120_0608,2
GEO_NR07_1120_0640,2
GEO_NR07_1120_0672,2
GEO_NR07_1120_0704,2
GEO_NR07_1120_0800,2
GEO_NR07_1120_0832,2
GEO_NR07_1120_0864,2
GEO_NR07_1120_0896,2
GEO_NR07_1120_0928,2
GEO_NR07_1120_1504,1
GEO_NR07_1120_1600,2
GEO_NR07_1120_1632,2
GEO_NR07_1152_0000,2
GEO_NR07_1152_0032,2
GEO_NR07_1152_0064,2
GEO_NR07_1152_0096,2
GEO_NR07_1152_0128,2
GEO_NR07_1152_0160,2
GEO_NR07_1152_0192,2
GEO_NR07_1152_0224,2
GEO_NR07_1152_0256,2
GEO_NR07_1152_0288,2
GEO_NR07_1152_0320,2
GEO_NR07_1152_0352,2
GEO_NR07_1152_0384,2
GEO_NR07_1152_0416,2
GEO_NR07_1152_0448,2
GEO_NR07_1152_0480,2
GEO_NR07_1152_0512,2
GEO_NR07_1152_0608,2
GEO_NR07_1152_0640,2
GEO_NR07_1152_0672,2
GEO_NR07_1152_0704,2
GEO_NR07_1152_0864,2
GEO_NR07_1152_1536,1
GEO_NR07_1152_1632,2
GEO_NR07_1152_1664,2
GEO_NR07_1184_0000,2
GEO_NR07_1184_0032,2
GEO_NR07_1184_0064,2
GEO_NR07_1184_0096,2
GEO_NR07_1184_0128,2
GEO_NR07_1184_0160,2
GEO_NR07_1184_0192,2
GEO_NR07_1184_0224,2
GEO_NR07_1184_0256,2
GEO_NR07_1184_0288,2
GEO_NR07_1184_0320,2
GEO_NR07_1184_0352,2
GEO_NR07_1184_0384,2
GEO_NR07_1184_0416,2
GEO_NR07_1184_0448,2
GEO_NR07_1184_0544,2
GEO_NR07_1184_0576,2
GEO_NR07_1184_0608,2
GEO_NR07_1184_0640,2
GEO_NR07_1184_0672,2
GEO_NR07_1184_0704,2
GEO_NR07_1184_0736,2
GEO_NR07_1184_0768,2
GEO_NR07_1184_1632,2
GEO_NR07_1184_1664,2
GEO_NR07_1216_0000,2
GEO_NR07_1216_0032,2
GEO_NR07_1216_0064,2
GEO_NR07_1216_0096,2
GEO_NR07_1216_0160,2
GEO_NR07_1216_0192,2
GEO_NR07_1216_0224,2
GEO_NR07_1216_0256,2
GEO_NR07_1216_0288,2
GEO_NR07_1216_0320,2
GEO_NR07_1216_0352,2
GEO_NR07_1216_0384,2
GEO_NR07_1216_0416,2
GEO_NR07_1216_0448,2
GEO_NR07_1216_0512,2
GEO_NR07_1216_0544,2
GEO_NR07_1216_0576,2
GEO_NR07_1216_0608,2
GEO_NR07_1216_0640,2
GEO_NR07_1216_0672,2
GEO_NR07_1216_0704,2
GEO_NR07_1216_0736,2
GEO_NR07_1216_0800,2
GEO_NR07_1216_1216,2
GEO_NR07_1216_1632,2
GEO_NR07_1216_1664,2
GEO_NR07_1248_0000,2
GEO_NR07_1248_0032,2
GEO_NR07_1248_0064,2
GEO_NR07_1248_0096,2
GEO_NR07_1248_0128,2
GEO_NR07_1248_0160,2
GEO_NR07_1248_0192,2
GEO_NR07_1248_0224,2
GEO_NR07_1248_0256,2
GEO_NR07_1248_0288,2
GEO_NR07_1248_0320,2
GEO_NR07_1248_0352,2
GEO_NR07_1248_0384,2
GEO_NR07_1248_0416,2
GEO_NR07_1248_0448,2
GEO_NR07_1248_0480,2
GEO_NR07_1248_0512,2
GEO_NR07_1248_0544,2
GEO_NR07_1248_0576,2
GEO_NR07_1248_0608,2
GEO_NR07_1248_0640,2
GEO_NR07_1248_0672,2
GEO_NR07_1248_0704,2
GEO_NR07_1248_1632,2
GEO_NR07_1280_0000,2
GEO_NR07_1280_0032,2
GEO_NR07_1280_0064,2
GEO_NR07_1280_0096,2
GEO_NR07_1280_0128,2
GEO_NR07_1280_0160,2
GEO_NR07_1280_0192,2
GEO_NR07_1280_0224,2
GEO_NR07_1280_0256,2
GEO_NR07_1280_0288,2
GEO_NR07_1280_0384,2
GEO_NR07_1280_0416,2
GEO_NR07_1280_0448,2
GEO_NR07_1280_0480,2
GEO_NR07_1280_0512,2
GEO_NR07_1280_0544,2
GEO_NR07_1280_0576,2
GEO_NR07_1280_0608,2
GEO_NR07_1280_0704,2
GEO_NR07_1280_0832,2
GEO_NR07_1280_1088,0
GEO_NR07_1280_1120,0
GEO_NR07_1312_0000,2
GEO_NR07_1312_0096,2
GEO_NR07_1312_0128,2
GEO_NR07_1312_0160,2
GEO_NR07_1312_0192,2
GEO_NR07_1312_0224,2
GEO_NR07_1312_0288,2
GEO_NR07_1312_0384,2
GEO_NR07_1312_0416,2
GEO_NR07_1312_0448,2
GEO_NR07_1312_0480,2
GEO_NR07_1312_0512,2
GEO_NR07_1312_0544,2
GEO_NR07_1312_0576,2
GEO_NR07_1312_0608,2
GEO_NR07_1312_0704,2
GEO_NR07_1312_0736,2
GEO_NR07_1312_0832,2
GEO_NR07_1312_1024,0
GEO_NR07_1312_1056,0
GEO_NR07_1312_1088,0
GEO_NR07_1312_1120,0
GEO_NR07_1312_1280,1
GEO_NR07_1312_1376,1
GEO_NR07_1344_0000,2
GEO_NR07_1344_0096,2
GEO_NR07_1344_0128,2
GEO_NR07_1344_0160,2
GEO_NR07_1344_0192,2
GEO_NR07_1344_0224,2
GEO_NR07_1344_0256,2
GEO_NR07_1344_0288,2
GEO_NR07_1344_0320,2
GEO_NR07_1344_0352,2
GEO_NR07_1344_0384,2
GEO_NR07_1344_0416,2
GEO_NR07_1344_0448,2
GEO_NR07_1344_0480,2
GEO_NR07_1344_0512,2
GEO_NR07_1344_0544,2
GEO_NR07_1344_0576,2
GEO_NR07_1344_0608,2
GEO_NR07_1344_0672,2
GEO_NR07_1344_0704,2
GEO_NR07_1344_0736,2
GEO_NR07_1344_0832,2
GEO_NR07_1344_0864,2
GEO_NR07_1344_1056,0
GEO_NR07_1344_1088,0
GEO_NR07_1344_1120,0
GEO_NR07_1344_1568,0
GEO_NR07_1344_1600,0
GEO_NR07_1376_0192,2
GEO_NR07_1376_0224,2
GEO_NR07_1376_0256,2
GEO_NR07_1376_0288,2
GEO_NR07_1376_0320,2
GEO_NR07_1376_0352,2
GEO_NR07_1376_0384,2
GEO_NR07_1376_0416,2
GEO_NR07_1376_0448,2
GEO_NR07_1376_0480,2
GEO_NR07_1376_0512,2
GEO_NR07_1376_0544,2
GEO_NR07_1376_0576,2
GEO_NR07_1376_0608,2
GEO_NR07_1376_0640,2
GEO_NR07_1376_0672,2
GEO_NR07_1376_0704,2
GEO_NR07_1376_0864,2
GEO_NR07_1376_1024,0
GEO_NR07_1376_1056,0
GEO_NR07_1376_1088,0
GEO_NR07_1376_1120,0
GEO_NR07_1376_1152,0
GEO_NR07_1376_1472,0
GEO_NR07_1376_1504,0
GEO_NR07_1376_2208,0
GEO_NR07_1408_0224,2
GEO_NR07_1408_0256,2
GEO_NR07_1408_0288,2
GEO_NR07_1408_0320,2
GEO_NR07_1408_0352,2
GEO_NR07_1408_0384,2
GEO_NR07_1408_0416,2
GEO_NR07_1408_0448,2
GEO_NR07_1408_0480,2
GEO_NR07_1408_0512,2
GEO_NR07_1408_0544,2
GEO_NR07_1408_0640,2
GEO_NR07_1408_0672,2
GEO_NR07_1408_0704,2
GEO_NR07_1408_0864,2
GEO_NR07_1408_1056,0
GEO_NR07_1408_1088,0
GEO_NR07_1408_1472,0
GEO_NR07_1408_1504,0
GEO_NR07_1408_2240,0
GEO_NR07_1440_0224,2
GEO_NR07_1440_0256,2
GEO_NR07_1440_0288,2
GEO_NR07_1440_0320,2
GEO_NR07_1440_0352,2
GEO_NR07_1440_0384,2
GEO_NR07_1440_0416,2
GEO_NR07_1440_0448,2
GEO_NR07_1440_0480,2
GEO_NR07_1440_0512,2
GEO_NR07_1440_0544,2
GEO_NR07_1440_0640,2
GEO_NR07_1440_0672,2
GEO_NR07_1440_0704,2
GEO_NR07_1440_1440,0
GEO_NR07_1440_1472,0
GEO_NR07_1440_2240,0
GEO_NR07_1440_2272,0
GEO_NR07_1472_0224,2
GEO_NR07_1472_0256,2
GEO_NR07_1472_0288,2
GEO_NR07_1472_0320,2
GEO_NR07_1472_0352,2
GEO_NR07_1472_0384,2
GEO_NR07_1472_0416,2
GEO_NR07_1472_0448,2
GEO_NR07_1472_0480,2
GEO_NR07_1472_0512,2
GEO_NR07_1472_0544,2
GEO_NR07_1472_0640,2
GEO_NR07_1472_0672,2
GEO_NR07_1472_0704,2
GEO_NR07_1472_0800,1
GEO_NR07_1472_1440,0
GEO_NR07_1472_2240,0
GEO_NR07_1472_2272,0
GEO_NR07_1504_0192,2
GEO_NR07_1504_0224,2
GEO_NR07_1504_0256,2
GEO_NR07_1504_0288,2
GEO_NR07_1504_0320,2
GEO_NR07_1504_0352,2
GEO_NR07_1504_0384,2
GEO_NR07_1504_0416,2
GEO_NR07_1504_0448,2
GEO_NR07_1504_0480,2
GEO_NR07_1504_0512,2
GEO_NR07_1504_0544,2
GEO_NR07_1504_0640,2
GEO_NR07_1504_0672,2
GEO_NR07_1504_0704,2
GEO_NR07_1504_0800,1
GEO_NR07_1504_1248,0
GEO_NR07_1504_1632,0
GEO_NR07_1504_1664,0
GEO_NR07_1504_1696,0
GEO_NR07_1504_1728,0
GEO_NR07_1504_2112,0
GEO_NR07_1504_2240,0
GEO_NR07_1504_2272,0
GEO_NR07_1536_0224,2
GEO_NR07_1536_0256,2
GEO_NR07_1536_0288,2
GEO_NR07_1536_0320,2
GEO_NR07_1536_0352,2
GEO_NR07_1536_0384,2
GEO_NR07_1536_0416,2
GEO_NR07_1536_0448,2
GEO_NR07_1536_0480,2
GEO_NR07_1536_0512,2
GEO_NR07_1536_0544,2
GEO_NR07_1536_0576,2
GEO_NR07_1536_0608,2
GEO_NR07_1536_0640,2
GEO_NR07_1536_0672,2
GEO_NR07_1536_0704,2
GEO_NR07_1536_1248,0
GEO_NR07_1536_1440,0
GEO_NR07_1536_1632,0
GEO_NR07_1536_1728,0
GEO_NR07_1536_2112,0
GEO_NR07_1536_2240,0
GEO_NR07_1536_2272,0
GEO_NR07_1568_0320,2
GEO_NR07_1568_0352,2
GEO_NR07_1568_0384,2
GEO_NR07_1568_0416,2
GEO_NR07_1568_0448,2
GEO_NR07_1568_0480,2
GEO_NR07_1568_0512,2
GEO_NR07_1568_0544,2
GEO_NR07_1568_0576,2
GEO_NR07_1568_0608,2
GEO_NR07_1568_0640,2
GEO_NR07_1568_0672,2
GEO_NR07_1568_1216,0
GEO_NR07_1568_1248,0
GEO_NR07_1568_1952,0
GEO_NR07_1568_2112,0
GEO_NR07_1600_0352,2
GEO_NR07_1600_0384,2
GEO_NR07_1600_0416,2
GEO_NR07_1600_0448,2
GEO_NR07_1600_0480,2
GEO_NR07_1600_0512,2
GEO_NR07_1600_0544,2
GEO_NR07_1600_0576,2
GEO_NR07_1600_0608,2
GEO_NR07_1600_0640,2
GEO_NR07_1600_0672,2
GEO_NR07_1600_1216,0
GEO_NR07_1600_1248,0
GEO_NR07_1600_1664,0
GEO_NR07_1600_1760,0
GEO_NR07_1600_1792,0
GEO_NR07_1600_1824,0
GEO_NR07_1600_1856,0
GEO_NR07_1600_1888,0
GEO_NR07_1600_1920,0
GEO_NR07_1600_1952,0
GEO_NR07_1600_2112,0
GEO_NR07_1632_0384,2
GEO_NR07_1632_0416,2
GEO_NR07_1632_0448,2
GEO_NR07_1632_0544,2
GEO_NR07_1632_0576,2
GEO_NR07_1632_0608,2
GEO_NR07_1632_0640,2
GEO_NR07_1632_0672,2
GEO_NR07_1632_1472,2
GEO_NR07_1632_1504,2
GEO_NR07_1632_1760,0
GEO_NR07_1632_1792,0
GEO_NR07_1632_1824,0
GEO_NR07_1632_2272,1
GEO_NR07_1664_0544,2
GEO_NR07_1664_0576,2
GEO_NR07_1664_0608,2
GEO_NR07_1664_0640,2
GEO_NR07_1664_0672,2
GEO_NR07_1664_0736,1
GEO_NR07_1664_1344,2
GEO_NR07_1664_1792,0
GEO_NR07_1664_1824,0
GEO_NR07_1696_0224,2
GEO_NR07_1696_0576,2
GEO_NR07_1696_0608,2
GEO_NR07_1696_0640,2
GEO_NR07_1696_0672,2
GEO_NR07_1696_1344,2
GEO_NR07_1696_2336,0
GEO_NR07_1728_0192,2
GEO_NR07_1728_0224,2
GEO_NR07_1728_0608,2
GEO_NR07_1728_0992,2
GEO_NR07_1728_1280,2
GEO_NR07_1728_1312,2
GEO_NR07_1728_1344,2
GEO_NR07_1728_1376,2
GEO_NR07_1760_0608,2
GEO_NR07_1760_0640,2
GEO_NR07_1760_1280,2
GEO_NR07_1760_2208,2
GEO_NR07_1760_2240,2
GEO_NR07_1760_2336,0
GEO_NR07_1792_0224,2
GEO_NR07_1792_0256,2
GEO_NR07_1792_0288,2
GEO_NR07_1792_0384,2
GEO_NR07_1792_0640,2
GEO_NR07_1792_0736,2
GEO_NR07_1792_0768,2
GEO_NR07_1792_1088,2
GEO_NR07_1792_1248,2
GEO_NR07_1792_1280,2
GEO_NR07_1792_1632,0
GEO_NR07_1792_2208,2
GEO_NR07_1792_2336,0
GEO_NR07_1824_0352,2
GEO_NR07_1824_0384,2
GEO_NR07_1824_0768,2
GEO_NR07_1824_0800,2
GEO_NR07_1824_1088,2
GEO_NR07_1824_1120,2
GEO_NR07_1824_1216,2
GEO_NR07_1824_1248,2
GEO_NR07_1824_1280,2
GEO_NR07_1824_1536,0
GEO_NR07_1856_0000,1
GEO_NR07_1856_0640,2
GEO_NR07_1856_0768,2
GEO_NR07_1856_0800,2
GEO_NR07_1856_0832,2
GEO_NR07_1856_1120,2
GEO_NR07_1856_1152,2
GEO_NR07_1856_1536,0
GEO_NR07_1856_1984,0
GEO_NR07_1888_0640,2
GEO_NR07_1888_0768,2
GEO_NR07_1888_0800,2
GEO_NR07_1888_0832,2
GEO_NR07_1888_1152,2
GEO_NR07_1920_0800,2
GEO_NR07_1920_0832,2
GEO_NR07_1920_0864,2
GEO_NR07_1920_1152,2
GEO_NR07_1920_1536,0
GEO_NR07_1952_0864,2
GEO_NR07_1952_1248,2
GEO_NR07_1952_1280,2
GEO_NR07_1984_1184,2
GEO_NR07_1984_1216,2
GEO_NR07_1984_1248,2
GEO_NR07_1984_1888,0
GEO_NR07_2048_0800,2
GEO_NR07_2048_1376,2
GEO_NR07_2048_1408,2
GEO_NR07_2048_1440,2
GEO_NR07_2048_1696,2
GEO_NR07_2080_0320,1
GEO_NR07_2080_0512,2
GEO_NR07_2080_0768,2
GEO_NR07_2080_1600,2
GEO_NR07_2080_2336,2
GEO_NR07_2112_0512,2
GEO_NR07_2112_0544,2
GEO_NR07_2112_1504,0
GEO_NR07_2112_1888,0
GEO_NR07_2112_1920,0
GEO_NR07_2112_2336,2
GEO_NR07_2144_0064,1
GEO_NR07_2144_0544,2
GEO_NR07_2144_1504,0
GEO_NR07_2144_1920,0
GEO_NR07_2144_1952,0
GEO_NR07_2144_2304,2
GEO_NR07_2144_2336,2
GEO_NR07_2176_0160,2
GEO_NR07_2176_0192,2
GEO_NR07_2176_0416,1
GEO_NR07_2176_0512,2
GEO_NR07_2176_0544,2
GEO_NR07_2176_0576,2
GEO_NR07_2176_1504,0
GEO_NR07_2176_2304,2
GEO_NR07_2176_2336,2
GEO_NR07_2208_0160,2
GEO_NR07_2208_0192,2
GEO_NR07_2208_0224,2
GEO_NR07_2208_0416,1
GEO_NR07_2208_0512,2
GEO_NR07_2208_0544,2
GEO_NR07_2208_0576,2
GEO_NR07_2208_1024,2
GEO_NR07_2208_2048,2
GEO_NR07_2208_2080,2
GEO_NR07_2208_2112,2
GEO_NR07_2208_2144,2
GEO_NR07_2208_2336,2
GEO_NR07_2240_0192,2
GEO_NR07_2240_0512,2
GEO_NR07_2240_0544,2
GEO_NR07_2240_0576,2
GEO_NR07_2240_0768,2
GEO_NR07_2240_0800,2
GEO_NR07_2240_1024,2
GEO_NR07_2240_1056,2
GEO_NR07_2240_2080,2
GEO_NR07_2240_2112,2
GEO_NR07_2240_2144,2
GEO_NR07_2240_2336,2
GEO_NR07_2272_0320,1
GEO_NR07_2272_0352,1
GEO_NR07_2272_0544,2
GEO_NR07_2272_0576,2
GEO_NR07_2272_0672,2
GEO_NR07_2272_1024,2
GEO_NR07_2272_1056,2
GEO_NR07_2272_1504,0
GEO_NR07_2272_1856,1
GEO_NR07_2272_2144,2
GEO_NR07_2272_2176,2
GEO_NR07_2272_2304,2
GEO_NR07_2272_2336,2
GEO_NR07_2304_0352,1
GEO_NR07_2304_0384,1
GEO_NR07_2304_0512,2
GEO_NR07_2304_0544,2
GEO_NR07_2304_0576,2
GEO_NR07_2304_1120,1
GEO_NR07_2304_1152,1
GEO_NR07_2304_1856,1
GEO_NR07_2304_2176,2
GEO_NR07_2304_2272,2
GEO_NR07_2304_2304,2
GEO_NR07_2304_2336,2
GEO_NR07_2336_0000,2
GEO_NR07_2336_0096,1
GEO_NR07_2336_0128,1
GEO_NR07_2336_0512,2
GEO_NR07_2336_0544,2
GEO_NR07_2336_0704,2
GEO_NR07_2336_0736,2
GEO_NR07_2336_0768,2
GEO_NR07_2336_0800,2
GEO_NR07_2336_0832,2
GEO_NR07_2336_0864,2
GEO_NR07_2336_1152,1
GEO_NR07_2336_1184,1
GEO_NR07_2336_1216,1
GEO_NR07_2336_1376,1
GEO_NR07_2336_1408,1
GEO_NR07_2336_1952,2
GEO_NR07_2336_1984,2
GEO_NR07_2336_2176,2
GEO_NR07_2336_2272,2
GEO_NR07_2336_2336,2
